Order_ID,Order_Date,Shipment_ID,Shipment_Date,Tax_Calculated_Date (UTC),Posted_Date,Marketplace,Merchant_ID,Fulfillment,ASIN,TS01,Transaction_Type,Tax_Collection_Model,Tax_Collection_Responsible_Party,Product_Tax_Code,Quantity,Currency,Buyer_Exemption_Code,Buyer_Exemption_Domain,Buyer_Exemption_Certificate_Id,Display_Price,Display_Price_Tax_Inclusive,TaxExclusive_Selling_Price,Total_Tax,Total_Tax_Collected_By_Amazon,Financial_Component,Ship_From_City,Ship_From_State,Ship_From_Country,Ship_From_Postal_Code,Ship_From_Tax_Location_Code,Ship_To_City,Ship_To_State,Ship_To_Country,Ship_To_Postal_Code,Ship_To_Location_Code,Taxed_Location_Code,Tax_Address_Role,Jurisdiction_Level,Jurisdiction_Name,Display_Promo_Amount,Display_Promo_Tax_Inclusive,isPromoApplied,postPromoTaxableBasis,prePromoTaxableBasis,Promo_Amount_Basis,Promo_ID_Domain,promoAmountTax,Promotion_Identifier,Promo_Rule_Reason_Code,Promo_Tax_Price_Type,Tax_Amount,Tax_Amount_Collected_By_Amazon,Taxed_Jurisdiction_Tax_Rate,Tax_Category,Tax_Type,Tax_Calculation_Reason_Code,NonTaxable_Amount,Taxable_Amount
,,,,2024-04-01+12:42:53,2024-04-01+00:00,Amazon.com,,AFN,,,SHIPMENT,MarketplaceFacilitator,Amazon,,1,USD,,,,0.75,FALSE,0.75,0,0,,,NJ,,,310150000,WEST CHESTER,PA,US,,390290000,390290000,ShipTo,State,PA,,,Y,0,0,-0.75,PromotionIdAndCouponCode,0,,Self Funded,ReductionInTaxableBasis,,0,0.06,Tax,Sales and Use Tax,Taxable,0,0
,,,,2024-04-01+12:42:53,2024-04-01+00:00,Amazon.com,,AFN,,,SHIPMENT,MarketplaceFacilitator,Amazon,,1,USD,,,,0.75,FALSE,0.75,,,,,NJ,,,310150000,WEST CHESTER,PA,US,,390290000,390290000,ShipTo,City,NOT APPLICABLE,,,Y,0,0,-0.75,PromotionIdAndCouponCode,0,,Self Funded,ReductionInTaxableBasis,,0,0,Tax,,NonTaxable,0,0
,,,,2024-04-01+12:42:53,2024-04-01+00:00,Amazon.com,,AFN,,,SHIPMENT,MarketplaceFacilitator,Amazon,,1,USD,,,,0.75,FALSE,0.75,,,,,NJ,,,310150000,WEST CHESTER,PA,US,,390290000,390290000,ShipTo,County,NOT APPLICABLE,,,Y,0,0,-0.75,PromotionIdAndCouponCode,0,,Self Funded,ReductionInTaxableBasis,,0,0,Tax,,NonTaxable,0,0
,,,,2024-04-01+12:42:53,2024-04-01+00:00,Amazon.com,,AFN,,,SHIPMENT,MarketplaceFacilitator,Amazon,,1,USD,,,,0.75,FALSE,0.75,,,,,NJ,,,310150000,WEST CHESTER,PA,US,,390290000,390290000,ShipTo,District,NOT APPLICABLE,,,Y,0,0,-0.75,PromotionIdAndCouponCode,0,,Self Funded,ReductionInTaxableBasis,,0,0,Tax,,NonTaxable,0,0
,,,,2024-04-01+12:42:53,2024-04-01+00:00,Amazon.com,,AFN,,,SHIPMENT,MarketplaceFacilitator,Amazon,,1,USD,,,,13.08,FALSE,13.08,0,0.78,,,NJ,,,310150000,WEST CHESTER,PA,US,,390290000,390290000,ShipTo,State,PA,,,,,,,,,,,,,0.78,0.06,Tax,Sales and Use Tax,Taxable,0,13.08
,,,,2024-04-01+12:42:53,2024-04-01+00:00,Amazon.com,,AFN,,,SHIPMENT,MarketplaceFacilitator,Amazon,,1,USD,,,,13.08,FALSE,13.08,,,,,NJ,,,310150000,WEST CHESTER,PA,US,,390290000,390290000,ShipTo,City,NOT APPLICABLE,,,,,,,,,,,,,0,0,Tax,,ZeroRated,13.08,0
,,,,2024-04-01+12:42:53,2024-04-01+00:00,Amazon.com,,AFN,,,SHIPMENT,MarketplaceFacilitator,Amazon,,1,USD,,,,13.08,FALSE,13.08,,,,,NJ,,,310150000,WEST CHESTER,PA,US,,390290000,390290000,ShipTo,County,NOT APPLICABLE,,,,,,,,,,,,,0,0,Tax,,ZeroRated,13.08,0
,,,,2024-04-01+12:42:53,2024-04-01+00:00,Amazon.com,,AFN,,,SHIPMENT,MarketplaceFacilitator,Amazon,,1,USD,,,,13.08,FALSE,13.08,,,,,NJ,,,310150000,WEST CHESTER,PA,US,,390290000,390290000,ShipTo,District,NOT APPLICABLE,,,,,,,,,,,,,0,0,Tax,,ZeroRated,13.08,0
,,,,2024-04-01+14:14:21,2024-04-01+00:00,Amazon.com,,AFN,,,SHIPMENT,MarketplaceFacilitator,Amazon,,1,USD,,,,13.08,FALSE,13.08,0,1.34,,,CA,,,470590000,LANCASTER,CA,US,,050371710,050371710,ShipTo,State,CA,,,,,,,,,,,,,0.78,0.06,Tax,Sales and Use Tax,Taxable,0,13.08
,,,,2024-04-01+14:14:21,2024-04-01+00:00,Amazon.com,,AFN,,,SHIPMENT,MarketplaceFacilitator,Amazon,,1,USD,,,,13.08,FALSE,13.08,,,,,CA,,,470590000,LANCASTER,CA,US,,050371710,050371710,ShipTo,City,NOT APPLICABLE,,,,,,,,,,,,,0,0,Tax,,ZeroRated,13.08,0
,,,,2024-04-01+14:14:21,2024-04-01+00:00,Amazon.com,,AFN,,,SHIPMENT,MarketplaceFacilitator,Amazon,,1,USD,,,,13.08,FALSE,13.08,,,,,CA,,,470590000,LANCASTER,CA,US,,050371710,050371710,ShipTo,County,LOS ANGELES,,,,,,,,,,,,,0.16,0.0125,Tax,Local Sales and Use Tax,Taxable,0,13.08
,,,,2024-04-01+14:14:21,2024-04-01+00:00,Amazon.com,,AFN,,,SHIPMENT,MarketplaceFacilitator,Amazon,,1,USD,,,,13.08,FALSE,13.08,,,,,CA,,,470590000,LANCASTER,CA,US,,050371710,050371710,ShipTo,District,MEASURE H TRANSACTIONS AND USE TAX (LACH),,,,,,,,,,,,,0.03,0.0025,Tax,Local Sales and Use Tax,Taxable,0,13.08
,,,,2024-04-01+14:14:21,2024-04-01+00:00,Amazon.com,,AFN,,,SHIPMENT,MarketplaceFacilitator,Amazon,,1,USD,,,,13.08,FALSE,13.08,,,,,CA,,,470590000,LANCASTER,CA,US,,050371710,050371710,ShipTo,District,METROPOLITAN TRANSIT DISTRICT (LAMT),,,,,,,,,,,,,0.07,0.005,Tax,Local Sales and Use Tax,Taxable,0,13.08
,,,,2024-04-01+14:14:21,2024-04-01+00:00,Amazon.com,,AFN,,,SHIPMENT,MarketplaceFacilitator,Amazon,,1,USD,,,,13.08,FALSE,13.08,,,,,CA,,,470590000,LANCASTER,CA,US,,050371710,050371710,ShipTo,District,TRANSACTIONS AND USE TAX (LAMA),,,,,,,,,,,,,0.06,0.005,Tax,Local Sales and Use Tax,Taxable,0,13.08
,,,,2024-04-01+14:14:21,2024-04-01+00:00,Amazon.com,,AFN,,,SHIPMENT,MarketplaceFacilitator,Amazon,,1,USD,,,,13.08,FALSE,13.08,,,,,CA,,,470590000,LANCASTER,CA,US,,050371710,050371710,ShipTo,District,TRANSACTIONS AND USE TAX (LCTU),,,,,,,,,,,,,0.1,0.0075,Tax,Local Sales and Use Tax,Taxable,0,13.08
,,,,2024-04-01+14:14:21,2024-04-01+00:00,Amazon.com,,AFN,,,SHIPMENT,MarketplaceFacilitator,Amazon,,1,USD,,,,13.08,FALSE,13.08,,,,,CA,,,470590000,LANCASTER,CA,US,,050371710,050371710,ShipTo,District,TRANSIT DISTRICT (LACT),,,,,,,,,,,,,0.07,0.005,Tax,Local Sales and Use Tax,Taxable,0,13.08
,,,,2024-04-01+14:14:21,2024-04-01+00:00,Amazon.com,,AFN,,,SHIPMENT,MarketplaceFacilitator,Amazon,,1,USD,,,,13.08,FALSE,13.08,,,,,CA,,,470590000,LANCASTER,CA,US,,050371710,050371710,ShipTo,District,TRANSPORTATION COMMISSION (LATC),,,,,,,,,,,,,0.07,0.005,Tax,Local Sales and Use Tax,Taxable,0,13.08
,,,,2024-04-01+04:22:46,2024-04-01+00:00,Amazon.com,,AFN,,,SHIPMENT,MarketplaceFacilitator,Amazon,,1,USD,,,,13.08,FALSE,13.08,0,0.78,,,FL,,,100950000,Naples,FL,US,,100210000,100210000,ShipTo,State,FL,,,,,,,,,,,,,0.78,0.06,Tax,Sales and Use Tax,Taxable,0,13.08
,,,,2024-04-01+04:22:46,2024-04-01+00:00,Amazon.com,,AFN,,,SHIPMENT,MarketplaceFacilitator,Amazon,,1,USD,,,,13.08,FALSE,13.08,,,,,FL,,,100950000,Naples,FL,US,,100210000,100210000,ShipTo,City,NOT APPLICABLE,,,,,,,,,,,,,0,0,Tax,,ZeroRated,13.08,0
,,,,2024-04-01+04:22:46,2024-04-01+00:00,Amazon.com,,AFN,,,SHIPMENT,MarketplaceFacilitator,Amazon,,1,USD,,,,13.08,FALSE,13.08,,,,,FL,,,100950000,Naples,FL,US,,100210000,100210000,ShipTo,County,NOT APPLICABLE,,,,,,,,,,,,,0,0,Tax,,ZeroRated,13.08,0
,,,,2024-04-01+04:22:46,2024-04-01+00:00,Amazon.com,,AFN,,,SHIPMENT,MarketplaceFacilitator,Amazon,,1,USD,,,,13.08,FALSE,13.08,,,,,FL,,,100950000,Naples,FL,US,,100210000,100210000,ShipTo,District,NOT APPLICABLE,,,,,,,,,,,,,0,0,Tax,,ZeroRated,13.08,0
,,,,2024-04-01+14:56:29,2024-04-01+00:00,Amazon.com,,AFN,,,SHIPMENT,MarketplaceFacilitator,Amazon,,1,USD,,,,13.08,FALSE,13.08,0,0.95,,,WI,,,500790810,STOCKTON,IL,US,,140850000,140850000,ShipTo,State,IL,,,,,,,,,,,,,0.82,0.0625,Tax,Retailers'/Service Occupation and Use/Service Use Tax,Taxable,0,13.08
,,,,2024-04-01+14:56:29,2024-04-01+00:00,Amazon.com,,AFN,,,SHIPMENT,MarketplaceFacilitator,Amazon,,1,USD,,,,13.08,FALSE,13.08,,,,,WI,,,500790810,STOCKTON,IL,US,,140850000,140850000,ShipTo,City,NOT APPLICABLE,,,,,,,,,,,,,0,0,Tax,,ZeroRated,13.08,0
,,,,2024-04-01+14:56:29,2024-04-01+00:00,Amazon.com,,AFN,,,SHIPMENT,MarketplaceFacilitator,Amazon,,1,USD,,,,13.08,FALSE,13.08,,,,,WI,,,500790810,STOCKTON,IL,US,,140850000,140850000,ShipTo,County,JO DAVIESS,,,,,,,,,,,,,0.13,0.01,Tax,Local Sales Tax,Taxable,0,13.08
,,,,2024-04-01+14:56:29,2024-04-01+00:00,Amazon.com,,AFN,,,SHIPMENT,MarketplaceFacilitator,Amazon,,1,USD,,,,13.08,FALSE,13.08,,,,,WI,,,500790810,STOCKTON,IL,US,,140850000,140850000,ShipTo,District,NOT APPLICABLE,,,,,,,,,,,,,0,0,Tax,,ZeroRated,13.08,0
,,,,2024-04-01+15:43:43,2024-04-02+00:00,Amazon.com,,AFN,,,SHIPMENT,MarketplaceFacilitator,Amazon,,1,USD,,,,13.08,FALSE,13.08,0,1.28,,,TN,,,431570560,WHITE HOUSE,TN,US,,431652042,431652042,ShipTo,State,TN,,,,,,,,,,,,,0.92,0.07,Tax,Sales and Use Tax,Taxable,0,13.08
,,,,2024-04-01+15:43:43,2024-04-02+00:00,Amazon.com,,AFN,,,SHIPMENT,MarketplaceFacilitator,Amazon,,1,USD,,,,13.08,FALSE,13.08,,,,,TN,,,431570560,WHITE HOUSE,TN,US,,431652042,431652042,ShipTo,State,TN,,,,,,,,,,,,,0,0,Tax,State Single Article Tax,NonTaxable,13.08,0
,,,,2024-04-01+15:43:43,2024-04-02+00:00,Amazon.com,,AFN,,,SHIPMENT,MarketplaceFacilitator,Amazon,,1,USD,,,,13.08,FALSE,13.08,,,,,TN,,,431570560,WHITE HOUSE,TN,US,,431652042,431652042,ShipTo,City,WHITE HOUSE,,,,,,,,,,,,,0.07,0.005,Tax,Local Sales and Use Tax,Taxable,0,13.08
,,,,2024-04-01+15:43:43,2024-04-02+00:00,Amazon.com,,AFN,,,SHIPMENT,MarketplaceFacilitator,Amazon,,1,USD,,,,13.08,FALSE,13.08,,,,,TN,,,431570560,WHITE HOUSE,TN,US,,431652042,431652042,ShipTo,County,SUMNER,,,,,,,,,,,,,0.29,0.0225,Tax,Local Sales and Use Tax,Taxable,0,13.08
,,,,2024-04-01+15:43:43,2024-04-02+00:00,Amazon.com,,AFN,,,SHIPMENT,MarketplaceFacilitator,Amazon,,1,USD,,,,13.08,FALSE,13.08,,,,,TN,,,431570560,WHITE HOUSE,TN,US,,431652042,431652042,ShipTo,District,NOT APPLICABLE,,,,,,,,,,,,,0,0,Tax,,ZeroRated,13.08,0
,,,,2024-04-01+16:33:36,2024-04-02+00:00,Amazon.com,,AFN,,,SHIPMENT,Standard,Seller,A_GEN_NOTAX,1,USD,,,,13.08,FALSE,13.08,0,0,,,NJ,,,310150000,Wilmington,DE,US,,080030000,080030000,ShipTo,State,DE,,,,,,,,,,,,0,,0,Tax,Occupation Use Tax / No Sales or Use Tax Imposed,NonTaxable,13.08,0
,,,,2024-04-01+16:33:36,2024-04-02+00:00,Amazon.com,,AFN,,,SHIPMENT,Standard,Seller,A_GEN_NOTAX,1,USD,,,,13.08,FALSE,13.08,,,,,NJ,,,310150000,Wilmington,DE,US,,080030000,080030000,ShipTo,City,NOT APPLICABLE,,,,,,,,,,,,0,,0,Tax,,ZeroRated,13.08,0
,,,,2024-04-01+16:33:36,2024-04-02+00:00,Amazon.com,,AFN,,,SHIPMENT,Standard,Seller,A_GEN_NOTAX,1,USD,,,,13.08,FALSE,13.08,,,,,NJ,,,310150000,Wilmington,DE,US,,080030000,080030000,ShipTo,County,NOT APPLICABLE,,,,,,,,,,,,0,,0,Tax,,ZeroRated,13.08,0
,,,,2024-04-01+16:33:36,2024-04-02+00:00,Amazon.com,,AFN,,,SHIPMENT,Standard,Seller,A_GEN_NOTAX,1,USD,,,,13.08,FALSE,13.08,,,,,NJ,,,310150000,Wilmington,DE,US,,080030000,080030000,ShipTo,District,NOT APPLICABLE,,,,,,,,,,,,0,,0,Tax,,ZeroRated,13.08,0
,,,,2024-04-01+16:33:36,2024-04-02+00:00,Amazon.com,,AFN,,,SHIPMENT,Standard,Seller,A_GEN_NOTAX,1,USD,,,,0.75,FALSE,0.75,0,0,,,NJ,,,310150000,Wilmington,DE,US,,080030000,080030000,ShipTo,State,DE,,,Y,0,0,-0.75,PromotionIdAndCouponCode,0,,Self Funded,ReductionInTaxableBasis,0,,0,Tax,Occupation Use Tax / No Sales or Use Tax Imposed,NonTaxable,0,0
,,,,2024-04-01+16:33:36,2024-04-02+00:00,Amazon.com,,AFN,,,SHIPMENT,Standard,Seller,A_GEN_NOTAX,1,USD,,,,0.75,FALSE,0.75,,,,,NJ,,,310150000,Wilmington,DE,US,,080030000,080030000,ShipTo,City,NOT APPLICABLE,,,Y,0,0,-0.75,PromotionIdAndCouponCode,0,,Self Funded,ReductionInTaxableBasis,0,,0,Tax,,NonTaxable,0,0
,,,,2024-04-01+16:33:36,2024-04-02+00:00,Amazon.com,,AFN,,,SHIPMENT,Standard,Seller,A_GEN_NOTAX,1,USD,,,,0.75,FALSE,0.75,,,,,NJ,,,310150000,Wilmington,DE,US,,080030000,080030000,ShipTo,County,NOT APPLICABLE,,,Y,0,0,-0.75,PromotionIdAndCouponCode,0,,Self Funded,ReductionInTaxableBasis,0,,0,Tax,,NonTaxable,0,0
,,,,2024-04-01+16:33:36,2024-04-02+00:00,Amazon.com,,AFN,,,SHIPMENT,Standard,Seller,A_GEN_NOTAX,1,USD,,,,0.75,FALSE,0.75,,,,,NJ,,,310150000,Wilmington,DE,US,,080030000,080030000,ShipTo,District,NOT APPLICABLE,,,Y,0,0,-0.75,PromotionIdAndCouponCode,0,,Self Funded,ReductionInTaxableBasis,0,,0,Tax,,NonTaxable,0,0
,,,,2024-04-01+15:35:13,2024-04-02+00:00,Amazon.com,,AFN,,,SHIPMENT,MarketplaceFacilitator,Amazon,,1,USD,,,,13.08,FALSE,13.08,0,0.96,,,SD,,,420990180,FAIRMONT,MN,US,,240910360,240910360,ShipTo,State,MN,,,,,,,,,,,,,0.89,0.06875,Tax,General Sales and Use Tax,Taxable,0,13.08
,,,,2024-04-01+15:35:13,2024-04-02+00:00,Amazon.com,,AFN,,,SHIPMENT,MarketplaceFacilitator,Amazon,,1,USD,,,,13.08,FALSE,13.08,,,,,SD,,,420990180,FAIRMONT,MN,US,,240910360,240910360,ShipTo,City,FAIRMONT,,,,,,,,,,,,,0.07,0.005,Tax,Local Sales and Use Tax,Taxable,0,13.08
,,,,2024-04-01+15:35:13,2024-04-02+00:00,Amazon.com,,AFN,,,SHIPMENT,MarketplaceFacilitator,Amazon,,1,USD,,,,13.08,FALSE,13.08,,,,,SD,,,420990180,FAIRMONT,MN,US,,240910360,240910360,ShipTo,County,NOT APPLICABLE,,,,,,,,,,,,,0,0,Tax,,ZeroRated,13.08,0
,,,,2024-04-01+15:35:13,2024-04-02+00:00,Amazon.com,,AFN,,,SHIPMENT,MarketplaceFacilitator,Amazon,,1,USD,,,,13.08,FALSE,13.08,,,,,SD,,,420990180,FAIRMONT,MN,US,,240910360,240910360,ShipTo,District,NOT APPLICABLE,,,,,,,,,,,,,0,0,Tax,,ZeroRated,13.08,0
,,,,2024-04-01+18:02:41,2024-04-02+00:00,Amazon.com,,AFN,,,SHIPMENT,MarketplaceFacilitator,Amazon,,1,USD,,,,13.08,FALSE,13.08,0,0.78,,,DE,,,080030000,PHILADELPHIA,PA,US,,391013000,391013000,ShipTo,State,PA,,,,,,,,,,,,,0.78,0.06,Tax,Sales and Use Tax,Taxable,0,13.08
,,,,2024-04-01+18:02:41,2024-04-02+00:00,Amazon.com,,AFN,,,SHIPMENT,MarketplaceFacilitator,Amazon,,1,USD,,,,13.08,FALSE,13.08,,,,,DE,,,080030000,PHILADELPHIA,PA,US,,391013000,391013000,ShipTo,City,NOT APPLICABLE,,,,,,,,,,,,,0,0,Tax,,ZeroRated,13.08,0
,,,,2024-04-01+18:02:41,2024-04-02+00:00,Amazon.com,,AFN,,,SHIPMENT,MarketplaceFacilitator,Amazon,,1,USD,,,,13.08,FALSE,13.08,,,,,DE,,,080030000,PHILADELPHIA,PA,US,,391013000,391013000,ShipTo,County,NOT APPLICABLE,,,,,,,,,,,,,0,0,Tax,,ZeroRated,13.08,0
,,,,2024-04-01+18:02:41,2024-04-02+00:00,Amazon.com,,AFN,,,SHIPMENT,MarketplaceFacilitator,Amazon,,1,USD,,,,13.08,FALSE,13.08,,,,,DE,,,080030000,PHILADELPHIA,PA,US,,391013000,391013000,ShipTo,District,NOT APPLICABLE,,,,,,,,,,,,,0,0,Tax,,ZeroRated,13.08,0
,,,,2024-04-02+00:00:35,2024-04-02+00:00,Amazon.com,,AFN,,,SHIPMENT,MarketplaceFacilitator,Amazon,,1,USD,,,,13.08,FALSE,13.08,0,0.79,,,MD,,,215100040,LUSBY,MD,US,,210090000,210090000,ShipTo,State,MD,,,,,,,,,,,,,0.79,0.06,Tax,Sales and Use Tax,Taxable,0,13.08
,,,,2024-04-02+00:00:35,2024-04-02+00:00,Amazon.com,,AFN,,,SHIPMENT,MarketplaceFacilitator,Amazon,,1,USD,,,,13.08,FALSE,13.08,,,,,MD,,,215100040,LUSBY,MD,US,,210090000,210090000,ShipTo,City,NOT APPLICABLE,,,,,,,,,,,,,0,0,Tax,,ZeroRated,13.08,0
,,,,2024-04-02+00:00:35,2024-04-02+00:00,Amazon.com,,AFN,,,SHIPMENT,MarketplaceFacilitator,Amazon,,1,USD,,,,13.08,FALSE,13.08,,,,,MD,,,215100040,LUSBY,MD,US,,210090000,210090000,ShipTo,County,NOT APPLICABLE,,,,,,,,,,,,,0,0,Tax,,ZeroRated,13.08,0
,,,,2024-04-02+00:00:35,2024-04-02+00:00,Amazon.com,,AFN,,,SHIPMENT,MarketplaceFacilitator,Amazon,,1,USD,,,,13.08,FALSE,13.08,,,,,MD,,,215100040,LUSBY,MD,US,,210090000,210090000,ShipTo,District,NOT APPLICABLE,,,,,,,,,,,,,0,0,Tax,,ZeroRated,13.08,0
,,,,2024-04-02+07:35:45,2024-04-02+00:00,Amazon.com,,AFN,,,SHIPMENT,MarketplaceFacilitator,Amazon,,1,USD,,,,13.08,FALSE,13.08,0,0.65,,,WI,,,500590480,RACINE,WI,US,,501014075,501014075,ShipTo,State,WI,,,,,,,,,,,,,0.65,0.05,Tax,General Sales and Use Tax,Taxable,0,13.08
,,,,2024-04-02+07:35:45,2024-04-02+00:00,Amazon.com,,AFN,,,SHIPMENT,MarketplaceFacilitator,Amazon,,1,USD,,,,13.08,FALSE,13.08,,,,,WI,,,500590480,RACINE,WI,US,,501014075,501014075,ShipTo,City,NOT APPLICABLE,,,,,,,,,,,,,0,0,Tax,,ZeroRated,13.08,0
,,,,2024-04-02+07:35:45,2024-04-02+00:00,Amazon.com,,AFN,,,SHIPMENT,MarketplaceFacilitator,Amazon,,1,USD,,,,13.08,FALSE,13.08,,,,,WI,,,500590480,RACINE,WI,US,,501014075,501014075,ShipTo,County,NOT APPLICABLE,,,,,,,,,,,,,0,0,Tax,,ZeroRated,13.08,0
,,,,2024-04-02+07:35:45,2024-04-02+00:00,Amazon.com,,AFN,,,SHIPMENT,MarketplaceFacilitator,Amazon,,1,USD,,,,13.08,FALSE,13.08,,,,,WI,,,500590480,RACINE,WI,US,,501014075,501014075,ShipTo,District,NOT APPLICABLE,,,,,,,,,,,,,0,0,Tax,,ZeroRated,13.08,0
,,,,2024-04-02+07:35:45,2024-04-02+00:00,Amazon.com,,AFN,,,SHIPMENT,MarketplaceFacilitator,Amazon,,1,USD,,,,1.5,FALSE,1.5,0,0,,,WI,,,500590480,RACINE,WI,US,,501014075,501014075,ShipTo,State,WI,,,Y,0,0,-1.5,PromotionIdAndCouponCode,0,,Self Funded,ReductionInTaxableBasis,,0,0.05,Tax,General Sales and Use Tax,Taxable,0,0
,,,,2024-04-02+07:35:45,2024-04-02+00:00,Amazon.com,,AFN,,,SHIPMENT,MarketplaceFacilitator,Amazon,,1,USD,,,,1.5,FALSE,1.5,,,,,WI,,,500590480,RACINE,WI,US,,501014075,501014075,ShipTo,City,NOT APPLICABLE,,,Y,0,0,-1.5,PromotionIdAndCouponCode,0,,Self Funded,ReductionInTaxableBasis,,0,0,Tax,,NonTaxable,0,0
,,,,2024-04-02+07:35:45,2024-04-02+00:00,Amazon.com,,AFN,,,SHIPMENT,MarketplaceFacilitator,Amazon,,1,USD,,,,1.5,FALSE,1.5,,,,,WI,,,500590480,RACINE,WI,US,,501014075,501014075,ShipTo,County,NOT APPLICABLE,,,Y,0,0,-1.5,PromotionIdAndCouponCode,0,,Self Funded,ReductionInTaxableBasis,,0,0,Tax,,NonTaxable,0,0
,,,,2024-04-02+07:35:45,2024-04-02+00:00,Amazon.com,,AFN,,,SHIPMENT,MarketplaceFacilitator,Amazon,,1,USD,,,,1.5,FALSE,1.5,,,,,WI,,,500590480,RACINE,WI,US,,501014075,501014075,ShipTo,District,NOT APPLICABLE,,,Y,0,0,-1.5,PromotionIdAndCouponCode,0,,Self Funded,ReductionInTaxableBasis,,0,0,Tax,,NonTaxable,0,0
,,,,2024-04-02+00:23:07,2024-04-02+00:00,Amazon.com,,AFN,,,SHIPMENT,MarketplaceFacilitator,Amazon,,1,USD,,,,13.08,FALSE,13.08,0,0.92,,,GA,,,110730000,OCALA,FL,US,,100830000,100830000,ShipTo,State,FL,,,,,,,,,,,,,0.79,0.06,Tax,Sales and Use Tax,Taxable,0,13.08
,,,,2024-04-02+00:23:07,2024-04-02+00:00,Amazon.com,,AFN,,,SHIPMENT,MarketplaceFacilitator,Amazon,,1,USD,,,,13.08,FALSE,13.08,,,,,GA,,,110730000,OCALA,FL,US,,100830000,100830000,ShipTo,City,NOT APPLICABLE,,,,,,,,,,,,,0,0,Tax,,ZeroRated,13.08,0
,,,,2024-04-02+00:23:07,2024-04-02+00:00,Amazon.com,,AFN,,,SHIPMENT,MarketplaceFacilitator,Amazon,,1,USD,,,,13.08,FALSE,13.08,,,,,GA,,,110730000,OCALA,FL,US,,100830000,100830000,ShipTo,County,MARION,,,,,,,,,,,,,0.13,0.01,Tax,Local Sales and Use Tax (Discretionary Sales Surtax),Taxable,0,13.08
,,,,2024-04-02+00:23:07,2024-04-02+00:00,Amazon.com,,AFN,,,SHIPMENT,MarketplaceFacilitator,Amazon,,1,USD,,,,13.08,FALSE,13.08,,,,,GA,,,110730000,OCALA,FL,US,,100830000,100830000,ShipTo,District,NOT APPLICABLE,,,,,,,,,,,,,0,0,Tax,,ZeroRated,13.08,0
,,,,2024-04-01+21:33:17,2024-04-02+00:00,Amazon.com,,AFN,,,SHIPMENT,MarketplaceFacilitator,Amazon,,1,USD,,,,13.08,FALSE,13.08,0,0.72,,,WI,,,500790810,EDGAR,WI,US,,500730000,500730000,ShipTo,State,WI,,,,,,,,,,,,,0.65,0.05,Tax,General Sales and Use Tax,Taxable,0,13.08
,,,,2024-04-01+21:33:17,2024-04-02+00:00,Amazon.com,,AFN,,,SHIPMENT,MarketplaceFacilitator,Amazon,,1,USD,,,,13.08,FALSE,13.08,,,,,WI,,,500790810,EDGAR,WI,US,,500730000,500730000,ShipTo,City,NOT APPLICABLE,,,,,,,,,,,,,0,0,Tax,,ZeroRated,13.08,0
,,,,2024-04-01+21:33:17,2024-04-02+00:00,Amazon.com,,AFN,,,SHIPMENT,MarketplaceFacilitator,Amazon,,1,USD,,,,13.08,FALSE,13.08,,,,,WI,,,500790810,EDGAR,WI,US,,500730000,500730000,ShipTo,County,MARATHON,,,,,,,,,,,,,0.07,0.005,Tax,Local Sales and Use Tax,Taxable,0,13.08
,,,,2024-04-01+21:33:17,2024-04-02+00:00,Amazon.com,,AFN,,,SHIPMENT,MarketplaceFacilitator,Amazon,,1,USD,,,,13.08,FALSE,13.08,,,,,WI,,,500790810,EDGAR,WI,US,,500730000,500730000,ShipTo,District,NOT APPLICABLE,,,,,,,,,,,,,0,0,Tax,,ZeroRated,13.08,0
,,,,2024-04-02+12:23:33,2024-04-02+00:00,Amazon.com,,AFN,,,SHIPMENT,MarketplaceFacilitator,Amazon,,1,USD,,,,1,FALSE,1,0,0,,,FL,,,100950000,CASSELBERRY,FL,US,,101172240,101172240,ShipTo,State,FL,,,Y,0,0,-1,PromotionIdAndCouponCode,0,,Self Funded,ReductionInTaxableBasis,,0,0,Tax,Sales and Use Tax,NonTaxable,0,0
,,,,2024-04-02+12:23:33,2024-04-02+00:00,Amazon.com,,AFN,,,SHIPMENT,MarketplaceFacilitator,Amazon,,1,USD,,,,1,FALSE,1,,,,,FL,,,100950000,CASSELBERRY,FL,US,,101172240,101172240,ShipTo,City,NOT APPLICABLE,,,Y,0,0,-1,PromotionIdAndCouponCode,0,,Self Funded,ReductionInTaxableBasis,,0,0,Tax,,NonTaxable,0,0
,,,,2024-04-02+12:23:33,2024-04-02+00:00,Amazon.com,,AFN,,,SHIPMENT,MarketplaceFacilitator,Amazon,,1,USD,,,,1,FALSE,1,,,,,FL,,,100950000,CASSELBERRY,FL,US,,101172240,101172240,ShipTo,County,SEMINOLE,,,Y,0,0,-1,PromotionIdAndCouponCode,0,,Self Funded,ReductionInTaxableBasis,,0,0,Tax,Local Sales and Use Tax (Discretionary Sales Surtax),NonTaxable,0,0
,,,,2024-04-02+12:23:33,2024-04-02+00:00,Amazon.com,,AFN,,,SHIPMENT,MarketplaceFacilitator,Amazon,,1,USD,,,,1,FALSE,1,,,,,FL,,,100950000,CASSELBERRY,FL,US,,101172240,101172240,ShipTo,District,NOT APPLICABLE,,,Y,0,0,-1,PromotionIdAndCouponCode,0,,Self Funded,ReductionInTaxableBasis,,0,0,Tax,,NonTaxable,0,0
,,,,2024-04-02+12:23:33,2024-04-02+00:00,Amazon.com,,AFN,,,SHIPMENT,MarketplaceFacilitator,Amazon,,1,USD,,,,13.08,FALSE,13.08,0,0.92,,,FL,,,100950000,CASSELBERRY,FL,US,,101172240,101172240,ShipTo,State,FL,,,,,,,,,,,,,0.79,0.06,Tax,Sales and Use Tax,Taxable,0,13.08
,,,,2024-04-02+12:23:33,2024-04-02+00:00,Amazon.com,,AFN,,,SHIPMENT,MarketplaceFacilitator,Amazon,,1,USD,,,,13.08,FALSE,13.08,,,,,FL,,,100950000,CASSELBERRY,FL,US,,101172240,101172240,ShipTo,City,NOT APPLICABLE,,,,,,,,,,,,,0,0,Tax,,ZeroRated,13.08,0
,,,,2024-04-02+12:23:33,2024-04-02+00:00,Amazon.com,,AFN,,,SHIPMENT,MarketplaceFacilitator,Amazon,,1,USD,,,,13.08,FALSE,13.08,,,,,FL,,,100950000,CASSELBERRY,FL,US,,101172240,101172240,ShipTo,County,SEMINOLE,,,,,,,,,,,,,0.13,0.01,Tax,Local Sales and Use Tax (Discretionary Sales Surtax),Taxable,0,13.08
,,,,2024-04-02+12:23:33,2024-04-02+00:00,Amazon.com,,AFN,,,SHIPMENT,MarketplaceFacilitator,Amazon,,1,USD,,,,13.08,FALSE,13.08,,,,,FL,,,100950000,CASSELBERRY,FL,US,,101172240,101172240,ShipTo,District,NOT APPLICABLE,,,,,,,,,,,,,0,0,Tax,,ZeroRated,13.08,0
,,,,2024-04-02+08:45:59,2024-04-02+00:00,Amazon.com,,AFN,,,SHIPMENT,MarketplaceFacilitator,Amazon,,1,USD,,,,0.99,FALSE,0.99,0,0,,,GA,,,111350000,LILBURN,GA,US,,111350000,111350000,ShipTo,State,GA,,,Y,0,0,-0.99,PromotionIdAndCouponCode,0,,Self Funded,ReductionInTaxableBasis,,0,0.04,Tax,Sales and Use Tax,Taxable,0,0
,,,,2024-04-02+08:45:59,2024-04-02+00:00,Amazon.com,,AFN,,,SHIPMENT,MarketplaceFacilitator,Amazon,,1,USD,,,,0.99,FALSE,0.99,,,,,GA,,,111350000,LILBURN,GA,US,,111350000,111350000,ShipTo,City,NOT APPLICABLE,,,Y,0,0,-0.99,PromotionIdAndCouponCode,0,,Self Funded,ReductionInTaxableBasis,,0,0,Tax,,NonTaxable,0,0
,,,,2024-04-02+08:45:59,2024-04-02+00:00,Amazon.com,,AFN,,,SHIPMENT,MarketplaceFacilitator,Amazon,,1,USD,,,,0.99,FALSE,0.99,,,,,GA,,,111350000,LILBURN,GA,US,,111350000,111350000,ShipTo,County,GWINNETT,,,Y,0,0,-0.99,PromotionIdAndCouponCode,0,,Self Funded,ReductionInTaxableBasis,,0,0.02,Tax,Local Sales and Use Tax,Taxable,0,0
,,,,2024-04-02+08:45:59,2024-04-02+00:00,Amazon.com,,AFN,,,SHIPMENT,MarketplaceFacilitator,Amazon,,1,USD,,,,0.99,FALSE,0.99,,,,,GA,,,111350000,LILBURN,GA,US,,111350000,111350000,ShipTo,District,NOT APPLICABLE,,,Y,0,0,-0.99,PromotionIdAndCouponCode,0,,Self Funded,ReductionInTaxableBasis,,0,0,Tax,,NonTaxable,0,0
,,,,2024-04-02+08:45:59,2024-04-02+00:00,Amazon.com,,AFN,,,SHIPMENT,MarketplaceFacilitator,Amazon,,1,USD,,,,13.08,FALSE,13.08,0,0.78,,,GA,,,111350000,LILBURN,GA,US,,111350000,111350000,ShipTo,State,GA,,,,,,,,,,,,,0.52,0.04,Tax,Sales and Use Tax,Taxable,0,13.08
,,,,2024-04-02+08:45:59,2024-04-02+00:00,Amazon.com,,AFN,,,SHIPMENT,MarketplaceFacilitator,Amazon,,1,USD,,,,13.08,FALSE,13.08,,,,,GA,,,111350000,LILBURN,GA,US,,111350000,111350000,ShipTo,City,NOT APPLICABLE,,,,,,,,,,,,,0,0,Tax,,ZeroRated,13.08,0
,,,,2024-04-02+08:45:59,2024-04-02+00:00,Amazon.com,,AFN,,,SHIPMENT,MarketplaceFacilitator,Amazon,,1,USD,,,,13.08,FALSE,13.08,,,,,GA,,,111350000,LILBURN,GA,US,,111350000,111350000,ShipTo,County,GWINNETT,,,,,,,,,,,,,0.26,0.02,Tax,Local Sales and Use Tax,Taxable,0,13.08
,,,,2024-04-02+08:45:59,2024-04-02+00:00,Amazon.com,,AFN,,,SHIPMENT,MarketplaceFacilitator,Amazon,,1,USD,,,,13.08,FALSE,13.08,,,,,GA,,,111350000,LILBURN,GA,US,,111350000,111350000,ShipTo,District,NOT APPLICABLE,,,,,,,,,,,,,0,0,Tax,,ZeroRated,13.08,0
,,,,2024-04-02+12:20:14,2024-04-02+00:00,Amazon.com,,AFN,,,SHIPMENT,MarketplaceFacilitator,Amazon,,1,USD,,,,13.08,FALSE,13.08,0,0.85,,,FL,,,100950000,WINTER PARK,FL,US,,100951780,100951780,ShipTo,State,FL,,,,,,,,,,,,,0.78,0.06,Tax,Sales and Use Tax,Taxable,0,13.08
,,,,2024-04-02+12:20:14,2024-04-02+00:00,Amazon.com,,AFN,,,SHIPMENT,MarketplaceFacilitator,Amazon,,1,USD,,,,13.08,FALSE,13.08,,,,,FL,,,100950000,WINTER PARK,FL,US,,100951780,100951780,ShipTo,City,NOT APPLICABLE,,,,,,,,,,,,,0,0,Tax,,ZeroRated,13.08,0
,,,,2024-04-02+12:20:14,2024-04-02+00:00,Amazon.com,,AFN,,,SHIPMENT,MarketplaceFacilitator,Amazon,,1,USD,,,,13.08,FALSE,13.08,,,,,FL,,,100950000,WINTER PARK,FL,US,,100951780,100951780,ShipTo,County,ORANGE,,,,,,,,,,,,,0.07,0.005,Tax,Local Sales and Use Tax (Discretionary Sales Surtax),Taxable,0,13.08
,,,,2024-04-02+12:20:14,2024-04-02+00:00,Amazon.com,,AFN,,,SHIPMENT,MarketplaceFacilitator,Amazon,,1,USD,,,,13.08,FALSE,13.08,,,,,FL,,,100950000,WINTER PARK,FL,US,,100951780,100951780,ShipTo,District,NOT APPLICABLE,,,,,,,,,,,,,0,0,Tax,,ZeroRated,13.08,0
,,,,2024-04-02+12:20:14,2024-04-02+00:00,Amazon.com,,AFN,,,SHIPMENT,MarketplaceFacilitator,Amazon,,1,USD,,,,1,FALSE,1,0,0,,,FL,,,100950000,WINTER PARK,FL,US,,100951780,100951780,ShipTo,State,FL,,,Y,0,0,-1,PromotionIdAndCouponCode,0,,Self Funded,ReductionInTaxableBasis,,0,0,Tax,Sales and Use Tax,NonTaxable,0,0
,,,,2024-04-02+12:20:14,2024-04-02+00:00,Amazon.com,,AFN,,,SHIPMENT,MarketplaceFacilitator,Amazon,,1,USD,,,,1,FALSE,1,,,,,FL,,,100950000,WINTER PARK,FL,US,,100951780,100951780,ShipTo,City,NOT APPLICABLE,,,Y,0,0,-1,PromotionIdAndCouponCode,0,,Self Funded,ReductionInTaxableBasis,,0,0,Tax,,NonTaxable,0,0
,,,,2024-04-02+12:20:14,2024-04-02+00:00,Amazon.com,,AFN,,,SHIPMENT,MarketplaceFacilitator,Amazon,,1,USD,,,,1,FALSE,1,,,,,FL,,,100950000,WINTER PARK,FL,US,,100951780,100951780,ShipTo,County,ORANGE,,,Y,0,0,-1,PromotionIdAndCouponCode,0,,Self Funded,ReductionInTaxableBasis,,0,0,Tax,Local Sales and Use Tax (Discretionary Sales Surtax),NonTaxable,0,0
,,,,2024-04-02+12:20:14,2024-04-02+00:00,Amazon.com,,AFN,,,SHIPMENT,MarketplaceFacilitator,Amazon,,1,USD,,,,1,FALSE,1,,,,,FL,,,100950000,WINTER PARK,FL,US,,100951780,100951780,ShipTo,District,NOT APPLICABLE,,,Y,0,0,-1,PromotionIdAndCouponCode,0,,Self Funded,ReductionInTaxableBasis,,0,0,Tax,,NonTaxable,0,0
,,,,2024-04-02+09:42:29,2024-04-03+00:00,Amazon.com,,AFN,,,SHIPMENT,MarketplaceFacilitator,Amazon,,1,USD,,,,13.08,FALSE,13.08,0,0.79,,,DE,,,080030000,COLUMBIA,MD,US,,210270000,210270000,ShipTo,State,MD,,,,,,,,,,,,,0.79,0.06,Tax,Sales and Use Tax,Taxable,0,13.08
,,,,2024-04-02+09:42:29,2024-04-03+00:00,Amazon.com,,AFN,,,SHIPMENT,MarketplaceFacilitator,Amazon,,1,USD,,,,13.08,FALSE,13.08,,,,,DE,,,080030000,COLUMBIA,MD,US,,210270000,210270000,ShipTo,City,NOT APPLICABLE,,,,,,,,,,,,,0,0,Tax,,ZeroRated,13.08,0
,,,,2024-04-02+09:42:29,2024-04-03+00:00,Amazon.com,,AFN,,,SHIPMENT,MarketplaceFacilitator,Amazon,,1,USD,,,,13.08,FALSE,13.08,,,,,DE,,,080030000,COLUMBIA,MD,US,,210270000,210270000,ShipTo,County,NOT APPLICABLE,,,,,,,,,,,,,0,0,Tax,,ZeroRated,13.08,0
,,,,2024-04-02+09:42:29,2024-04-03+00:00,Amazon.com,,AFN,,,SHIPMENT,MarketplaceFacilitator,Amazon,,1,USD,,,,13.08,FALSE,13.08,,,,,DE,,,080030000,COLUMBIA,MD,US,,210270000,210270000,ShipTo,District,NOT APPLICABLE,,,,,,,,,,,,,0,0,Tax,,ZeroRated,13.08,0
,,,,2024-04-02+23:02:41,2024-04-03+00:00,Amazon.com,,AFN,,,SHIPMENT,MarketplaceFacilitator,Amazon,,1,USD,,,,13.08,FALSE,13.08,0,1.02,,,WA,,,480330320,LA CENTER,WA,US,,480110000,480110000,ShipTo,State,WA,,,,,,,,,,,,,0.85,0.065,Tax,Retail Sales and Use Tax,Taxable,0,13.08
,,,,2024-04-02+23:02:41,2024-04-03+00:00,Amazon.com,,AFN,,,SHIPMENT,MarketplaceFacilitator,Amazon,,1,USD,,,,13.08,FALSE,13.08,,,,,WA,,,480330320,LA CENTER,WA,US,,480110000,480110000,ShipTo,City,NOT APPLICABLE,,,,,,,,,,,,,0,0,Tax,,ZeroRated,13.08,0
,,,,2024-04-02+23:02:41,2024-04-03+00:00,Amazon.com,,AFN,,,SHIPMENT,MarketplaceFacilitator,Amazon,,1,USD,,,,13.08,FALSE,13.08,,,,,WA,,,480330320,LA CENTER,WA,US,,480110000,480110000,ShipTo,County,CLARK,,,,,,,,,,,,,0.17,0.013,Tax,Local Sales and Use Tax,Taxable,0,13.08
,,,,2024-04-02+23:02:41,2024-04-03+00:00,Amazon.com,,AFN,,,SHIPMENT,MarketplaceFacilitator,Amazon,,1,USD,,,,13.08,FALSE,13.08,,,,,WA,,,480330320,LA CENTER,WA,US,,480110000,480110000,ShipTo,District,NOT APPLICABLE,,,,,,,,,,,,,0,0,Tax,,ZeroRated,13.08,0
,,,,2024-04-03+02:11:15,2024-04-03+00:00,Amazon.com,,AFN,,,SHIPMENT,MarketplaceFacilitator,Amazon,,1,USD,,,,13.08,FALSE,13.08,0,1,,,NM,,,320010020,ALBUQUERQUE,NM,US,,320010020,320010020,ShipTo,State,NM,,,,,,,,,,,,,0.64,0.04875,Tax,Gross Receipts and Compensating Tax,Taxable,0,13.08
,,,,2024-04-03+02:11:15,2024-04-03+00:00,Amazon.com,,AFN,,,SHIPMENT,MarketplaceFacilitator,Amazon,,1,USD,,,,13.08,FALSE,13.08,,,,,NM,,,320010020,ALBUQUERQUE,NM,US,,320010020,320010020,ShipTo,City,ALBUQUERQUE,,,,,,,,,,,,,0.2,0.015625,Tax,Local Gross Receipts Tax,Taxable,0,13.08
,,,,2024-04-03+02:11:15,2024-04-03+00:00,Amazon.com,,AFN,,,SHIPMENT,MarketplaceFacilitator,Amazon,,1,USD,,,,13.08,FALSE,13.08,,,,,NM,,,320010020,ALBUQUERQUE,NM,US,,320010020,320010020,ShipTo,County,BERNALILLO,,,,,,,,,,,,,0.16,0.011875,Tax,Local Gross Receipts Tax,Taxable,0,13.08
,,,,2024-04-03+02:11:15,2024-04-03+00:00,Amazon.com,,AFN,,,SHIPMENT,MarketplaceFacilitator,Amazon,,1,USD,,,,13.08,FALSE,13.08,,,,,NM,,,320010020,ALBUQUERQUE,NM,US,,320010020,320010020,ShipTo,District,NOT APPLICABLE,,,,,,,,,,,,,0,0,Tax,,ZeroRated,13.08,0
,,,,2024-04-03+02:11:15,2024-04-03+00:00,Amazon.com,,AFN,,,SHIPMENT,MarketplaceFacilitator,Amazon,,1,USD,,,,0.75,FALSE,0.75,0,0,,,NM,,,320010020,ALBUQUERQUE,NM,US,,320010020,320010020,ShipTo,State,NM,,,Y,0,0,-0.75,PromotionIdAndCouponCode,0,,Self Funded,ReductionInTaxableBasis,,0,0.04875,Tax,Gross Receipts and Compensating Tax,Taxable,0,0
,,,,2024-04-03+02:11:15,2024-04-03+00:00,Amazon.com,,AFN,,,SHIPMENT,MarketplaceFacilitator,Amazon,,1,USD,,,,0.75,FALSE,0.75,,,,,NM,,,320010020,ALBUQUERQUE,NM,US,,320010020,320010020,ShipTo,City,ALBUQUERQUE,,,Y,0,0,-0.75,PromotionIdAndCouponCode,0,,Self Funded,ReductionInTaxableBasis,,0,0.015625,Tax,Local Gross Receipts Tax,Taxable,0,0
,,,,2024-04-03+02:11:15,2024-04-03+00:00,Amazon.com,,AFN,,,SHIPMENT,MarketplaceFacilitator,Amazon,,1,USD,,,,0.75,FALSE,0.75,,,,,NM,,,320010020,ALBUQUERQUE,NM,US,,320010020,320010020,ShipTo,County,BERNALILLO,,,Y,0,0,-0.75,PromotionIdAndCouponCode,0,,Self Funded,ReductionInTaxableBasis,,0,0.011875,Tax,Local Gross Receipts Tax,Taxable,0,0
,,,,2024-04-03+02:11:15,2024-04-03+00:00,Amazon.com,,AFN,,,SHIPMENT,MarketplaceFacilitator,Amazon,,1,USD,,,,0.75,FALSE,0.75,,,,,NM,,,320010020,ALBUQUERQUE,NM,US,,320010020,320010020,ShipTo,District,NOT APPLICABLE,,,Y,0,0,-0.75,PromotionIdAndCouponCode,0,,Self Funded,ReductionInTaxableBasis,,0,0,Tax,,NonTaxable,0,0
,,,,2024-04-02+07:56:49,2024-04-03+00:00,Amazon.com,,AFN,,,SHIPMENT,MarketplaceFacilitator,Amazon,,1,USD,,,,6.99,FALSE,6.99,0,0.44,,,CT,,,070090000,SUFFIELD,CT,US,,070030000,070030000,ShipTo,State,CT,,,,,,,,,,,,,0.44,0.0635,Tax,Sales and Use Tax,Taxable,0,6.99
,,,,2024-04-02+07:56:49,2024-04-03+00:00,Amazon.com,,AFN,,,SHIPMENT,MarketplaceFacilitator,Amazon,,1,USD,,,,6.99,FALSE,6.99,,,,,CT,,,070090000,SUFFIELD,CT,US,,070030000,070030000,ShipTo,City,NOT APPLICABLE,,,,,,,,,,,,,0,0,Tax,,ZeroRated,6.99,0
,,,,2024-04-02+07:56:49,2024-04-03+00:00,Amazon.com,,AFN,,,SHIPMENT,MarketplaceFacilitator,Amazon,,1,USD,,,,6.99,FALSE,6.99,,,,,CT,,,070090000,SUFFIELD,CT,US,,070030000,070030000,ShipTo,County,NOT APPLICABLE,,,,,,,,,,,,,0,0,Tax,,ZeroRated,6.99,0
,,,,2024-04-02+07:56:49,2024-04-03+00:00,Amazon.com,,AFN,,,SHIPMENT,MarketplaceFacilitator,Amazon,,1,USD,,,,6.99,FALSE,6.99,,,,,CT,,,070090000,SUFFIELD,CT,US,,070030000,070030000,ShipTo,District,NOT APPLICABLE,,,,,,,,,,,,,0,0,Tax,,ZeroRated,6.99,0
,,,,2024-04-02+07:56:49,2024-04-03+00:00,Amazon.com,,AFN,,,SHIPMENT,MarketplaceFacilitator,Amazon,,1,USD,,,,13.08,FALSE,13.08,0,0.83,,,CT,,,070090000,SUFFIELD,CT,US,,070030000,070030000,ShipTo,State,CT,,,,,,,,,,,,,0.83,0.0635,Tax,Sales and Use Tax,Taxable,0,13.08
,,,,2024-04-02+07:56:49,2024-04-03+00:00,Amazon.com,,AFN,,,SHIPMENT,MarketplaceFacilitator,Amazon,,1,USD,,,,13.08,FALSE,13.08,,,,,CT,,,070090000,SUFFIELD,CT,US,,070030000,070030000,ShipTo,City,NOT APPLICABLE,,,,,,,,,,,,,0,0,Tax,,ZeroRated,13.08,0
,,,,2024-04-02+07:56:49,2024-04-03+00:00,Amazon.com,,AFN,,,SHIPMENT,MarketplaceFacilitator,Amazon,,1,USD,,,,13.08,FALSE,13.08,,,,,CT,,,070090000,SUFFIELD,CT,US,,070030000,070030000,ShipTo,County,NOT APPLICABLE,,,,,,,,,,,,,0,0,Tax,,ZeroRated,13.08,0
,,,,2024-04-02+07:56:49,2024-04-03+00:00,Amazon.com,,AFN,,,SHIPMENT,MarketplaceFacilitator,Amazon,,1,USD,,,,13.08,FALSE,13.08,,,,,CT,,,070090000,SUFFIELD,CT,US,,070030000,070030000,ShipTo,District,NOT APPLICABLE,,,,,,,,,,,,,0,0,Tax,,ZeroRated,13.08,0
,,,,2024-04-02+16:02:17,2024-04-03+00:00,Amazon.com,,AFN,,,SHIPMENT,MarketplaceFacilitator,Amazon,,1,USD,,,,3.54,FALSE,3.54,0,0.31,,,CO,,,060010470,DENVER,CO,US,,060310140,060310140,ShipTo,State,CO,,,,,,,,,,,,,0.1,0.029,Tax,Sales and Use Tax,Taxable,0,3.54
,,,,2024-04-02+16:02:17,2024-04-03+00:00,Amazon.com,,AFN,,,SHIPMENT,MarketplaceFacilitator,Amazon,,1,USD,,,,3.54,FALSE,3.54,,,,,CO,,,060010470,DENVER,CO,US,,060310140,060310140,ShipTo,City,DENVER,,,,,,,,,,,,,0.17,0.0481,Tax,Local Sales and Use Tax,Taxable,0,3.54
,,,,2024-04-02+16:02:17,2024-04-03+00:00,Amazon.com,,AFN,,,SHIPMENT,MarketplaceFacilitator,Amazon,,1,USD,,,,3.54,FALSE,3.54,,,,,CO,,,060010470,DENVER,CO,US,,060310140,060310140,ShipTo,County,NOT APPLICABLE,,,,,,,,,,,,,0,0,Tax,,ZeroRated,3.54,0
,,,,2024-04-02+16:02:17,2024-04-03+00:00,Amazon.com,,AFN,,,SHIPMENT,MarketplaceFacilitator,Amazon,,1,USD,,,,3.54,FALSE,3.54,,,,,CO,,,060010470,DENVER,CO,US,,060310140,060310140,ShipTo,District,REGIONAL TRANSPORTATION DISTRICT,,,,,,,,,,,,,0.04,0.01,Tax,Local Sales and Use Tax,Taxable,0,3.54
,,,,2024-04-02+16:02:17,2024-04-03+00:00,Amazon.com,,AFN,,,SHIPMENT,MarketplaceFacilitator,Amazon,,1,USD,,,,3.54,FALSE,3.54,,,,,CO,,,060010470,DENVER,CO,US,,060310140,060310140,ShipTo,District,SCIENTIFIC AND CULTURAL FACILITIES DISTRICT,,,,,,,,,,,,,0,0.001,Tax,Local Sales and Use Tax,Taxable,0,3.54
,,,,2024-04-02+16:02:17,2024-04-03+00:00,Amazon.com,,AFN,,,SHIPMENT,MarketplaceFacilitator,Amazon,,1,USD,,,,13.08,FALSE,13.08,0,1.15,,,CO,,,060010470,DENVER,CO,US,,060310140,060310140,ShipTo,State,CO,,,,,,,,,,,,,0.38,0.029,Tax,Sales and Use Tax,Taxable,0,13.08
,,,,2024-04-02+16:02:17,2024-04-03+00:00,Amazon.com,,AFN,,,SHIPMENT,MarketplaceFacilitator,Amazon,,1,USD,,,,13.08,FALSE,13.08,,,,,CO,,,060010470,DENVER,CO,US,,060310140,060310140,ShipTo,City,DENVER,,,,,,,,,,,,,0.63,0.0481,Tax,Local Sales and Use Tax,Taxable,0,13.08
,,,,2024-04-02+16:02:17,2024-04-03+00:00,Amazon.com,,AFN,,,SHIPMENT,MarketplaceFacilitator,Amazon,,1,USD,,,,13.08,FALSE,13.08,,,,,CO,,,060010470,DENVER,CO,US,,060310140,060310140,ShipTo,County,NOT APPLICABLE,,,,,,,,,,,,,0,0,Tax,,ZeroRated,13.08,0
,,,,2024-04-02+16:02:17,2024-04-03+00:00,Amazon.com,,AFN,,,SHIPMENT,MarketplaceFacilitator,Amazon,,1,USD,,,,13.08,FALSE,13.08,,,,,CO,,,060010470,DENVER,CO,US,,060310140,060310140,ShipTo,District,REGIONAL TRANSPORTATION DISTRICT,,,,,,,,,,,,,0.13,0.01,Tax,Local Sales and Use Tax,Taxable,0,13.08
,,,,2024-04-02+16:02:17,2024-04-03+00:00,Amazon.com,,AFN,,,SHIPMENT,MarketplaceFacilitator,Amazon,,1,USD,,,,13.08,FALSE,13.08,,,,,CO,,,060010470,DENVER,CO,US,,060310140,060310140,ShipTo,District,SCIENTIFIC AND CULTURAL FACILITIES DISTRICT,,,,,,,,,,,,,0.01,0.001,Tax,Local Sales and Use Tax,Taxable,0,13.08
,,,,2024-04-02+23:25:39,2024-04-03+00:00,Amazon.com,,AFN,,,SHIPMENT,MarketplaceFacilitator,Amazon,,1,USD,,,,13.08,FALSE,13.08,0,0.48,,,WA,,,480330320,FORT COLLINS,CO,US,,060690000,060690000,ShipTo,State,CO,,,,,,,,,,,,,0.38,0.029,Tax,Sales and Use Tax,Taxable,0,13.08
,,,,2024-04-02+23:25:39,2024-04-03+00:00,Amazon.com,,AFN,,,SHIPMENT,MarketplaceFacilitator,Amazon,,1,USD,,,,13.08,FALSE,13.08,,,,,WA,,,480330320,FORT COLLINS,CO,US,,060690000,060690000,ShipTo,City,NOT APPLICABLE,,,,,,,,,,,,,0,0,Tax,,ZeroRated,13.08,0
,,,,2024-04-02+23:25:39,2024-04-03+00:00,Amazon.com,,AFN,,,SHIPMENT,MarketplaceFacilitator,Amazon,,1,USD,,,,13.08,FALSE,13.08,,,,,WA,,,480330320,FORT COLLINS,CO,US,,060690000,060690000,ShipTo,County,LARIMER,,,,,,,,,,,,,0.1,0.008,Tax,Local Sales and Use Tax,Taxable,0,13.08
,,,,2024-04-02+23:25:39,2024-04-03+00:00,Amazon.com,,AFN,,,SHIPMENT,MarketplaceFacilitator,Amazon,,1,USD,,,,13.08,FALSE,13.08,,,,,WA,,,480330320,FORT COLLINS,CO,US,,060690000,060690000,ShipTo,District,NOT APPLICABLE,,,,,,,,,,,,,0,0,Tax,,ZeroRated,13.08,0
,,,,2024-04-03+10:35:39,2024-04-03+00:00,Amazon.com,,AFN,,,SHIPMENT,MarketplaceFacilitator,Amazon,,1,USD,,,,13.08,FALSE,13.08,0,1.05,,,NJ,,,310150000,DRYDEN,NY,US,,330230000,330230000,ShipTo,State,NY,,,,,,,,,,,,,0.53,0.04,Tax,Sales and Compensating Use Tax,Taxable,0,13.08
,,,,2024-04-03+10:35:39,2024-04-03+00:00,Amazon.com,,AFN,,,SHIPMENT,MarketplaceFacilitator,Amazon,,1,USD,,,,13.08,FALSE,13.08,,,,,NJ,,,310150000,DRYDEN,NY,US,,330230000,330230000,ShipTo,City,NOT APPLICABLE,,,,,,,,,,,,,0,0,Tax,,ZeroRated,13.08,0
,,,,2024-04-03+10:35:39,2024-04-03+00:00,Amazon.com,,AFN,,,SHIPMENT,MarketplaceFacilitator,Amazon,,1,USD,,,,13.08,FALSE,13.08,,,,,NJ,,,310150000,DRYDEN,NY,US,,330230000,330230000,ShipTo,County,CORTLAND,,,,,,,,,,,,,0.52,0.04,Tax,Local Sales and Use Tax,Taxable,0,13.08
,,,,2024-04-03+10:35:39,2024-04-03+00:00,Amazon.com,,AFN,,,SHIPMENT,MarketplaceFacilitator,Amazon,,1,USD,,,,13.08,FALSE,13.08,,,,,NJ,,,310150000,DRYDEN,NY,US,,330230000,330230000,ShipTo,District,NOT APPLICABLE,,,,,,,,,,,,,0,0,Tax,,ZeroRated,13.08,0
,,,,2024-04-03+11:49:43,2024-04-03+00:00,Amazon.com,,AFN,,,SHIPMENT,MarketplaceFacilitator,Amazon,,1,USD,,,,13.08,FALSE,13.08,0,0.79,,,MD,,,210050000,ELKRIDGE,MD,US,,210270000,210270000,ShipTo,State,MD,,,,,,,,,,,,,0.79,0.06,Tax,Sales and Use Tax,Taxable,0,13.08
,,,,2024-04-03+11:49:43,2024-04-03+00:00,Amazon.com,,AFN,,,SHIPMENT,MarketplaceFacilitator,Amazon,,1,USD,,,,13.08,FALSE,13.08,,,,,MD,,,210050000,ELKRIDGE,MD,US,,210270000,210270000,ShipTo,City,NOT APPLICABLE,,,,,,,,,,,,,0,0,Tax,,ZeroRated,13.08,0
,,,,2024-04-03+11:49:43,2024-04-03+00:00,Amazon.com,,AFN,,,SHIPMENT,MarketplaceFacilitator,Amazon,,1,USD,,,,13.08,FALSE,13.08,,,,,MD,,,210050000,ELKRIDGE,MD,US,,210270000,210270000,ShipTo,County,NOT APPLICABLE,,,,,,,,,,,,,0,0,Tax,,ZeroRated,13.08,0
,,,,2024-04-03+11:49:43,2024-04-03+00:00,Amazon.com,,AFN,,,SHIPMENT,MarketplaceFacilitator,Amazon,,1,USD,,,,13.08,FALSE,13.08,,,,,MD,,,210050000,ELKRIDGE,MD,US,,210270000,210270000,ShipTo,District,NOT APPLICABLE,,,,,,,,,,,,,0,0,Tax,,ZeroRated,13.08,0
,,,,2024-04-03+11:49:43,2024-04-03+00:00,Amazon.com,,AFN,,,SHIPMENT,MarketplaceFacilitator,Amazon,,1,USD,,,,0.99,FALSE,0.99,0,0,,,MD,,,210050000,ELKRIDGE,MD,US,,210270000,210270000,ShipTo,State,MD,,,Y,0,0,-0.99,PromotionIdAndCouponCode,0,,Self Funded,ReductionInTaxableBasis,,0,0.06,Tax,Sales and Use Tax,Taxable,0,0
,,,,2024-04-03+11:49:43,2024-04-03+00:00,Amazon.com,,AFN,,,SHIPMENT,MarketplaceFacilitator,Amazon,,1,USD,,,,0.99,FALSE,0.99,,,,,MD,,,210050000,ELKRIDGE,MD,US,,210270000,210270000,ShipTo,City,NOT APPLICABLE,,,Y,0,0,-0.99,PromotionIdAndCouponCode,0,,Self Funded,ReductionInTaxableBasis,,0,0,Tax,,NonTaxable,0,0
,,,,2024-04-03+11:49:43,2024-04-03+00:00,Amazon.com,,AFN,,,SHIPMENT,MarketplaceFacilitator,Amazon,,1,USD,,,,0.99,FALSE,0.99,,,,,MD,,,210050000,ELKRIDGE,MD,US,,210270000,210270000,ShipTo,County,NOT APPLICABLE,,,Y,0,0,-0.99,PromotionIdAndCouponCode,0,,Self Funded,ReductionInTaxableBasis,,0,0,Tax,,NonTaxable,0,0
,,,,2024-04-03+11:49:43,2024-04-03+00:00,Amazon.com,,AFN,,,SHIPMENT,MarketplaceFacilitator,Amazon,,1,USD,,,,0.99,FALSE,0.99,,,,,MD,,,210050000,ELKRIDGE,MD,US,,210270000,210270000,ShipTo,District,NOT APPLICABLE,,,Y,0,0,-0.99,PromotionIdAndCouponCode,0,,Self Funded,ReductionInTaxableBasis,,0,0,Tax,,NonTaxable,0,0
,,,,2024-04-03+12:09:15,2024-04-03+00:00,Amazon.com,,AFN,,,SHIPMENT,MarketplaceFacilitator,Amazon,,1,USD,,,,13.08,FALSE,13.08,0,0.72,,,CT,,,070090000,RANDOLPH,ME,US,,200110000,200110000,ShipTo,State,ME,,,,,,,,,,,,,0.72,0.055,Tax,Sales and Use Tax,Taxable,0,13.08
,,,,2024-04-03+12:09:15,2024-04-03+00:00,Amazon.com,,AFN,,,SHIPMENT,MarketplaceFacilitator,Amazon,,1,USD,,,,13.08,FALSE,13.08,,,,,CT,,,070090000,RANDOLPH,ME,US,,200110000,200110000,ShipTo,City,NOT APPLICABLE,,,,,,,,,,,,,0,0,Tax,,ZeroRated,13.08,0
,,,,2024-04-03+12:09:15,2024-04-03+00:00,Amazon.com,,AFN,,,SHIPMENT,MarketplaceFacilitator,Amazon,,1,USD,,,,13.08,FALSE,13.08,,,,,CT,,,070090000,RANDOLPH,ME,US,,200110000,200110000,ShipTo,County,NOT APPLICABLE,,,,,,,,,,,,,0,0,Tax,,ZeroRated,13.08,0
,,,,2024-04-03+12:09:15,2024-04-03+00:00,Amazon.com,,AFN,,,SHIPMENT,MarketplaceFacilitator,Amazon,,1,USD,,,,13.08,FALSE,13.08,,,,,CT,,,070090000,RANDOLPH,ME,US,,200110000,200110000,ShipTo,District,NOT APPLICABLE,,,,,,,,,,,,,0,0,Tax,,ZeroRated,13.08,0
,,,,2024-04-03+12:09:15,2024-04-03+00:00,Amazon.com,,AFN,,,SHIPMENT,MarketplaceFacilitator,Amazon,,1,USD,,,,1.34,FALSE,1.34,0,0.07,,,CT,,,070090000,RANDOLPH,ME,US,,200110000,200110000,ShipTo,State,ME,,,,,,,,,,,,,0.07,0.055,Tax,Sales and Use Tax,Taxable,0,1.34
,,,,2024-04-03+12:09:15,2024-04-03+00:00,Amazon.com,,AFN,,,SHIPMENT,MarketplaceFacilitator,Amazon,,1,USD,,,,1.34,FALSE,1.34,,,,,CT,,,070090000,RANDOLPH,ME,US,,200110000,200110000,ShipTo,City,NOT APPLICABLE,,,,,,,,,,,,,0,0,Tax,,ZeroRated,1.34,0
,,,,2024-04-03+12:09:15,2024-04-03+00:00,Amazon.com,,AFN,,,SHIPMENT,MarketplaceFacilitator,Amazon,,1,USD,,,,1.34,FALSE,1.34,,,,,CT,,,070090000,RANDOLPH,ME,US,,200110000,200110000,ShipTo,County,NOT APPLICABLE,,,,,,,,,,,,,0,0,Tax,,ZeroRated,1.34,0
,,,,2024-04-03+12:09:15,2024-04-03+00:00,Amazon.com,,AFN,,,SHIPMENT,MarketplaceFacilitator,Amazon,,1,USD,,,,1.34,FALSE,1.34,,,,,CT,,,070090000,RANDOLPH,ME,US,,200110000,200110000,ShipTo,District,NOT APPLICABLE,,,,,,,,,,,,,0,0,Tax,,ZeroRated,1.34,0
,,,,2024-04-03+13:34:00,2024-04-03+00:00,Amazon.com,,AFN,,,SHIPMENT,MarketplaceFacilitator,Amazon,,1,USD,,,,13.08,FALSE,13.08,0,0.87,,,NJ,,,310150000,BARRINGTON,NJ,US,,310070070,310070070,ShipTo,State,NJ,,,,,,,,,,,,,0.87,0.06625,Tax,Sales and Use Tax,Taxable,0,13.08
,,,,2024-04-03+13:34:00,2024-04-03+00:00,Amazon.com,,AFN,,,SHIPMENT,MarketplaceFacilitator,Amazon,,1,USD,,,,13.08,FALSE,13.08,,,,,NJ,,,310150000,BARRINGTON,NJ,US,,310070070,310070070,ShipTo,City,NOT APPLICABLE,,,,,,,,,,,,,0,0,Tax,,ZeroRated,13.08,0
,,,,2024-04-03+13:34:00,2024-04-03+00:00,Amazon.com,,AFN,,,SHIPMENT,MarketplaceFacilitator,Amazon,,1,USD,,,,13.08,FALSE,13.08,,,,,NJ,,,310150000,BARRINGTON,NJ,US,,310070070,310070070,ShipTo,County,NOT APPLICABLE,,,,,,,,,,,,,0,0,Tax,,ZeroRated,13.08,0
,,,,2024-04-03+13:34:00,2024-04-03+00:00,Amazon.com,,AFN,,,SHIPMENT,MarketplaceFacilitator,Amazon,,1,USD,,,,13.08,FALSE,13.08,,,,,NJ,,,310150000,BARRINGTON,NJ,US,,310070070,310070070,ShipTo,District,NOT APPLICABLE,,,,,,,,,,,,,0,0,Tax,,ZeroRated,13.08,0
,,,,2024-04-03+13:34:00,2024-04-03+00:00,Amazon.com,,AFN,,,SHIPMENT,MarketplaceFacilitator,Amazon,,1,USD,,,,0.43,FALSE,0.43,0,0,,,NJ,,,310150000,BARRINGTON,NJ,US,,310070070,310070070,ShipTo,State,NJ,,,Y,0,0,-0.43,PromotionIdAndCouponCode,0,,Self Funded,ReductionInTaxableBasis,,0,0.06625,Tax,Sales and Use Tax,Taxable,0,0
,,,,2024-04-03+13:34:00,2024-04-03+00:00,Amazon.com,,AFN,,,SHIPMENT,MarketplaceFacilitator,Amazon,,1,USD,,,,0.43,FALSE,0.43,,,,,NJ,,,310150000,BARRINGTON,NJ,US,,310070070,310070070,ShipTo,City,NOT APPLICABLE,,,Y,0,0,-0.43,PromotionIdAndCouponCode,0,,Self Funded,ReductionInTaxableBasis,,0,0,Tax,,NonTaxable,0,0
,,,,2024-04-03+13:34:00,2024-04-03+00:00,Amazon.com,,AFN,,,SHIPMENT,MarketplaceFacilitator,Amazon,,1,USD,,,,0.43,FALSE,0.43,,,,,NJ,,,310150000,BARRINGTON,NJ,US,,310070070,310070070,ShipTo,County,NOT APPLICABLE,,,Y,0,0,-0.43,PromotionIdAndCouponCode,0,,Self Funded,ReductionInTaxableBasis,,0,0,Tax,,NonTaxable,0,0
,,,,2024-04-03+13:34:00,2024-04-03+00:00,Amazon.com,,AFN,,,SHIPMENT,MarketplaceFacilitator,Amazon,,1,USD,,,,0.43,FALSE,0.43,,,,,NJ,,,310150000,BARRINGTON,NJ,US,,310070070,310070070,ShipTo,District,NOT APPLICABLE,,,Y,0,0,-0.43,PromotionIdAndCouponCode,0,,Self Funded,ReductionInTaxableBasis,,0,0,Tax,,NonTaxable,0,0
,,,,2024-04-03+14:10:40,2024-04-04+00:00,Amazon.com,,AFN,,,SHIPMENT,MarketplaceFacilitator,Amazon,,1,USD,,,,13.08,FALSE,13.08,0,0.92,,,MD,,,210050000,Hope Mills,NC,US,,340510380,340510380,ShipTo,State,NC,,,,,,,,,,,,,0.62,0.0475,Tax,Sales and Use Tax,Taxable,0,13.08
,,,,2024-04-03+14:10:40,2024-04-04+00:00,Amazon.com,,AFN,,,SHIPMENT,MarketplaceFacilitator,Amazon,,1,USD,,,,13.08,FALSE,13.08,,,,,MD,,,210050000,Hope Mills,NC,US,,340510380,340510380,ShipTo,City,NOT APPLICABLE,,,,,,,,,,,,,0,0,Tax,,ZeroRated,13.08,0
,,,,2024-04-03+14:10:40,2024-04-04+00:00,Amazon.com,,AFN,,,SHIPMENT,MarketplaceFacilitator,Amazon,,1,USD,,,,13.08,FALSE,13.08,,,,,MD,,,210050000,Hope Mills,NC,US,,340510380,340510380,ShipTo,County,CUMBERLAND,,,,,,,,,,,,,0.3,0.0225,Tax,Local Sales and Use Tax,Taxable,0,13.08
,,,,2024-04-03+14:10:40,2024-04-04+00:00,Amazon.com,,AFN,,,SHIPMENT,MarketplaceFacilitator,Amazon,,1,USD,,,,13.08,FALSE,13.08,,,,,MD,,,210050000,Hope Mills,NC,US,,340510380,340510380,ShipTo,District,NOT APPLICABLE,,,,,,,,,,,,,0,0,Tax,,ZeroRated,13.08,0
,,,,2024-04-03+17:24:34,2024-04-04+00:00,Amazon.com,,AFN,,,SHIPMENT,MarketplaceFacilitator,Amazon,,1,USD,,,,13.08,FALSE,13.08,0,0.87,,,NJ,,,310230066,LINDEN,NJ,US,,310391200,310391200,ShipTo,State,NJ,,,,,,,,,,,,,0.87,0.06625,Tax,Sales and Use Tax,Taxable,0,13.08
,,,,2024-04-03+17:24:34,2024-04-04+00:00,Amazon.com,,AFN,,,SHIPMENT,MarketplaceFacilitator,Amazon,,1,USD,,,,13.08,FALSE,13.08,,,,,NJ,,,310230066,LINDEN,NJ,US,,310391200,310391200,ShipTo,City,NOT APPLICABLE,,,,,,,,,,,,,0,0,Tax,,ZeroRated,13.08,0
,,,,2024-04-03+17:24:34,2024-04-04+00:00,Amazon.com,,AFN,,,SHIPMENT,MarketplaceFacilitator,Amazon,,1,USD,,,,13.08,FALSE,13.08,,,,,NJ,,,310230066,LINDEN,NJ,US,,310391200,310391200,ShipTo,County,NOT APPLICABLE,,,,,,,,,,,,,0,0,Tax,,ZeroRated,13.08,0
,,,,2024-04-03+17:24:34,2024-04-04+00:00,Amazon.com,,AFN,,,SHIPMENT,MarketplaceFacilitator,Amazon,,1,USD,,,,13.08,FALSE,13.08,,,,,NJ,,,310230066,LINDEN,NJ,US,,310391200,310391200,ShipTo,District,NOT APPLICABLE,,,,,,,,,,,,,0,0,Tax,,ZeroRated,13.08,0
,,,,2024-04-03+21:09:59,2024-04-04+00:00,Amazon.com,,AFN,,,SHIPMENT,MarketplaceFacilitator,Amazon,,1,USD,,,,13.08,FALSE,13.08,0,0.83,,,CT,,,070090000,WOLCOTT,CT,US,,070090000,070090000,ShipTo,State,CT,,,,,,,,,,,,,0.83,0.0635,Tax,Sales and Use Tax,Taxable,0,13.08
,,,,2024-04-03+21:09:59,2024-04-04+00:00,Amazon.com,,AFN,,,SHIPMENT,MarketplaceFacilitator,Amazon,,1,USD,,,,13.08,FALSE,13.08,,,,,CT,,,070090000,WOLCOTT,CT,US,,070090000,070090000,ShipTo,City,NOT APPLICABLE,,,,,,,,,,,,,0,0,Tax,,ZeroRated,13.08,0
,,,,2024-04-03+21:09:59,2024-04-04+00:00,Amazon.com,,AFN,,,SHIPMENT,MarketplaceFacilitator,Amazon,,1,USD,,,,13.08,FALSE,13.08,,,,,CT,,,070090000,WOLCOTT,CT,US,,070090000,070090000,ShipTo,County,NOT APPLICABLE,,,,,,,,,,,,,0,0,Tax,,ZeroRated,13.08,0
,,,,2024-04-03+21:09:59,2024-04-04+00:00,Amazon.com,,AFN,,,SHIPMENT,MarketplaceFacilitator,Amazon,,1,USD,,,,13.08,FALSE,13.08,,,,,CT,,,070090000,WOLCOTT,CT,US,,070090000,070090000,ShipTo,District,NOT APPLICABLE,,,,,,,,,,,,,0,0,Tax,,ZeroRated,13.08,0
,,,,2024-04-03+22:48:54,2024-04-04+00:00,Amazon.com,,AFN,,,SHIPMENT,MarketplaceFacilitator,Amazon,,1,USD,,,,13.08,FALSE,13.08,0,0.51,,,NV,,,290030090,Telluride,CO,US,,061130000,061130000,ShipTo,State,CO,,,,,,,,,,,,,0.38,0.029,Tax,Sales and Use Tax,Taxable,0,13.08
,,,,2024-04-03+22:48:54,2024-04-04+00:00,Amazon.com,,AFN,,,SHIPMENT,MarketplaceFacilitator,Amazon,,1,USD,,,,13.08,FALSE,13.08,,,,,NV,,,290030090,Telluride,CO,US,,061130000,061130000,ShipTo,City,NOT APPLICABLE,,,,,,,,,,,,,0,0,Tax,,ZeroRated,13.08,0
,,,,2024-04-03+22:48:54,2024-04-04+00:00,Amazon.com,,AFN,,,SHIPMENT,MarketplaceFacilitator,Amazon,,1,USD,,,,13.08,FALSE,13.08,,,,,NV,,,290030090,Telluride,CO,US,,061130000,061130000,ShipTo,County,SAN MIGUEL,,,,,,,,,,,,,0.13,0.01,Tax,Local Sales Tax,Taxable,0,13.08
,,,,2024-04-03+22:48:54,2024-04-04+00:00,Amazon.com,,AFN,,,SHIPMENT,MarketplaceFacilitator,Amazon,,1,USD,,,,13.08,FALSE,13.08,,,,,NV,,,290030090,Telluride,CO,US,,061130000,061130000,ShipTo,District,NOT APPLICABLE,,,,,,,,,,,,,0,0,Tax,,ZeroRated,13.08,0
,,,,2024-04-03+22:05:01,2024-04-04+00:00,Amazon.com,,AFN,,,SHIPMENT,MarketplaceFacilitator,Amazon,,1,USD,,,,13.08,FALSE,13.08,0,0.9,,,IA,,,470590000,INDEPENDENCE,MO,US,,260950640,260950640,ShipTo,State,MO,,,,,,,,,,,,,0.56,0.04225,Tax,Sales and Use Tax,Taxable,0,13.08
,,,,2024-04-03+22:05:01,2024-04-04+00:00,Amazon.com,,AFN,,,SHIPMENT,MarketplaceFacilitator,Amazon,,1,USD,,,,13.08,FALSE,13.08,,,,,IA,,,470590000,INDEPENDENCE,MO,US,,260950640,260950640,ShipTo,City,INDEPENDENCE,,,,,,,,,,,,,0.34,0.02625,Tax,Local Sales and Use Tax,Taxable,0,13.08
,,,,2024-04-03+22:05:01,2024-04-04+00:00,Amazon.com,,AFN,,,SHIPMENT,MarketplaceFacilitator,Amazon,,1,USD,,,,13.08,FALSE,13.08,,,,,IA,,,470590000,INDEPENDENCE,MO,US,,260950640,260950640,ShipTo,County,NOT APPLICABLE,,,,,,,,,,,,,0,0,Tax,,ZeroRated,13.08,0
,,,,2024-04-03+22:05:01,2024-04-04+00:00,Amazon.com,,AFN,,,SHIPMENT,MarketplaceFacilitator,Amazon,,1,USD,,,,13.08,FALSE,13.08,,,,,IA,,,470590000,INDEPENDENCE,MO,US,,260950640,260950640,ShipTo,District,NOT APPLICABLE,,,,,,,,,,,,,0,0,Tax,,ZeroRated,13.08,0
,,,,2024-04-03+17:13:47,2024-04-04+00:00,Amazon.com,,AFN,,,SHIPMENT,Standard,Seller,A_GEN_NOTAX,1,USD,,,,13.08,FALSE,13.08,0,0,,,NY,,,330550000,DERRY,NH,US,,300150000,300150000,ShipTo,State,NH,,,,,,,,,,,,0,,0,Tax,No Sales or Use Tax Imposed,NonTaxable,13.08,0
,,,,2024-04-03+17:13:47,2024-04-04+00:00,Amazon.com,,AFN,,,SHIPMENT,Standard,Seller,A_GEN_NOTAX,1,USD,,,,13.08,FALSE,13.08,,,,,NY,,,330550000,DERRY,NH,US,,300150000,300150000,ShipTo,City,NOT APPLICABLE,,,,,,,,,,,,0,,0,Tax,,ZeroRated,13.08,0
,,,,2024-04-03+17:13:47,2024-04-04+00:00,Amazon.com,,AFN,,,SHIPMENT,Standard,Seller,A_GEN_NOTAX,1,USD,,,,13.08,FALSE,13.08,,,,,NY,,,330550000,DERRY,NH,US,,300150000,300150000,ShipTo,County,NOT APPLICABLE,,,,,,,,,,,,0,,0,Tax,,ZeroRated,13.08,0
,,,,2024-04-03+17:13:47,2024-04-04+00:00,Amazon.com,,AFN,,,SHIPMENT,Standard,Seller,A_GEN_NOTAX,1,USD,,,,13.08,FALSE,13.08,,,,,NY,,,330550000,DERRY,NH,US,,300150000,300150000,ShipTo,District,NOT APPLICABLE,,,,,,,,,,,,0,,0,Tax,,ZeroRated,13.08,0
,,,,2024-04-04+02:18:12,2024-04-04+00:00,Amazon.com,,AFN,,,SHIPMENT,MarketplaceFacilitator,Amazon,,1,USD,,,,13.08,FALSE,13.08,0,0.92,,,IL,,,141974702,GRIFFITH,IN,US,,150890590,150890590,ShipTo,State,IN,,,,,,,,,,,,,0.92,0.07,Tax,Gross Retail and Use Tax,Taxable,0,13.08
,,,,2024-04-04+02:18:12,2024-04-04+00:00,Amazon.com,,AFN,,,SHIPMENT,MarketplaceFacilitator,Amazon,,1,USD,,,,13.08,FALSE,13.08,,,,,IL,,,141974702,GRIFFITH,IN,US,,150890590,150890590,ShipTo,City,NOT APPLICABLE,,,,,,,,,,,,,0,0,Tax,,ZeroRated,13.08,0
,,,,2024-04-04+02:18:12,2024-04-04+00:00,Amazon.com,,AFN,,,SHIPMENT,MarketplaceFacilitator,Amazon,,1,USD,,,,13.08,FALSE,13.08,,,,,IL,,,141974702,GRIFFITH,IN,US,,150890590,150890590,ShipTo,County,NOT APPLICABLE,,,,,,,,,,,,,0,0,Tax,,ZeroRated,13.08,0
,,,,2024-04-04+02:18:12,2024-04-04+00:00,Amazon.com,,AFN,,,SHIPMENT,MarketplaceFacilitator,Amazon,,1,USD,,,,13.08,FALSE,13.08,,,,,IL,,,141974702,GRIFFITH,IN,US,,150890590,150890590,ShipTo,District,NOT APPLICABLE,,,,,,,,,,,,,0,0,Tax,,ZeroRated,13.08,0
,,,,2024-04-04+00:02:24,2024-04-04+00:00,Amazon.com,,AFN,,,SHIPMENT,MarketplaceFacilitator,Amazon,,1,USD,,,,13.08,FALSE,13.08,0,1.12,,,MN,,,241390940,MINNETONKA,MN,US,,240530660,240530660,ShipTo,State,MN,,,,,,,,,,,,,0.9,0.06875,Tax,General Sales and Use Tax,Taxable,0,13.08
,,,,2024-04-04+00:02:24,2024-04-04+00:00,Amazon.com,,AFN,,,SHIPMENT,MarketplaceFacilitator,Amazon,,1,USD,,,,13.08,FALSE,13.08,,,,,MN,,,241390940,MINNETONKA,MN,US,,240530660,240530660,ShipTo,City,NOT APPLICABLE,,,,,,,,,,,,,0,0,Tax,,ZeroRated,13.08,0
,,,,2024-04-04+00:02:24,2024-04-04+00:00,Amazon.com,,AFN,,,SHIPMENT,MarketplaceFacilitator,Amazon,,1,USD,,,,13.08,FALSE,13.08,,,,,MN,,,241390940,MINNETONKA,MN,US,,240530660,240530660,ShipTo,County,HENNEPIN,,,,,,,,,,,,,0.02,0.0015,Tax,Local Sales and Use Tax,Taxable,0,13.08
,,,,2024-04-04+00:02:24,2024-04-04+00:00,Amazon.com,,AFN,,,SHIPMENT,MarketplaceFacilitator,Amazon,,1,USD,,,,13.08,FALSE,13.08,,,,,MN,,,241390940,MINNETONKA,MN,US,,240530660,240530660,ShipTo,District,HENNEPIN COUNTY TRANSIT TAX AREA,,,,,,,,,,,,,0.07,0.005,Tax,Local Sales and Use Tax,Taxable,0,13.08
,,,,2024-04-04+00:02:24,2024-04-04+00:00,Amazon.com,,AFN,,,SHIPMENT,MarketplaceFacilitator,Amazon,,1,USD,,,,13.08,FALSE,13.08,,,,,MN,,,241390940,MINNETONKA,MN,US,,240530660,240530660,ShipTo,District,METRO AREA HOUSING DISTRICT,,,,,,,,,,,,,0.03,0.0025,Tax,Local Sales and Use Tax,Taxable,0,13.08
,,,,2024-04-04+00:02:24,2024-04-04+00:00,Amazon.com,,AFN,,,SHIPMENT,MarketplaceFacilitator,Amazon,,1,USD,,,,13.08,FALSE,13.08,,,,,MN,,,241390940,MINNETONKA,MN,US,,240530660,240530660,ShipTo,District,METRO AREA TRANSPORTATION DISTRICT,,,,,,,,,,,,,0.1,0.0075,Tax,Local Sales and Use Tax,Taxable,0,13.08
,,,,2024-04-04+01:10:21,2024-04-04+00:00,Amazon.com,,AFN,,,SHIPMENT,MarketplaceFacilitator,Amazon,,1,USD,,,,13.08,FALSE,13.08,0,0.88,,,TX,,,444535425,ELGIN,TX,US,,440210000,440210000,ShipTo,State,TX,,,,,,,,,,,,,0.81,0.0625,Tax,Sales and Use Tax,Taxable,0,13.08
,,,,2024-04-04+01:10:21,2024-04-04+00:00,Amazon.com,,AFN,,,SHIPMENT,MarketplaceFacilitator,Amazon,,1,USD,,,,13.08,FALSE,13.08,,,,,TX,,,444535425,ELGIN,TX,US,,440210000,440210000,ShipTo,City,NOT APPLICABLE,,,,,,,,,,,,,0,0,Tax,,ZeroRated,13.08,0
,,,,2024-04-04+01:10:21,2024-04-04+00:00,Amazon.com,,AFN,,,SHIPMENT,MarketplaceFacilitator,Amazon,,1,USD,,,,13.08,FALSE,13.08,,,,,TX,,,444535425,ELGIN,TX,US,,440210000,440210000,ShipTo,County,BASTROP,,,,,,,,,,,,,0.07,0.005,Tax,Local Sales and Use Tax,Taxable,0,13.08
,,,,2024-04-04+01:10:21,2024-04-04+00:00,Amazon.com,,AFN,,,SHIPMENT,MarketplaceFacilitator,Amazon,,1,USD,,,,13.08,FALSE,13.08,,,,,TX,,,444535425,ELGIN,TX,US,,440210000,440210000,ShipTo,District,NOT APPLICABLE,,,,,,,,,,,,,0,0,Tax,,ZeroRated,13.08,0
,,,,2024-04-04+01:10:21,2024-04-04+00:00,Amazon.com,,AFN,,,SHIPMENT,MarketplaceFacilitator,Amazon,,1,USD,,,,0.6,FALSE,0.6,0,0,,,TX,,,444535425,ELGIN,TX,US,,440210000,440210000,ShipTo,State,TX,,,Y,0,0,-0.6,PromotionIdAndCouponCode,0,,Self Funded,ReductionInTaxableBasis,,0,0.0625,Tax,Sales and Use Tax,Taxable,0,0
,,,,2024-04-04+01:10:21,2024-04-04+00:00,Amazon.com,,AFN,,,SHIPMENT,MarketplaceFacilitator,Amazon,,1,USD,,,,0.6,FALSE,0.6,,,,,TX,,,444535425,ELGIN,TX,US,,440210000,440210000,ShipTo,City,NOT APPLICABLE,,,Y,0,0,-0.6,PromotionIdAndCouponCode,0,,Self Funded,ReductionInTaxableBasis,,0,0,Tax,,NonTaxable,0,0
,,,,2024-04-04+01:10:21,2024-04-04+00:00,Amazon.com,,AFN,,,SHIPMENT,MarketplaceFacilitator,Amazon,,1,USD,,,,0.6,FALSE,0.6,,,,,TX,,,444535425,ELGIN,TX,US,,440210000,440210000,ShipTo,County,BASTROP,,,Y,0,0,-0.6,PromotionIdAndCouponCode,0,,Self Funded,ReductionInTaxableBasis,,0,0.005,Tax,Local Sales and Use Tax,Taxable,0,0
,,,,2024-04-04+01:10:21,2024-04-04+00:00,Amazon.com,,AFN,,,SHIPMENT,MarketplaceFacilitator,Amazon,,1,USD,,,,0.6,FALSE,0.6,,,,,TX,,,444535425,ELGIN,TX,US,,440210000,440210000,ShipTo,District,NOT APPLICABLE,,,Y,0,0,-0.6,PromotionIdAndCouponCode,0,,Self Funded,ReductionInTaxableBasis,,0,0,Tax,,NonTaxable,0,0
,,,,2024-04-04+04:01:29,2024-04-04+00:00,Amazon.com,,AFN,,,SHIPMENT,MarketplaceFacilitator,Amazon,,1,USD,,,,13.08,FALSE,13.08,0,0,,,OR,,,380511181,ANCHORAGE,AK,US,,020200010,020200010,ShipTo,State,AK,,,,,,,,,,,,,0,0,Tax,No Sales or Use Tax Imposed,NonTaxable,13.08,0
,,,,2024-04-04+04:01:29,2024-04-04+00:00,Amazon.com,,AFN,,,SHIPMENT,MarketplaceFacilitator,Amazon,,1,USD,,,,13.08,FALSE,13.08,,,,,OR,,,380511181,ANCHORAGE,AK,US,,020200010,020200010,ShipTo,City,NOT APPLICABLE,,,,,,,,,,,,,0,0,Tax,,ZeroRated,13.08,0
,,,,2024-04-04+04:01:29,2024-04-04+00:00,Amazon.com,,AFN,,,SHIPMENT,MarketplaceFacilitator,Amazon,,1,USD,,,,13.08,FALSE,13.08,,,,,OR,,,380511181,ANCHORAGE,AK,US,,020200010,020200010,ShipTo,County,NOT APPLICABLE,,,,,,,,,,,,,0,0,Tax,,ZeroRated,13.08,0
,,,,2024-04-04+04:01:29,2024-04-04+00:00,Amazon.com,,AFN,,,SHIPMENT,MarketplaceFacilitator,Amazon,,1,USD,,,,13.08,FALSE,13.08,,,,,OR,,,380511181,ANCHORAGE,AK,US,,020200010,020200010,ShipTo,District,NOT APPLICABLE,,,,,,,,,,,,,0,0,Tax,,ZeroRated,13.08,0
,,,,2024-04-04+14:36:32,2024-04-04+00:00,Amazon.com,,AFN,,,SHIPMENT,MarketplaceFacilitator,Amazon,,1,USD,,,,13.08,FALSE,13.08,0,0.83,,,CT,,,070090000,EAST HARTFORD,CT,US,,070030000,070030000,ShipTo,State,CT,,,,,,,,,,,,,0.83,0.0635,Tax,Sales and Use Tax,Taxable,0,13.08
,,,,2024-04-04+14:36:32,2024-04-04+00:00,Amazon.com,,AFN,,,SHIPMENT,MarketplaceFacilitator,Amazon,,1,USD,,,,13.08,FALSE,13.08,,,,,CT,,,070090000,EAST HARTFORD,CT,US,,070030000,070030000,ShipTo,City,NOT APPLICABLE,,,,,,,,,,,,,0,0,Tax,,ZeroRated,13.08,0
,,,,2024-04-04+14:36:32,2024-04-04+00:00,Amazon.com,,AFN,,,SHIPMENT,MarketplaceFacilitator,Amazon,,1,USD,,,,13.08,FALSE,13.08,,,,,CT,,,070090000,EAST HARTFORD,CT,US,,070030000,070030000,ShipTo,County,NOT APPLICABLE,,,,,,,,,,,,,0,0,Tax,,ZeroRated,13.08,0
,,,,2024-04-04+14:36:32,2024-04-04+00:00,Amazon.com,,AFN,,,SHIPMENT,MarketplaceFacilitator,Amazon,,1,USD,,,,13.08,FALSE,13.08,,,,,CT,,,070090000,EAST HARTFORD,CT,US,,070030000,070030000,ShipTo,District,NOT APPLICABLE,,,,,,,,,,,,,0,0,Tax,,ZeroRated,13.08,0
,,,,2024-04-04+09:06:25,2024-04-04+00:00,Amazon.com,,AFN,,,SHIPMENT,MarketplaceFacilitator,Amazon,,1,USD,,,,13.08,FALSE,13.08,0,0.72,,,IL,,,141974702,STODDARD,WI,US,,501230000,501230000,ShipTo,State,WI,,,,,,,,,,,,,0.65,0.05,Tax,General Sales and Use Tax,Taxable,0,13.08
,,,,2024-04-04+09:06:25,2024-04-04+00:00,Amazon.com,,AFN,,,SHIPMENT,MarketplaceFacilitator,Amazon,,1,USD,,,,13.08,FALSE,13.08,,,,,IL,,,141974702,STODDARD,WI,US,,501230000,501230000,ShipTo,City,NOT APPLICABLE,,,,,,,,,,,,,0,0,Tax,,ZeroRated,13.08,0
,,,,2024-04-04+09:06:25,2024-04-04+00:00,Amazon.com,,AFN,,,SHIPMENT,MarketplaceFacilitator,Amazon,,1,USD,,,,13.08,FALSE,13.08,,,,,IL,,,141974702,STODDARD,WI,US,,501230000,501230000,ShipTo,County,VERNON,,,,,,,,,,,,,0.07,0.005,Tax,Local Sales and Use Tax,Taxable,0,13.08
,,,,2024-04-04+09:06:25,2024-04-04+00:00,Amazon.com,,AFN,,,SHIPMENT,MarketplaceFacilitator,Amazon,,1,USD,,,,13.08,FALSE,13.08,,,,,IL,,,141974702,STODDARD,WI,US,,501230000,501230000,ShipTo,District,NOT APPLICABLE,,,,,,,,,,,,,0,0,Tax,,ZeroRated,13.08,0
,,,,2024-04-04+12:46:29,2024-04-04+00:00,Amazon.com,,AFN,,,SHIPMENT,MarketplaceFacilitator,Amazon,,1,USD,,,,13.08,FALSE,13.08,0,0.83,,,CT,,,070090000,WESTON,CT,US,,070012099,070012099,ShipTo,State,CT,,,,,,,,,,,,,0.83,0.0635,Tax,Sales and Use Tax,Taxable,0,13.08
,,,,2024-04-04+12:46:29,2024-04-04+00:00,Amazon.com,,AFN,,,SHIPMENT,MarketplaceFacilitator,Amazon,,1,USD,,,,13.08,FALSE,13.08,,,,,CT,,,070090000,WESTON,CT,US,,070012099,070012099,ShipTo,City,NOT APPLICABLE,,,,,,,,,,,,,0,0,Tax,,ZeroRated,13.08,0
,,,,2024-04-04+12:46:29,2024-04-04+00:00,Amazon.com,,AFN,,,SHIPMENT,MarketplaceFacilitator,Amazon,,1,USD,,,,13.08,FALSE,13.08,,,,,CT,,,070090000,WESTON,CT,US,,070012099,070012099,ShipTo,County,NOT APPLICABLE,,,,,,,,,,,,,0,0,Tax,,ZeroRated,13.08,0
,,,,2024-04-04+12:46:29,2024-04-04+00:00,Amazon.com,,AFN,,,SHIPMENT,MarketplaceFacilitator,Amazon,,1,USD,,,,13.08,FALSE,13.08,,,,,CT,,,070090000,WESTON,CT,US,,070012099,070012099,ShipTo,District,NOT APPLICABLE,,,,,,,,,,,,,0,0,Tax,,ZeroRated,13.08,0
,,,,2024-04-04+13:32:04,2024-04-04+00:00,Amazon.com,,AFN,,,SHIPMENT,MarketplaceFacilitator,Amazon,,1,USD,,,,13.08,FALSE,13.08,0,0.92,,,NC,,,341830000,MARSHALL,NC,US,,341150000,341150000,ShipTo,State,NC,,,,,,,,,,,,,0.62,0.0475,Tax,Sales and Use Tax,Taxable,0,13.08
,,,,2024-04-04+13:32:04,2024-04-04+00:00,Amazon.com,,AFN,,,SHIPMENT,MarketplaceFacilitator,Amazon,,1,USD,,,,13.08,FALSE,13.08,,,,,NC,,,341830000,MARSHALL,NC,US,,341150000,341150000,ShipTo,City,NOT APPLICABLE,,,,,,,,,,,,,0,0,Tax,,ZeroRated,13.08,0
,,,,2024-04-04+13:32:04,2024-04-04+00:00,Amazon.com,,AFN,,,SHIPMENT,MarketplaceFacilitator,Amazon,,1,USD,,,,13.08,FALSE,13.08,,,,,NC,,,341830000,MARSHALL,NC,US,,341150000,341150000,ShipTo,County,MADISON,,,,,,,,,,,,,0.3,0.0225,Tax,Local Sales and Use Tax,Taxable,0,13.08
,,,,2024-04-04+13:32:04,2024-04-04+00:00,Amazon.com,,AFN,,,SHIPMENT,MarketplaceFacilitator,Amazon,,1,USD,,,,13.08,FALSE,13.08,,,,,NC,,,341830000,MARSHALL,NC,US,,341150000,341150000,ShipTo,District,NOT APPLICABLE,,,,,,,,,,,,,0,0,Tax,,ZeroRated,13.08,0
,,,,2024-04-04+13:44:26,2024-04-04+00:00,Amazon.com,,AFN,,,SHIPMENT,MarketplaceFacilitator,Amazon,,1,USD,,,,13.08,FALSE,13.08,0,1.5,,,MI,,,231632170,lajas,PR,US,,720790079,720790079,ShipTo,State,PR,,,,,,,,,,,,,1.37,0.105,Tax,Sales and Use Tax,Taxable,0,13.08
,,,,2024-04-04+13:44:26,2024-04-04+00:00,Amazon.com,,AFN,,,SHIPMENT,MarketplaceFacilitator,Amazon,,1,USD,,,,13.08,FALSE,13.08,,,,,MI,,,231632170,lajas,PR,US,,720790079,720790079,ShipTo,City,NOT APPLICABLE,,,,,,,,,,,,,0,0,Tax,,ZeroRated,13.08,0
,,,,2024-04-04+13:44:26,2024-04-04+00:00,Amazon.com,,AFN,,,SHIPMENT,MarketplaceFacilitator,Amazon,,1,USD,,,,13.08,FALSE,13.08,,,,,MI,,,231632170,lajas,PR,US,,720790079,720790079,ShipTo,County,LAJAS,,,,,,,,,,,,,0.13,0.01,Tax,Contribution on Retail Sales,Taxable,0,13.08
,,,,2024-04-04+13:44:26,2024-04-04+00:00,Amazon.com,,AFN,,,SHIPMENT,MarketplaceFacilitator,Amazon,,1,USD,,,,13.08,FALSE,13.08,,,,,MI,,,231632170,lajas,PR,US,,720790079,720790079,ShipTo,District,NOT APPLICABLE,,,,,,,,,,,,,0,0,Tax,,ZeroRated,13.08,0
,,,,2024-04-04+16:22:44,2024-04-04+00:00,Amazon.com,,AFN,,,SHIPMENT,MarketplaceFacilitator,Amazon,,1,USD,,,,13.08,FALSE,13.08,0,1.01,,,CA,,,470590000,SAN DIEGO,CA,US,,050733020,050733020,ShipTo,State,CA,,,,,,,,,,,,,0.78,0.06,Tax,Sales and Use Tax,Taxable,0,13.08
,,,,2024-04-04+16:22:44,2024-04-04+00:00,Amazon.com,,AFN,,,SHIPMENT,MarketplaceFacilitator,Amazon,,1,USD,,,,13.08,FALSE,13.08,,,,,CA,,,470590000,SAN DIEGO,CA,US,,050733020,050733020,ShipTo,City,NOT APPLICABLE,,,,,,,,,,,,,0,0,Tax,,ZeroRated,13.08,0
,,,,2024-04-04+16:22:44,2024-04-04+00:00,Amazon.com,,AFN,,,SHIPMENT,MarketplaceFacilitator,Amazon,,1,USD,,,,13.08,FALSE,13.08,,,,,CA,,,470590000,SAN DIEGO,CA,US,,050733020,050733020,ShipTo,County,SAN DIEGO,,,,,,,,,,,,,0.16,0.0125,Tax,Local Sales and Use Tax,Taxable,0,13.08
,,,,2024-04-04+16:22:44,2024-04-04+00:00,Amazon.com,,AFN,,,SHIPMENT,MarketplaceFacilitator,Amazon,,1,USD,,,,13.08,FALSE,13.08,,,,,CA,,,470590000,SAN DIEGO,CA,US,,050733020,050733020,ShipTo,District,REGIONAL TRANSPORTATION COMMISSION (SDCT),,,,,,,,,,,,,0.07,0.005,Tax,Local Sales and Use Tax,Taxable,0,13.08
,,,,2024-04-04+11:23:19,2024-04-05+00:00,Amazon.com,,AFN,,,SHIPMENT,MarketplaceFacilitator,Amazon,,1,USD,,,,13.08,FALSE,13.08,0,1.08,,,TX,,,441576459,BEAUMONT,TX,US,,442450220,442450220,ShipTo,State,TX,,,,,,,,,,,,,0.81,0.0625,Tax,Sales and Use Tax,Taxable,0,13.08
,,,,2024-04-04+11:23:19,2024-04-05+00:00,Amazon.com,,AFN,,,SHIPMENT,MarketplaceFacilitator,Amazon,,1,USD,,,,13.08,FALSE,13.08,,,,,TX,,,441576459,BEAUMONT,TX,US,,442450220,442450220,ShipTo,City,BEAUMONT,,,,,,,,,,,,,0.2,0.015,Tax,Local Sales and Use Tax,Taxable,0,13.08
,,,,2024-04-04+11:23:19,2024-04-05+00:00,Amazon.com,,AFN,,,SHIPMENT,MarketplaceFacilitator,Amazon,,1,USD,,,,13.08,FALSE,13.08,,,,,TX,,,441576459,BEAUMONT,TX,US,,442450220,442450220,ShipTo,County,JEFFERSON,,,,,,,,,,,,,0.07,0.005,Tax,Local Sales and Use Tax,Taxable,0,13.08
,,,,2024-04-04+11:23:19,2024-04-05+00:00,Amazon.com,,AFN,,,SHIPMENT,MarketplaceFacilitator,Amazon,,1,USD,,,,13.08,FALSE,13.08,,,,,TX,,,441576459,BEAUMONT,TX,US,,442450220,442450220,ShipTo,District,NOT APPLICABLE,,,,,,,,,,,,,0,0,Tax,,ZeroRated,13.08,0
,,,,2024-04-04+12:54:16,2024-04-05+00:00,Amazon.com,,AFN,,,SHIPMENT,MarketplaceFacilitator,Amazon,,1,USD,,,,13.08,FALSE,13.08,0,1.01,,,OH,,,360974726,TOLEDO,OH,US,,360952490,360952490,ShipTo,State,OH,,,Y,0,0,-1.17,PromotionIdAndCouponCode,0,,Amazon Funded Discount US,NoReductionInTaxabaleBasis,,0.75,0.0575,Tax,Sales and Use Tax,Taxable,0,13.08
,,,,2024-04-04+12:54:16,2024-04-05+00:00,Amazon.com,,AFN,,,SHIPMENT,MarketplaceFacilitator,Amazon,,1,USD,,,,13.08,FALSE,13.08,,,,,OH,,,360974726,TOLEDO,OH,US,,360952490,360952490,ShipTo,City,NOT APPLICABLE,,,Y,0,0,-1.17,PromotionIdAndCouponCode,0,,Amazon Funded Discount US,NoReductionInTaxabaleBasis,,0,0,Tax,,ZeroRated,13.08,0
,,,,2024-04-04+12:54:16,2024-04-05+00:00,Amazon.com,,AFN,,,SHIPMENT,MarketplaceFacilitator,Amazon,,1,USD,,,,13.08,FALSE,13.08,,,,,OH,,,360974726,TOLEDO,OH,US,,360952490,360952490,ShipTo,County,LUCAS,,,Y,0,0,-1.17,PromotionIdAndCouponCode,0,,Amazon Funded Discount US,NoReductionInTaxabaleBasis,,0.2,0.015,Tax,Local Sales and Use Tax,Taxable,0,13.08
,,,,2024-04-04+12:54:16,2024-04-05+00:00,Amazon.com,,AFN,,,SHIPMENT,MarketplaceFacilitator,Amazon,,1,USD,,,,13.08,FALSE,13.08,,,,,OH,,,360974726,TOLEDO,OH,US,,360952490,360952490,ShipTo,District,TOLEDO AREA REGIONAL TRANSIT AUTHORITY,,,Y,0,0,-1.17,PromotionIdAndCouponCode,0,,Amazon Funded Discount US,NoReductionInTaxabaleBasis,,0.06,0.005,Tax,Local Sales and Use Tax,Taxable,0,13.08
,,,,2024-04-04+12:54:16,2024-04-05+00:00,Amazon.com,,AFN,,,SHIPMENT,MarketplaceFacilitator,Amazon,,1,USD,,,,13.08,FALSE,13.08,0,1.01,,,OH,,,360974726,TOLEDO,OH,US,,360952490,360952490,ShipTo,State,OH,,,Y,0,0,-1.18,PromotionIdAndCouponCode,0,,Amazon Funded Discount US,NoReductionInTaxabaleBasis,,0.75,0.0575,Tax,Sales and Use Tax,Taxable,0,13.08
,,,,2024-04-04+12:54:16,2024-04-05+00:00,Amazon.com,,AFN,,,SHIPMENT,MarketplaceFacilitator,Amazon,,1,USD,,,,13.08,FALSE,13.08,,,,,OH,,,360974726,TOLEDO,OH,US,,360952490,360952490,ShipTo,City,NOT APPLICABLE,,,Y,0,0,-1.18,PromotionIdAndCouponCode,0,,Amazon Funded Discount US,NoReductionInTaxabaleBasis,,0,0,Tax,,ZeroRated,13.08,0
,,,,2024-04-04+12:54:16,2024-04-05+00:00,Amazon.com,,AFN,,,SHIPMENT,MarketplaceFacilitator,Amazon,,1,USD,,,,13.08,FALSE,13.08,,,,,OH,,,360974726,TOLEDO,OH,US,,360952490,360952490,ShipTo,County,LUCAS,,,Y,0,0,-1.18,PromotionIdAndCouponCode,0,,Amazon Funded Discount US,NoReductionInTaxabaleBasis,,0.2,0.015,Tax,Local Sales and Use Tax,Taxable,0,13.08
,,,,2024-04-04+12:54:16,2024-04-05+00:00,Amazon.com,,AFN,,,SHIPMENT,MarketplaceFacilitator,Amazon,,1,USD,,,,13.08,FALSE,13.08,,,,,OH,,,360974726,TOLEDO,OH,US,,360952490,360952490,ShipTo,District,TOLEDO AREA REGIONAL TRANSIT AUTHORITY,,,Y,0,0,-1.18,PromotionIdAndCouponCode,0,,Amazon Funded Discount US,NoReductionInTaxabaleBasis,,0.06,0.005,Tax,Local Sales and Use Tax,Taxable,0,13.08
,,,,2024-04-04+16:35:25,2024-04-05+00:00,Amazon.com,,AFN,,,SHIPMENT,MarketplaceFacilitator,Amazon,,1,USD,,,,13.08,FALSE,13.08,0,0.95,,,CA,,,470590000,ANDERSON,CA,US,,050890000,050890000,ShipTo,State,CA,,,,,,,,,,,,,0.79,0.06,Tax,Sales and Use Tax,Taxable,0,13.08
,,,,2024-04-04+16:35:25,2024-04-05+00:00,Amazon.com,,AFN,,,SHIPMENT,MarketplaceFacilitator,Amazon,,1,USD,,,,13.08,FALSE,13.08,,,,,CA,,,470590000,ANDERSON,CA,US,,050890000,050890000,ShipTo,City,NOT APPLICABLE,,,,,,,,,,,,,0,0,Tax,,ZeroRated,13.08,0
,,,,2024-04-04+16:35:25,2024-04-05+00:00,Amazon.com,,AFN,,,SHIPMENT,MarketplaceFacilitator,Amazon,,1,USD,,,,13.08,FALSE,13.08,,,,,CA,,,470590000,ANDERSON,CA,US,,050890000,050890000,ShipTo,County,SHASTA,,,,,,,,,,,,,0.16,0.0125,Tax,Local Sales and Use Tax,Taxable,0,13.08
,,,,2024-04-04+16:35:25,2024-04-05+00:00,Amazon.com,,AFN,,,SHIPMENT,MarketplaceFacilitator,Amazon,,1,USD,,,,13.08,FALSE,13.08,,,,,CA,,,470590000,ANDERSON,CA,US,,050890000,050890000,ShipTo,District,NOT APPLICABLE,,,,,,,,,,,,,0,0,Tax,,ZeroRated,13.08,0
,,,,2024-04-04+20:49:42,2024-04-05+00:00,Amazon.com,,AFN,,,SHIPMENT,MarketplaceFacilitator,Amazon,,1,USD,,,,0.76,FALSE,0.76,0,0,,,CT,,,070090000,SALEM,MA,US,,220090870,220090870,ShipTo,State,MA,,,Y,0,0,-0.76,PromotionIdAndCouponCode,0,,Self Funded,ReductionInTaxableBasis,,0,0,Tax,Sales and Use Tax,NonTaxable,0,0
,,,,2024-04-04+20:49:42,2024-04-05+00:00,Amazon.com,,AFN,,,SHIPMENT,MarketplaceFacilitator,Amazon,,1,USD,,,,0.76,FALSE,0.76,,,,,CT,,,070090000,SALEM,MA,US,,220090870,220090870,ShipTo,City,NOT APPLICABLE,,,Y,0,0,-0.76,PromotionIdAndCouponCode,0,,Self Funded,ReductionInTaxableBasis,,0,0,Tax,,NonTaxable,0,0
,,,,2024-04-04+20:49:42,2024-04-05+00:00,Amazon.com,,AFN,,,SHIPMENT,MarketplaceFacilitator,Amazon,,1,USD,,,,0.76,FALSE,0.76,,,,,CT,,,070090000,SALEM,MA,US,,220090870,220090870,ShipTo,County,NOT APPLICABLE,,,Y,0,0,-0.76,PromotionIdAndCouponCode,0,,Self Funded,ReductionInTaxableBasis,,0,0,Tax,,NonTaxable,0,0
,,,,2024-04-04+20:49:42,2024-04-05+00:00,Amazon.com,,AFN,,,SHIPMENT,MarketplaceFacilitator,Amazon,,1,USD,,,,0.76,FALSE,0.76,,,,,CT,,,070090000,SALEM,MA,US,,220090870,220090870,ShipTo,District,NOT APPLICABLE,,,Y,0,0,-0.76,PromotionIdAndCouponCode,0,,Self Funded,ReductionInTaxableBasis,,0,0,Tax,,NonTaxable,0,0
,,,,2024-04-04+20:49:42,2024-04-05+00:00,Amazon.com,,AFN,,,SHIPMENT,MarketplaceFacilitator,Amazon,,1,USD,,,,13.08,FALSE,13.08,0,0.82,,,CT,,,070090000,SALEM,MA,US,,220090870,220090870,ShipTo,State,MA,,,,,,,,,,,,,0.82,0.0625,Tax,Sales and Use Tax,Taxable,0,13.08
,,,,2024-04-04+20:49:42,2024-04-05+00:00,Amazon.com,,AFN,,,SHIPMENT,MarketplaceFacilitator,Amazon,,1,USD,,,,13.08,FALSE,13.08,,,,,CT,,,070090000,SALEM,MA,US,,220090870,220090870,ShipTo,City,NOT APPLICABLE,,,,,,,,,,,,,0,0,Tax,,ZeroRated,13.08,0
,,,,2024-04-04+20:49:42,2024-04-05+00:00,Amazon.com,,AFN,,,SHIPMENT,MarketplaceFacilitator,Amazon,,1,USD,,,,13.08,FALSE,13.08,,,,,CT,,,070090000,SALEM,MA,US,,220090870,220090870,ShipTo,County,NOT APPLICABLE,,,,,,,,,,,,,0,0,Tax,,ZeroRated,13.08,0
,,,,2024-04-04+20:49:42,2024-04-05+00:00,Amazon.com,,AFN,,,SHIPMENT,MarketplaceFacilitator,Amazon,,1,USD,,,,13.08,FALSE,13.08,,,,,CT,,,070090000,SALEM,MA,US,,220090870,220090870,ShipTo,District,NOT APPLICABLE,,,,,,,,,,,,,0,0,Tax,,ZeroRated,13.08,0
,,,,2024-04-04+16:12:11,2024-04-05+00:00,Amazon.com,,AFN,,,SHIPMENT,MarketplaceFacilitator,Amazon,,1,USD,,,,13.08,FALSE,13.08,0,0.92,,,NC,,,341830000,LANDRUM,SC,US,,410830000,410830000,ShipTo,State,SC,,,,,,,,,,,,,0.79,0.06,Tax,Sales and Use Tax,Taxable,0,13.08
,,,,2024-04-04+16:12:11,2024-04-05+00:00,Amazon.com,,AFN,,,SHIPMENT,MarketplaceFacilitator,Amazon,,1,USD,,,,13.08,FALSE,13.08,,,,,NC,,,341830000,LANDRUM,SC,US,,410830000,410830000,ShipTo,City,NOT APPLICABLE,,,,,,,,,,,,,0,0,Tax,,ZeroRated,13.08,0
,,,,2024-04-04+16:12:11,2024-04-05+00:00,Amazon.com,,AFN,,,SHIPMENT,MarketplaceFacilitator,Amazon,,1,USD,,,,13.08,FALSE,13.08,,,,,NC,,,341830000,LANDRUM,SC,US,,410830000,410830000,ShipTo,County,SPARTANBURG,,,,,,,,,,,,,0.13,0.01,Tax,Local Sales and Use Tax,Taxable,0,13.08
,,,,2024-04-04+16:12:11,2024-04-05+00:00,Amazon.com,,AFN,,,SHIPMENT,MarketplaceFacilitator,Amazon,,1,USD,,,,13.08,FALSE,13.08,,,,,NC,,,341830000,LANDRUM,SC,US,,410830000,410830000,ShipTo,District,NOT APPLICABLE,,,,,,,,,,,,,0,0,Tax,,ZeroRated,13.08,0
,,,,2024-04-04+12:44:10,2024-04-05+00:00,Amazon.com,,AFN,,,SHIPMENT,Standard,Seller,A_GEN_NOTAX,1,USD,,,,13.08,FALSE,13.08,0,0,,,CT,,,070030000,NEWMARKET,NH,US,,300150000,300150000,ShipTo,State,NH,,,,,,,,,,,,0,,0,Tax,No Sales or Use Tax Imposed,NonTaxable,13.08,0
,,,,2024-04-04+12:44:10,2024-04-05+00:00,Amazon.com,,AFN,,,SHIPMENT,Standard,Seller,A_GEN_NOTAX,1,USD,,,,13.08,FALSE,13.08,,,,,CT,,,070030000,NEWMARKET,NH,US,,300150000,300150000,ShipTo,City,NOT APPLICABLE,,,,,,,,,,,,0,,0,Tax,,ZeroRated,13.08,0
,,,,2024-04-04+12:44:10,2024-04-05+00:00,Amazon.com,,AFN,,,SHIPMENT,Standard,Seller,A_GEN_NOTAX,1,USD,,,,13.08,FALSE,13.08,,,,,CT,,,070030000,NEWMARKET,NH,US,,300150000,300150000,ShipTo,County,NOT APPLICABLE,,,,,,,,,,,,0,,0,Tax,,ZeroRated,13.08,0
,,,,2024-04-04+12:44:10,2024-04-05+00:00,Amazon.com,,AFN,,,SHIPMENT,Standard,Seller,A_GEN_NOTAX,1,USD,,,,13.08,FALSE,13.08,,,,,CT,,,070030000,NEWMARKET,NH,US,,300150000,300150000,ShipTo,District,NOT APPLICABLE,,,,,,,,,,,,0,,0,Tax,,ZeroRated,13.08,0
,,,,2024-04-04+12:44:10,2024-04-05+00:00,Amazon.com,,AFN,,,SHIPMENT,Standard,Seller,A_GEN_NOTAX,1,USD,,,,5.44,FALSE,5.44,0,0,,,CT,,,070030000,NEWMARKET,NH,US,,300150000,300150000,ShipTo,State,NH,,,Y,0,0,-5.44,PromotionIdAndCouponCode,0,,Self Funded,ReductionInTaxableBasis,0,,0,Tax,No Sales or Use Tax Imposed,NonTaxable,0,0
,,,,2024-04-04+12:44:10,2024-04-05+00:00,Amazon.com,,AFN,,,SHIPMENT,Standard,Seller,A_GEN_NOTAX,1,USD,,,,5.44,FALSE,5.44,,,,,CT,,,070030000,NEWMARKET,NH,US,,300150000,300150000,ShipTo,City,NOT APPLICABLE,,,Y,0,0,-5.44,PromotionIdAndCouponCode,0,,Self Funded,ReductionInTaxableBasis,0,,0,Tax,,NonTaxable,0,0
,,,,2024-04-04+12:44:10,2024-04-05+00:00,Amazon.com,,AFN,,,SHIPMENT,Standard,Seller,A_GEN_NOTAX,1,USD,,,,5.44,FALSE,5.44,,,,,CT,,,070030000,NEWMARKET,NH,US,,300150000,300150000,ShipTo,County,NOT APPLICABLE,,,Y,0,0,-5.44,PromotionIdAndCouponCode,0,,Self Funded,ReductionInTaxableBasis,0,,0,Tax,,NonTaxable,0,0
,,,,2024-04-04+12:44:10,2024-04-05+00:00,Amazon.com,,AFN,,,SHIPMENT,Standard,Seller,A_GEN_NOTAX,1,USD,,,,5.44,FALSE,5.44,,,,,CT,,,070030000,NEWMARKET,NH,US,,300150000,300150000,ShipTo,District,NOT APPLICABLE,,,Y,0,0,-5.44,PromotionIdAndCouponCode,0,,Self Funded,ReductionInTaxableBasis,0,,0,Tax,,NonTaxable,0,0
,,,,2024-04-04+17:54:33,2024-04-05+00:00,Amazon.com,,AFN,,,SHIPMENT,MarketplaceFacilitator,Amazon,,1,USD,,,,13.08,FALSE,13.08,0,0.78,,,MI,,,231632170,GRAND HAVEN,MI,US,,231396023,231396023,ShipTo,State,MI,,,,,,,,,,,,,0.78,0.06,Tax,Sales and Use Tax,Taxable,0,13.08
,,,,2024-04-04+17:54:33,2024-04-05+00:00,Amazon.com,,AFN,,,SHIPMENT,MarketplaceFacilitator,Amazon,,1,USD,,,,13.08,FALSE,13.08,,,,,MI,,,231632170,GRAND HAVEN,MI,US,,231396023,231396023,ShipTo,City,NOT APPLICABLE,,,,,,,,,,,,,0,0,Tax,,ZeroRated,13.08,0
,,,,2024-04-04+17:54:33,2024-04-05+00:00,Amazon.com,,AFN,,,SHIPMENT,MarketplaceFacilitator,Amazon,,1,USD,,,,13.08,FALSE,13.08,,,,,MI,,,231632170,GRAND HAVEN,MI,US,,231396023,231396023,ShipTo,County,NOT APPLICABLE,,,,,,,,,,,,,0,0,Tax,,ZeroRated,13.08,0
,,,,2024-04-04+17:54:33,2024-04-05+00:00,Amazon.com,,AFN,,,SHIPMENT,MarketplaceFacilitator,Amazon,,1,USD,,,,13.08,FALSE,13.08,,,,,MI,,,231632170,GRAND HAVEN,MI,US,,231396023,231396023,ShipTo,District,NOT APPLICABLE,,,,,,,,,,,,,0,0,Tax,,ZeroRated,13.08,0
,,,,2024-04-04+20:55:45,2024-04-05+00:00,Amazon.com,,AFN,,,SHIPMENT,MarketplaceFacilitator,Amazon,,1,USD,,,,0.6,FALSE,0.6,0,0,,,CA,,,470590000,POMONA,CA,US,,050372690,050372690,ShipTo,State,CA,,,Y,0,0,-0.6,PromotionIdAndCouponCode,0,,Self Funded,ReductionInTaxableBasis,,0,0.06,Tax,Sales and Use Tax,Taxable,0,0
,,,,2024-04-04+20:55:45,2024-04-05+00:00,Amazon.com,,AFN,,,SHIPMENT,MarketplaceFacilitator,Amazon,,1,USD,,,,0.6,FALSE,0.6,,,,,CA,,,470590000,POMONA,CA,US,,050372690,050372690,ShipTo,City,NOT APPLICABLE,,,Y,0,0,-0.6,PromotionIdAndCouponCode,0,,Self Funded,ReductionInTaxableBasis,,0,0,Tax,,NonTaxable,0,0
,,,,2024-04-04+20:55:45,2024-04-05+00:00,Amazon.com,,AFN,,,SHIPMENT,MarketplaceFacilitator,Amazon,,1,USD,,,,0.6,FALSE,0.6,,,,,CA,,,470590000,POMONA,CA,US,,050372690,050372690,ShipTo,County,LOS ANGELES,,,Y,0,0,-0.6,PromotionIdAndCouponCode,0,,Self Funded,ReductionInTaxableBasis,,0,0.0125,Tax,Local Sales and Use Tax,Taxable,0,0
,,,,2024-04-04+20:55:45,2024-04-05+00:00,Amazon.com,,AFN,,,SHIPMENT,MarketplaceFacilitator,Amazon,,1,USD,,,,0.6,FALSE,0.6,,,,,CA,,,470590000,POMONA,CA,US,,050372690,050372690,ShipTo,District,MEASURE H TRANSACTIONS AND USE TAX (LACH),,,Y,0,0,-0.6,PromotionIdAndCouponCode,0,,Self Funded,ReductionInTaxableBasis,,0,0.0025,Tax,Local Sales and Use Tax,Taxable,0,0
,,,,2024-04-04+20:55:45,2024-04-05+00:00,Amazon.com,,AFN,,,SHIPMENT,MarketplaceFacilitator,Amazon,,1,USD,,,,0.6,FALSE,0.6,,,,,CA,,,470590000,POMONA,CA,US,,050372690,050372690,ShipTo,District,METROPOLITAN TRANSIT DISTRICT (LAMT),,,Y,0,0,-0.6,PromotionIdAndCouponCode,0,,Self Funded,ReductionInTaxableBasis,,0,0.005,Tax,Local Sales and Use Tax,Taxable,0,0
,,,,2024-04-04+20:55:45,2024-04-05+00:00,Amazon.com,,AFN,,,SHIPMENT,MarketplaceFacilitator,Amazon,,1,USD,,,,0.6,FALSE,0.6,,,,,CA,,,470590000,POMONA,CA,US,,050372690,050372690,ShipTo,District,TRANSACTIONS AND USE TAX (LAMA),,,Y,0,0,-0.6,PromotionIdAndCouponCode,0,,Self Funded,ReductionInTaxableBasis,,0,0.005,Tax,Local Sales and Use Tax,Taxable,0,0
,,,,2024-04-04+20:55:45,2024-04-05+00:00,Amazon.com,,AFN,,,SHIPMENT,MarketplaceFacilitator,Amazon,,1,USD,,,,0.6,FALSE,0.6,,,,,CA,,,470590000,POMONA,CA,US,,050372690,050372690,ShipTo,District,TRANSACTIONS AND USE TAX (PMAG),,,Y,0,0,-0.6,PromotionIdAndCouponCode,0,,Self Funded,ReductionInTaxableBasis,,0,0.0075,Tax,Local Sales and Use Tax,Taxable,0,0
,,,,2024-04-04+20:55:45,2024-04-05+00:00,Amazon.com,,AFN,,,SHIPMENT,MarketplaceFacilitator,Amazon,,1,USD,,,,0.6,FALSE,0.6,,,,,CA,,,470590000,POMONA,CA,US,,050372690,050372690,ShipTo,District,TRANSIT DISTRICT (LACT),,,Y,0,0,-0.6,PromotionIdAndCouponCode,0,,Self Funded,ReductionInTaxableBasis,,0,0.005,Tax,Local Sales and Use Tax,Taxable,0,0
,,,,2024-04-04+20:55:45,2024-04-05+00:00,Amazon.com,,AFN,,,SHIPMENT,MarketplaceFacilitator,Amazon,,1,USD,,,,0.6,FALSE,0.6,,,,,CA,,,470590000,POMONA,CA,US,,050372690,050372690,ShipTo,District,TRANSPORTATION COMMISSION (LATC),,,Y,0,0,-0.6,PromotionIdAndCouponCode,0,,Self Funded,ReductionInTaxableBasis,,0,0.005,Tax,Local Sales and Use Tax,Taxable,0,0
,,,,2024-04-04+20:55:45,2024-04-05+00:00,Amazon.com,,AFN,,,SHIPMENT,MarketplaceFacilitator,Amazon,,1,USD,,,,13.08,FALSE,13.08,0,1.34,,,CA,,,470590000,POMONA,CA,US,,050372690,050372690,ShipTo,State,CA,,,,,,,,,,,,,0.78,0.06,Tax,Sales and Use Tax,Taxable,0,13.08
,,,,2024-04-04+20:55:45,2024-04-05+00:00,Amazon.com,,AFN,,,SHIPMENT,MarketplaceFacilitator,Amazon,,1,USD,,,,13.08,FALSE,13.08,,,,,CA,,,470590000,POMONA,CA,US,,050372690,050372690,ShipTo,City,NOT APPLICABLE,,,,,,,,,,,,,0,0,Tax,,ZeroRated,13.08,0
,,,,2024-04-04+20:55:45,2024-04-05+00:00,Amazon.com,,AFN,,,SHIPMENT,MarketplaceFacilitator,Amazon,,1,USD,,,,13.08,FALSE,13.08,,,,,CA,,,470590000,POMONA,CA,US,,050372690,050372690,ShipTo,County,LOS ANGELES,,,,,,,,,,,,,0.16,0.0125,Tax,Local Sales and Use Tax,Taxable,0,13.08
,,,,2024-04-04+20:55:45,2024-04-05+00:00,Amazon.com,,AFN,,,SHIPMENT,MarketplaceFacilitator,Amazon,,1,USD,,,,13.08,FALSE,13.08,,,,,CA,,,470590000,POMONA,CA,US,,050372690,050372690,ShipTo,District,MEASURE H TRANSACTIONS AND USE TAX (LACH),,,,,,,,,,,,,0.03,0.0025,Tax,Local Sales and Use Tax,Taxable,0,13.08
,,,,2024-04-04+20:55:45,2024-04-05+00:00,Amazon.com,,AFN,,,SHIPMENT,MarketplaceFacilitator,Amazon,,1,USD,,,,13.08,FALSE,13.08,,,,,CA,,,470590000,POMONA,CA,US,,050372690,050372690,ShipTo,District,METROPOLITAN TRANSIT DISTRICT (LAMT),,,,,,,,,,,,,0.07,0.005,Tax,Local Sales and Use Tax,Taxable,0,13.08
,,,,2024-04-04+20:55:45,2024-04-05+00:00,Amazon.com,,AFN,,,SHIPMENT,MarketplaceFacilitator,Amazon,,1,USD,,,,13.08,FALSE,13.08,,,,,CA,,,470590000,POMONA,CA,US,,050372690,050372690,ShipTo,District,TRANSACTIONS AND USE TAX (LAMA),,,,,,,,,,,,,0.06,0.005,Tax,Local Sales and Use Tax,Taxable,0,13.08
,,,,2024-04-04+20:55:45,2024-04-05+00:00,Amazon.com,,AFN,,,SHIPMENT,MarketplaceFacilitator,Amazon,,1,USD,,,,13.08,FALSE,13.08,,,,,CA,,,470590000,POMONA,CA,US,,050372690,050372690,ShipTo,District,TRANSACTIONS AND USE TAX (PMAG),,,,,,,,,,,,,0.1,0.0075,Tax,Local Sales and Use Tax,Taxable,0,13.08
,,,,2024-04-04+20:55:45,2024-04-05+00:00,Amazon.com,,AFN,,,SHIPMENT,MarketplaceFacilitator,Amazon,,1,USD,,,,13.08,FALSE,13.08,,,,,CA,,,470590000,POMONA,CA,US,,050372690,050372690,ShipTo,District,TRANSIT DISTRICT (LACT),,,,,,,,,,,,,0.07,0.005,Tax,Local Sales and Use Tax,Taxable,0,13.08
,,,,2024-04-04+20:55:45,2024-04-05+00:00,Amazon.com,,AFN,,,SHIPMENT,MarketplaceFacilitator,Amazon,,1,USD,,,,13.08,FALSE,13.08,,,,,CA,,,470590000,POMONA,CA,US,,050372690,050372690,ShipTo,District,TRANSPORTATION COMMISSION (LATC),,,,,,,,,,,,,0.07,0.005,Tax,Local Sales and Use Tax,Taxable,0,13.08
,,,,2024-04-05+06:08:43,2024-04-05+00:00,Amazon.com,,AFN,,,SHIPMENT,MarketplaceFacilitator,Amazon,,1,USD,,,,13.08,FALSE,13.08,0,1.24,,,TX,,,441130000,BENTONVILLE,AR,US,,040070050,040070050,ShipTo,State,AR,,,,,,,,,,,,,0.85,0.065,Tax,Gross Receipts and Use Tax,Taxable,0,13.08
,,,,2024-04-05+06:08:43,2024-04-05+00:00,Amazon.com,,AFN,,,SHIPMENT,MarketplaceFacilitator,Amazon,,1,USD,,,,13.08,FALSE,13.08,,,,,TX,,,441130000,BENTONVILLE,AR,US,,040070050,040070050,ShipTo,City,BENTONVILLE,,,,,,,,,,,,,0.26,0.02,Tax,Local Sales and Use Tax,Taxable,0,13.08
,,,,2024-04-05+06:08:43,2024-04-05+00:00,Amazon.com,,AFN,,,SHIPMENT,MarketplaceFacilitator,Amazon,,1,USD,,,,13.08,FALSE,13.08,,,,,TX,,,441130000,BENTONVILLE,AR,US,,040070050,040070050,ShipTo,County,BENTON,,,,,,,,,,,,,0.13,0.01,Tax,Local Sales and Use Tax,Taxable,0,13.08
,,,,2024-04-05+06:08:43,2024-04-05+00:00,Amazon.com,,AFN,,,SHIPMENT,MarketplaceFacilitator,Amazon,,1,USD,,,,13.08,FALSE,13.08,,,,,TX,,,441130000,BENTONVILLE,AR,US,,040070050,040070050,ShipTo,District,NOT APPLICABLE,,,,,,,,,,,,,0,0,Tax,,ZeroRated,13.08,0
,,,,2024-04-05+00:54:25,2024-04-05+00:00,Amazon.com,,AFN,,,SHIPMENT,MarketplaceFacilitator,Amazon,,1,USD,,,,13.08,FALSE,13.08,0,0.78,,,OH,,,360974726,ANN ARBOR,MI,US,,231610000,231610000,ShipTo,State,MI,,,,,,,,,,,,,0.78,0.06,Tax,Sales and Use Tax,Taxable,0,13.08
,,,,2024-04-05+00:54:25,2024-04-05+00:00,Amazon.com,,AFN,,,SHIPMENT,MarketplaceFacilitator,Amazon,,1,USD,,,,13.08,FALSE,13.08,,,,,OH,,,360974726,ANN ARBOR,MI,US,,231610000,231610000,ShipTo,City,NOT APPLICABLE,,,,,,,,,,,,,0,0,Tax,,ZeroRated,13.08,0
,,,,2024-04-05+00:54:25,2024-04-05+00:00,Amazon.com,,AFN,,,SHIPMENT,MarketplaceFacilitator,Amazon,,1,USD,,,,13.08,FALSE,13.08,,,,,OH,,,360974726,ANN ARBOR,MI,US,,231610000,231610000,ShipTo,County,NOT APPLICABLE,,,,,,,,,,,,,0,0,Tax,,ZeroRated,13.08,0
,,,,2024-04-05+00:54:25,2024-04-05+00:00,Amazon.com,,AFN,,,SHIPMENT,MarketplaceFacilitator,Amazon,,1,USD,,,,13.08,FALSE,13.08,,,,,OH,,,360974726,ANN ARBOR,MI,US,,231610000,231610000,ShipTo,District,NOT APPLICABLE,,,,,,,,,,,,,0,0,Tax,,ZeroRated,13.08,0
,,,,2024-04-05+12:22:41,2024-04-05+00:00,Amazon.com,,AFN,,,SHIPMENT,MarketplaceFacilitator,Amazon,,1,USD,,,,13.08,FALSE,13.08,0,0.88,,,DE,,,080030000,KITTY HAWK,NC,US,,340552275,340552275,ShipTo,State,NC,,,,,,,,,,,,,0.62,0.0475,Tax,Sales and Use Tax,Taxable,0,13.08
,,,,2024-04-05+12:22:41,2024-04-05+00:00,Amazon.com,,AFN,,,SHIPMENT,MarketplaceFacilitator,Amazon,,1,USD,,,,13.08,FALSE,13.08,,,,,DE,,,080030000,KITTY HAWK,NC,US,,340552275,340552275,ShipTo,City,NOT APPLICABLE,,,,,,,,,,,,,0,0,Tax,,ZeroRated,13.08,0
,,,,2024-04-05+12:22:41,2024-04-05+00:00,Amazon.com,,AFN,,,SHIPMENT,MarketplaceFacilitator,Amazon,,1,USD,,,,13.08,FALSE,13.08,,,,,DE,,,080030000,KITTY HAWK,NC,US,,340552275,340552275,ShipTo,County,DARE,,,,,,,,,,,,,0.26,0.02,Tax,Local Sales and Use Tax,Taxable,0,13.08
,,,,2024-04-05+12:22:41,2024-04-05+00:00,Amazon.com,,AFN,,,SHIPMENT,MarketplaceFacilitator,Amazon,,1,USD,,,,13.08,FALSE,13.08,,,,,DE,,,080030000,KITTY HAWK,NC,US,,340552275,340552275,ShipTo,District,NOT APPLICABLE,,,,,,,,,,,,,0,0,Tax,,ZeroRated,13.08,0
,,,,2024-04-05+11:36:10,2024-04-05+00:00,Amazon.com,,AFN,,,SHIPMENT,MarketplaceFacilitator,Amazon,,1,USD,,,,1.49,FALSE,1.49,0,0,,,GA,,,111350000,DACULA,GA,US,,111350000,111350000,ShipTo,State,GA,,,Y,0,0,-1.49,PromotionIdAndCouponCode,0,,Self Funded,ReductionInTaxableBasis,,0,0.04,Tax,Sales and Use Tax,Taxable,0,0
,,,,2024-04-05+11:36:10,2024-04-05+00:00,Amazon.com,,AFN,,,SHIPMENT,MarketplaceFacilitator,Amazon,,1,USD,,,,1.49,FALSE,1.49,,,,,GA,,,111350000,DACULA,GA,US,,111350000,111350000,ShipTo,City,NOT APPLICABLE,,,Y,0,0,-1.49,PromotionIdAndCouponCode,0,,Self Funded,ReductionInTaxableBasis,,0,0,Tax,,NonTaxable,0,0
,,,,2024-04-05+11:36:10,2024-04-05+00:00,Amazon.com,,AFN,,,SHIPMENT,MarketplaceFacilitator,Amazon,,1,USD,,,,1.49,FALSE,1.49,,,,,GA,,,111350000,DACULA,GA,US,,111350000,111350000,ShipTo,County,GWINNETT,,,Y,0,0,-1.49,PromotionIdAndCouponCode,0,,Self Funded,ReductionInTaxableBasis,,0,0.02,Tax,Local Sales and Use Tax,Taxable,0,0
,,,,2024-04-05+11:36:10,2024-04-05+00:00,Amazon.com,,AFN,,,SHIPMENT,MarketplaceFacilitator,Amazon,,1,USD,,,,1.49,FALSE,1.49,,,,,GA,,,111350000,DACULA,GA,US,,111350000,111350000,ShipTo,District,NOT APPLICABLE,,,Y,0,0,-1.49,PromotionIdAndCouponCode,0,,Self Funded,ReductionInTaxableBasis,,0,0,Tax,,NonTaxable,0,0
,,,,2024-04-05+11:36:10,2024-04-05+00:00,Amazon.com,,AFN,,,SHIPMENT,MarketplaceFacilitator,Amazon,,1,USD,,,,13.08,FALSE,13.08,0,0.78,,,GA,,,111350000,DACULA,GA,US,,111350000,111350000,ShipTo,State,GA,,,,,,,,,,,,,0.52,0.04,Tax,Sales and Use Tax,Taxable,0,13.08
,,,,2024-04-05+11:36:10,2024-04-05+00:00,Amazon.com,,AFN,,,SHIPMENT,MarketplaceFacilitator,Amazon,,1,USD,,,,13.08,FALSE,13.08,,,,,GA,,,111350000,DACULA,GA,US,,111350000,111350000,ShipTo,City,NOT APPLICABLE,,,,,,,,,,,,,0,0,Tax,,ZeroRated,13.08,0
,,,,2024-04-05+11:36:10,2024-04-05+00:00,Amazon.com,,AFN,,,SHIPMENT,MarketplaceFacilitator,Amazon,,1,USD,,,,13.08,FALSE,13.08,,,,,GA,,,111350000,DACULA,GA,US,,111350000,111350000,ShipTo,County,GWINNETT,,,,,,,,,,,,,0.26,0.02,Tax,Local Sales and Use Tax,Taxable,0,13.08
,,,,2024-04-05+11:36:10,2024-04-05+00:00,Amazon.com,,AFN,,,SHIPMENT,MarketplaceFacilitator,Amazon,,1,USD,,,,13.08,FALSE,13.08,,,,,GA,,,111350000,DACULA,GA,US,,111350000,111350000,ShipTo,District,NOT APPLICABLE,,,,,,,,,,,,,0,0,Tax,,ZeroRated,13.08,0
,,,,2024-04-05+13:24:32,2024-04-05+00:00,Amazon.com,,AFN,,,SHIPMENT,MarketplaceFacilitator,Amazon,,1,USD,,,,13.08,FALSE,13.08,0,1.08,,,TX,,,444535425,AUSTIN,TX,US,,444530150,444530150,ShipTo,State,TX,,,,,,,,,,,,,0.82,0.0625,Tax,Sales and Use Tax,Taxable,0,13.08
,,,,2024-04-05+13:24:32,2024-04-05+00:00,Amazon.com,,AFN,,,SHIPMENT,MarketplaceFacilitator,Amazon,,1,USD,,,,13.08,FALSE,13.08,,,,,TX,,,444535425,AUSTIN,TX,US,,444530150,444530150,ShipTo,City,AUSTIN,,,,,,,,,,,,,0.13,0.01,Tax,Local Sales and Use Tax,Taxable,0,13.08
,,,,2024-04-05+13:24:32,2024-04-05+00:00,Amazon.com,,AFN,,,SHIPMENT,MarketplaceFacilitator,Amazon,,1,USD,,,,13.08,FALSE,13.08,,,,,TX,,,444535425,AUSTIN,TX,US,,444530150,444530150,ShipTo,County,NOT APPLICABLE,,,,,,,,,,,,,0,0,Tax,,ZeroRated,13.08,0
,,,,2024-04-05+13:24:32,2024-04-05+00:00,Amazon.com,,AFN,,,SHIPMENT,MarketplaceFacilitator,Amazon,,1,USD,,,,13.08,FALSE,13.08,,,,,TX,,,444535425,AUSTIN,TX,US,,444530150,444530150,ShipTo,District,AUSTIN METROPOLITAN TRANSIT AUTHORITY,,,,,,,,,,,,,0.13,0.01,Tax,Local Sales and Use Tax,Taxable,0,13.08
,,,,2024-04-05+13:24:32,2024-04-05+00:00,Amazon.com,,AFN,,,SHIPMENT,MarketplaceFacilitator,Amazon,,1,USD,,,,0.3,FALSE,0.3,0,0,,,TX,,,444535425,AUSTIN,TX,US,,444530150,444530150,ShipTo,State,TX,,,Y,0,0,-0.3,PromotionIdAndCouponCode,0,,Self Funded,ReductionInTaxableBasis,,0,0.0625,Tax,Sales and Use Tax,Taxable,0,0
,,,,2024-04-05+13:24:32,2024-04-05+00:00,Amazon.com,,AFN,,,SHIPMENT,MarketplaceFacilitator,Amazon,,1,USD,,,,0.3,FALSE,0.3,,,,,TX,,,444535425,AUSTIN,TX,US,,444530150,444530150,ShipTo,City,AUSTIN,,,Y,0,0,-0.3,PromotionIdAndCouponCode,0,,Self Funded,ReductionInTaxableBasis,,0,0.01,Tax,Local Sales and Use Tax,Taxable,0,0
,,,,2024-04-05+13:24:32,2024-04-05+00:00,Amazon.com,,AFN,,,SHIPMENT,MarketplaceFacilitator,Amazon,,1,USD,,,,0.3,FALSE,0.3,,,,,TX,,,444535425,AUSTIN,TX,US,,444530150,444530150,ShipTo,County,NOT APPLICABLE,,,Y,0,0,-0.3,PromotionIdAndCouponCode,0,,Self Funded,ReductionInTaxableBasis,,0,0,Tax,,NonTaxable,0,0
,,,,2024-04-05+13:24:32,2024-04-05+00:00,Amazon.com,,AFN,,,SHIPMENT,MarketplaceFacilitator,Amazon,,1,USD,,,,0.3,FALSE,0.3,,,,,TX,,,444535425,AUSTIN,TX,US,,444530150,444530150,ShipTo,District,AUSTIN METROPOLITAN TRANSIT AUTHORITY,,,Y,0,0,-0.3,PromotionIdAndCouponCode,0,,Self Funded,ReductionInTaxableBasis,,0,0.01,Tax,Local Sales and Use Tax,Taxable,0,0
,,,,2024-04-05+11:05:11,2024-04-05+00:00,Amazon.com,,AFN,,,SHIPMENT,MarketplaceFacilitator,Amazon,,1,USD,,,,13.08,FALSE,13.08,0,1.34,,,WA,,,480630720,LONG BEACH,CA,US,,050371860,050371860,ShipTo,State,CA,,,,,,,,,,,,,0.78,0.06,Tax,Sales and Use Tax,Taxable,0,13.08
,,,,2024-04-05+11:05:11,2024-04-05+00:00,Amazon.com,,AFN,,,SHIPMENT,MarketplaceFacilitator,Amazon,,1,USD,,,,13.08,FALSE,13.08,,,,,WA,,,480630720,LONG BEACH,CA,US,,050371860,050371860,ShipTo,City,NOT APPLICABLE,,,,,,,,,,,,,0,0,Tax,,ZeroRated,13.08,0
,,,,2024-04-05+11:05:11,2024-04-05+00:00,Amazon.com,,AFN,,,SHIPMENT,MarketplaceFacilitator,Amazon,,1,USD,,,,13.08,FALSE,13.08,,,,,WA,,,480630720,LONG BEACH,CA,US,,050371860,050371860,ShipTo,County,LOS ANGELES,,,,,,,,,,,,,0.16,0.0125,Tax,Local Sales and Use Tax,Taxable,0,13.08
,,,,2024-04-05+11:05:11,2024-04-05+00:00,Amazon.com,,AFN,,,SHIPMENT,MarketplaceFacilitator,Amazon,,1,USD,,,,13.08,FALSE,13.08,,,,,WA,,,480630720,LONG BEACH,CA,US,,050371860,050371860,ShipTo,District,LONG BEACH TRANSACTIONS AND USE TAX 2022 (A08),,,,,,,,,,,,,0.1,0.0075,Tax,Local Sales and Use Tax,Taxable,0,13.08
,,,,2024-04-05+11:05:11,2024-04-05+00:00,Amazon.com,,AFN,,,SHIPMENT,MarketplaceFacilitator,Amazon,,1,USD,,,,13.08,FALSE,13.08,,,,,WA,,,480630720,LONG BEACH,CA,US,,050371860,050371860,ShipTo,District,MEASURE H TRANSACTIONS AND USE TAX (LACH),,,,,,,,,,,,,0.03,0.0025,Tax,Local Sales and Use Tax,Taxable,0,13.08
,,,,2024-04-05+11:05:11,2024-04-05+00:00,Amazon.com,,AFN,,,SHIPMENT,MarketplaceFacilitator,Amazon,,1,USD,,,,13.08,FALSE,13.08,,,,,WA,,,480630720,LONG BEACH,CA,US,,050371860,050371860,ShipTo,District,METROPOLITAN TRANSIT DISTRICT (LAMT),,,,,,,,,,,,,0.07,0.005,Tax,Local Sales and Use Tax,Taxable,0,13.08
,,,,2024-04-05+11:05:11,2024-04-05+00:00,Amazon.com,,AFN,,,SHIPMENT,MarketplaceFacilitator,Amazon,,1,USD,,,,13.08,FALSE,13.08,,,,,WA,,,480630720,LONG BEACH,CA,US,,050371860,050371860,ShipTo,District,TRANSACTIONS AND USE TAX (LAMA),,,,,,,,,,,,,0.06,0.005,Tax,Local Sales and Use Tax,Taxable,0,13.08
,,,,2024-04-05+11:05:11,2024-04-05+00:00,Amazon.com,,AFN,,,SHIPMENT,MarketplaceFacilitator,Amazon,,1,USD,,,,13.08,FALSE,13.08,,,,,WA,,,480630720,LONG BEACH,CA,US,,050371860,050371860,ShipTo,District,TRANSIT DISTRICT (LACT),,,,,,,,,,,,,0.07,0.005,Tax,Local Sales and Use Tax,Taxable,0,13.08
,,,,2024-04-05+11:05:11,2024-04-05+00:00,Amazon.com,,AFN,,,SHIPMENT,MarketplaceFacilitator,Amazon,,1,USD,,,,13.08,FALSE,13.08,,,,,WA,,,480630720,LONG BEACH,CA,US,,050371860,050371860,ShipTo,District,TRANSPORTATION COMMISSION (LATC),,,,,,,,,,,,,0.07,0.005,Tax,Local Sales and Use Tax,Taxable,0,13.08
,,,,2024-04-04+23:35:43,2024-04-05+00:00,Amazon.com,,AFN,,,SHIPMENT,MarketplaceFacilitator,Amazon,,1,USD,,,,13.08,FALSE,13.08,0,1.19,,,CA,,,050650059,MORENCI,AZ,US,,030110070,030110070,ShipTo,State,AZ,,,,,,,,,,,,,0.73,0.056,Tax,Transaction Privilege and Use Tax,Taxable,0,13.08
,,,,2024-04-04+23:35:43,2024-04-05+00:00,Amazon.com,,AFN,,,SHIPMENT,MarketplaceFacilitator,Amazon,,1,USD,,,,13.08,FALSE,13.08,,,,,CA,,,050650059,MORENCI,AZ,US,,030110070,030110070,ShipTo,City,CLIFTON,,,,,,,,,,,,,0.39,0.03,Tax,Local Transaction Privilege and Use Tax,Taxable,0,13.08
,,,,2024-04-04+23:35:43,2024-04-05+00:00,Amazon.com,,AFN,,,SHIPMENT,MarketplaceFacilitator,Amazon,,1,USD,,,,13.08,FALSE,13.08,,,,,CA,,,050650059,MORENCI,AZ,US,,030110070,030110070,ShipTo,County,GREENLEE,,,,,,,,,,,,,0.07,0.005,Tax,Local Transaction Privilege Tax,Taxable,0,13.08
,,,,2024-04-04+23:35:43,2024-04-05+00:00,Amazon.com,,AFN,,,SHIPMENT,MarketplaceFacilitator,Amazon,,1,USD,,,,13.08,FALSE,13.08,,,,,CA,,,050650059,MORENCI,AZ,US,,030110070,030110070,ShipTo,District,NOT APPLICABLE,,,,,,,,,,,,,0,0,Tax,,ZeroRated,13.08,0
,,,,2024-04-05+17:18:10,2024-04-05+00:00,Amazon.com,,AFN,,,SHIPMENT,MarketplaceFacilitator,Amazon,,1,USD,,,,13.08,FALSE,13.08,0,0.95,,,IL,,,140311740,STOCKTON,IL,US,,140850000,140850000,ShipTo,State,IL,,,,,,,,,,,,,0.82,0.0625,Tax,Retailers'/Service Occupation and Use/Service Use Tax,Taxable,0,13.08
,,,,2024-04-05+17:18:10,2024-04-05+00:00,Amazon.com,,AFN,,,SHIPMENT,MarketplaceFacilitator,Amazon,,1,USD,,,,13.08,FALSE,13.08,,,,,IL,,,140311740,STOCKTON,IL,US,,140850000,140850000,ShipTo,City,NOT APPLICABLE,,,,,,,,,,,,,0,0,Tax,,ZeroRated,13.08,0
,,,,2024-04-05+17:18:10,2024-04-05+00:00,Amazon.com,,AFN,,,SHIPMENT,MarketplaceFacilitator,Amazon,,1,USD,,,,13.08,FALSE,13.08,,,,,IL,,,140311740,STOCKTON,IL,US,,140850000,140850000,ShipTo,County,JO DAVIESS,,,,,,,,,,,,,0.13,0.01,Tax,Local Sales Tax,Taxable,0,13.08
,,,,2024-04-05+17:18:10,2024-04-05+00:00,Amazon.com,,AFN,,,SHIPMENT,MarketplaceFacilitator,Amazon,,1,USD,,,,13.08,FALSE,13.08,,,,,IL,,,140311740,STOCKTON,IL,US,,140850000,140850000,ShipTo,District,NOT APPLICABLE,,,,,,,,,,,,,0,0,Tax,,ZeroRated,13.08,0
,,,,2024-04-05+14:25:23,2024-04-05+00:00,Amazon.com,,AFN,,,SHIPMENT,MarketplaceFacilitator,Amazon,,1,USD,,,,13.08,FALSE,13.08,0,0.98,,,OH,,,361132610,BEXLEY,OH,US,,360490220,360490220,ShipTo,State,OH,,,,,,,,,,,,,0.75,0.0575,Tax,Sales and Use Tax,Taxable,0,13.08
,,,,2024-04-05+14:25:23,2024-04-05+00:00,Amazon.com,,AFN,,,SHIPMENT,MarketplaceFacilitator,Amazon,,1,USD,,,,13.08,FALSE,13.08,,,,,OH,,,361132610,BEXLEY,OH,US,,360490220,360490220,ShipTo,City,NOT APPLICABLE,,,,,,,,,,,,,0,0,Tax,,ZeroRated,13.08,0
,,,,2024-04-05+14:25:23,2024-04-05+00:00,Amazon.com,,AFN,,,SHIPMENT,MarketplaceFacilitator,Amazon,,1,USD,,,,13.08,FALSE,13.08,,,,,OH,,,361132610,BEXLEY,OH,US,,360490220,360490220,ShipTo,County,FRANKLIN,,,,,,,,,,,,,0.16,0.0125,Tax,Local Sales and Use Tax,Taxable,0,13.08
,,,,2024-04-05+14:25:23,2024-04-05+00:00,Amazon.com,,AFN,,,SHIPMENT,MarketplaceFacilitator,Amazon,,1,USD,,,,13.08,FALSE,13.08,,,,,OH,,,361132610,BEXLEY,OH,US,,360490220,360490220,ShipTo,District,CENTRAL OHIO TRANSIT AUTHORITY,,,,,,,,,,,,,0.07,0.005,Tax,Local Sales and Use Tax,Taxable,0,13.08
,,,,2024-04-05+10:16:41,2024-04-05+00:00,Amazon.com,,AFN,,,SHIPMENT,MarketplaceFacilitator,Amazon,,1,USD,,,,13.08,FALSE,13.08,0,1.06,,,CA,,,050650290,TEMPE,AZ,US,,030130290,030130290,ShipTo,State,AZ,,,,,,,,,,,,,0.73,0.056,Tax,Transaction Privilege and Use Tax,Taxable,0,13.08
,,,,2024-04-05+10:16:41,2024-04-05+00:00,Amazon.com,,AFN,,,SHIPMENT,MarketplaceFacilitator,Amazon,,1,USD,,,,13.08,FALSE,13.08,,,,,CA,,,050650290,TEMPE,AZ,US,,030130290,030130290,ShipTo,City,TEMPE,,,,,,,,,,,,,0.24,0.018,Tax,Local Transaction Privilege and Use Tax,Taxable,0,13.08
,,,,2024-04-05+10:16:41,2024-04-05+00:00,Amazon.com,,AFN,,,SHIPMENT,MarketplaceFacilitator,Amazon,,1,USD,,,,13.08,FALSE,13.08,,,,,CA,,,050650290,TEMPE,AZ,US,,030130290,030130290,ShipTo,County,MARICOPA,,,,,,,,,,,,,0.09,0.007,Tax,Local Transaction Privilege and Use Tax,Taxable,0,13.08
,,,,2024-04-05+10:16:41,2024-04-05+00:00,Amazon.com,,AFN,,,SHIPMENT,MarketplaceFacilitator,Amazon,,1,USD,,,,13.08,FALSE,13.08,,,,,CA,,,050650290,TEMPE,AZ,US,,030130290,030130290,ShipTo,District,NOT APPLICABLE,,,,,,,,,,,,,0,0,Tax,,ZeroRated,13.08,0
,,,,2024-04-05+17:51:16,2024-04-06+00:00,Amazon.com,,AFN,,,SHIPMENT,MarketplaceFacilitator,Amazon,,1,USD,,,,13.08,FALSE,13.08,0,0.78,,,OH,,,360974726,PORTAGE,MI,US,,230772000,230772000,ShipTo,State,MI,,,,,,,,,,,,,0.78,0.06,Tax,Sales and Use Tax,Taxable,0,13.08
,,,,2024-04-05+17:51:16,2024-04-06+00:00,Amazon.com,,AFN,,,SHIPMENT,MarketplaceFacilitator,Amazon,,1,USD,,,,13.08,FALSE,13.08,,,,,OH,,,360974726,PORTAGE,MI,US,,230772000,230772000,ShipTo,City,NOT APPLICABLE,,,,,,,,,,,,,0,0,Tax,,ZeroRated,13.08,0
,,,,2024-04-05+17:51:16,2024-04-06+00:00,Amazon.com,,AFN,,,SHIPMENT,MarketplaceFacilitator,Amazon,,1,USD,,,,13.08,FALSE,13.08,,,,,OH,,,360974726,PORTAGE,MI,US,,230772000,230772000,ShipTo,County,NOT APPLICABLE,,,,,,,,,,,,,0,0,Tax,,ZeroRated,13.08,0
,,,,2024-04-05+17:51:16,2024-04-06+00:00,Amazon.com,,AFN,,,SHIPMENT,MarketplaceFacilitator,Amazon,,1,USD,,,,13.08,FALSE,13.08,,,,,OH,,,360974726,PORTAGE,MI,US,,230772000,230772000,ShipTo,District,NOT APPLICABLE,,,,,,,,,,,,,0,0,Tax,,ZeroRated,13.08,0
,,,,2024-04-05+18:25:52,2024-04-06+00:00,Amazon.com,,AFN,,,SHIPMENT,MarketplaceFacilitator,Amazon,,1,USD,,,,13.08,FALSE,13.08,0,1.16,,,GA,,,111350000,ATLANTA,GA,US,,111210080,111210080,ShipTo,State,GA,,,,,,,,,,,,,0.52,0.04,Tax,Sales and Use Tax,Taxable,0,13.08
,,,,2024-04-05+18:25:52,2024-04-06+00:00,Amazon.com,,AFN,,,SHIPMENT,MarketplaceFacilitator,Amazon,,1,USD,,,,13.08,FALSE,13.08,,,,,GA,,,111350000,ATLANTA,GA,US,,111210080,111210080,ShipTo,City,ATLANTA,,,,,,,,,,,,,0.25,0.019,Tax,Local Sales and Use Tax,Taxable,0,13.08
,,,,2024-04-05+18:25:52,2024-04-06+00:00,Amazon.com,,AFN,,,SHIPMENT,MarketplaceFacilitator,Amazon,,1,USD,,,,13.08,FALSE,13.08,,,,,GA,,,111350000,ATLANTA,GA,US,,111210080,111210080,ShipTo,County,FULTON,,,,,,,,,,,,,0.26,0.02,Tax,Local Sales and Use Tax,Taxable,0,13.08
,,,,2024-04-05+18:25:52,2024-04-06+00:00,Amazon.com,,AFN,,,SHIPMENT,MarketplaceFacilitator,Amazon,,1,USD,,,,13.08,FALSE,13.08,,,,,GA,,,111350000,ATLANTA,GA,US,,111210080,111210080,ShipTo,District,METROPOLITAN ATLANTA RAPID TRANSIT AUTHORITY,,,,,,,,,,,,,0.13,0.01,Tax,Local Sales and Use Tax,Taxable,0,13.08
,,,,2024-04-05+17:15:23,2024-04-06+00:00,Amazon.com,,AFN,,,SHIPMENT,MarketplaceFacilitator,Amazon,,1,USD,,,,13.08,FALSE,13.08,0,0.78,,,OH,,,361732180,TROY,MI,US,,231251790,231251790,ShipTo,State,MI,,,,,,,,,,,,,0.78,0.06,Tax,Sales and Use Tax,Taxable,0,13.08
,,,,2024-04-05+17:15:23,2024-04-06+00:00,Amazon.com,,AFN,,,SHIPMENT,MarketplaceFacilitator,Amazon,,1,USD,,,,13.08,FALSE,13.08,,,,,OH,,,361732180,TROY,MI,US,,231251790,231251790,ShipTo,City,NOT APPLICABLE,,,,,,,,,,,,,0,0,Tax,,ZeroRated,13.08,0
,,,,2024-04-05+17:15:23,2024-04-06+00:00,Amazon.com,,AFN,,,SHIPMENT,MarketplaceFacilitator,Amazon,,1,USD,,,,13.08,FALSE,13.08,,,,,OH,,,361732180,TROY,MI,US,,231251790,231251790,ShipTo,County,NOT APPLICABLE,,,,,,,,,,,,,0,0,Tax,,ZeroRated,13.08,0
,,,,2024-04-05+17:15:23,2024-04-06+00:00,Amazon.com,,AFN,,,SHIPMENT,MarketplaceFacilitator,Amazon,,1,USD,,,,13.08,FALSE,13.08,,,,,OH,,,361732180,TROY,MI,US,,231251790,231251790,ShipTo,District,NOT APPLICABLE,,,,,,,,,,,,,0,0,Tax,,ZeroRated,13.08,0
,,,,2024-04-06+03:35:46,2024-04-06+00:00,Amazon.com,,AFN,,,SHIPMENT,MarketplaceFacilitator,Amazon,,1,USD,,,,13.08,FALSE,13.08,0,0.92,,,GA,,,111350000,BLUFFTON,SC,US,,410130000,410130000,ShipTo,State,SC,,,,,,,,,,,,,0.79,0.06,Tax,Sales and Use Tax,Taxable,0,13.08
,,,,2024-04-06+03:35:46,2024-04-06+00:00,Amazon.com,,AFN,,,SHIPMENT,MarketplaceFacilitator,Amazon,,1,USD,,,,13.08,FALSE,13.08,,,,,GA,,,111350000,BLUFFTON,SC,US,,410130000,410130000,ShipTo,City,NOT APPLICABLE,,,,,,,,,,,,,0,0,Tax,,ZeroRated,13.08,0
,,,,2024-04-06+03:35:46,2024-04-06+00:00,Amazon.com,,AFN,,,SHIPMENT,MarketplaceFacilitator,Amazon,,1,USD,,,,13.08,FALSE,13.08,,,,,GA,,,111350000,BLUFFTON,SC,US,,410130000,410130000,ShipTo,County,BEAUFORT,,,,,,,,,,,,,0.13,0.01,Tax,Local Sales and Use Tax,Taxable,0,13.08
,,,,2024-04-06+03:35:46,2024-04-06+00:00,Amazon.com,,AFN,,,SHIPMENT,MarketplaceFacilitator,Amazon,,1,USD,,,,13.08,FALSE,13.08,,,,,GA,,,111350000,BLUFFTON,SC,US,,410130000,410130000,ShipTo,District,NOT APPLICABLE,,,,,,,,,,,,,0,0,Tax,,ZeroRated,13.08,0
,,,,2024-04-06+15:02:32,2024-04-06+00:00,Amazon.com,,AFN,,,SHIPMENT,MarketplaceFacilitator,Amazon,,1,USD,,,,1,FALSE,1,0,0,,,TX,,,444535425,AUSTIN,TX,US,,444530150,444530150,ShipTo,State,TX,,,Y,0,0,-1,PromotionIdAndCouponCode,0,,Self Funded,ReductionInTaxableBasis,,0,0.0625,Tax,Sales and Use Tax,Taxable,0,0
,,,,2024-04-06+15:02:32,2024-04-06+00:00,Amazon.com,,AFN,,,SHIPMENT,MarketplaceFacilitator,Amazon,,1,USD,,,,1,FALSE,1,,,,,TX,,,444535425,AUSTIN,TX,US,,444530150,444530150,ShipTo,City,AUSTIN,,,Y,0,0,-1,PromotionIdAndCouponCode,0,,Self Funded,ReductionInTaxableBasis,,0,0.01,Tax,Local Sales and Use Tax,Taxable,0,0
,,,,2024-04-06+15:02:32,2024-04-06+00:00,Amazon.com,,AFN,,,SHIPMENT,MarketplaceFacilitator,Amazon,,1,USD,,,,1,FALSE,1,,,,,TX,,,444535425,AUSTIN,TX,US,,444530150,444530150,ShipTo,County,NOT APPLICABLE,,,Y,0,0,-1,PromotionIdAndCouponCode,0,,Self Funded,ReductionInTaxableBasis,,0,0,Tax,,NonTaxable,0,0
,,,,2024-04-06+15:02:32,2024-04-06+00:00,Amazon.com,,AFN,,,SHIPMENT,MarketplaceFacilitator,Amazon,,1,USD,,,,1,FALSE,1,,,,,TX,,,444535425,AUSTIN,TX,US,,444530150,444530150,ShipTo,District,AUSTIN METROPOLITAN TRANSIT AUTHORITY,,,Y,0,0,-1,PromotionIdAndCouponCode,0,,Self Funded,ReductionInTaxableBasis,,0,0.01,Tax,Local Sales and Use Tax,Taxable,0,0
,,,,2024-04-06+15:02:32,2024-04-06+00:00,Amazon.com,,AFN,,,SHIPMENT,MarketplaceFacilitator,Amazon,,1,USD,,,,14.08,FALSE,14.08,0,1.16,,,TX,,,444535425,AUSTIN,TX,US,,444530150,444530150,ShipTo,State,TX,,,,,,,,,,,,,0.88,0.0625,Tax,Sales and Use Tax,Taxable,0,14.08
,,,,2024-04-06+15:02:32,2024-04-06+00:00,Amazon.com,,AFN,,,SHIPMENT,MarketplaceFacilitator,Amazon,,1,USD,,,,14.08,FALSE,14.08,,,,,TX,,,444535425,AUSTIN,TX,US,,444530150,444530150,ShipTo,City,AUSTIN,,,,,,,,,,,,,0.14,0.01,Tax,Local Sales and Use Tax,Taxable,0,14.08
,,,,2024-04-06+15:02:32,2024-04-06+00:00,Amazon.com,,AFN,,,SHIPMENT,MarketplaceFacilitator,Amazon,,1,USD,,,,14.08,FALSE,14.08,,,,,TX,,,444535425,AUSTIN,TX,US,,444530150,444530150,ShipTo,County,NOT APPLICABLE,,,,,,,,,,,,,0,0,Tax,,ZeroRated,14.08,0
,,,,2024-04-06+15:02:32,2024-04-06+00:00,Amazon.com,,AFN,,,SHIPMENT,MarketplaceFacilitator,Amazon,,1,USD,,,,14.08,FALSE,14.08,,,,,TX,,,444535425,AUSTIN,TX,US,,444530150,444530150,ShipTo,District,AUSTIN METROPOLITAN TRANSIT AUTHORITY,,,,,,,,,,,,,0.14,0.01,Tax,Local Sales and Use Tax,Taxable,0,14.08
,,,,2024-04-06+14:43:48,2024-04-06+00:00,Amazon.com,,AFN,,,SHIPMENT,MarketplaceFacilitator,Amazon,,1,USD,,,,0.6,FALSE,0.6,0,0,,,UT,,,450350270,SALT LAKE CITY,UT,US,,450350530,450350530,ShipTo,State,UT,,,Y,0,0,-0.6,PromotionIdAndCouponCode,0,,Self Funded,ReductionInTaxableBasis,,0,0,Tax,Sales and Use Tax,NonTaxable,0,0
,,,,2024-04-06+14:43:48,2024-04-06+00:00,Amazon.com,,AFN,,,SHIPMENT,MarketplaceFacilitator,Amazon,,1,USD,,,,0.6,FALSE,0.6,,,,,UT,,,450350270,SALT LAKE CITY,UT,US,,450350530,450350530,ShipTo,City,HOLLADAY,,,Y,0,0,-0.6,PromotionIdAndCouponCode,0,,Self Funded,ReductionInTaxableBasis,,0,0,Tax,Local Sales and Use Tax,NonTaxable,0,0
,,,,2024-04-06+14:43:48,2024-04-06+00:00,Amazon.com,,AFN,,,SHIPMENT,MarketplaceFacilitator,Amazon,,1,USD,,,,0.6,FALSE,0.6,,,,,UT,,,450350270,SALT LAKE CITY,UT,US,,450350530,450350530,ShipTo,County,SALT LAKE,,,Y,0,0,-0.6,PromotionIdAndCouponCode,0,,Self Funded,ReductionInTaxableBasis,,0,0,Tax,Local Sales and Use Tax,NonTaxable,0,0
,,,,2024-04-06+14:43:48,2024-04-06+00:00,Amazon.com,,AFN,,,SHIPMENT,MarketplaceFacilitator,Amazon,,1,USD,,,,0.6,FALSE,0.6,,,,,UT,,,450350270,SALT LAKE CITY,UT,US,,450350530,450350530,ShipTo,District,MASS TRANSIT TAX,,,Y,0,0,-0.6,PromotionIdAndCouponCode,0,,Self Funded,ReductionInTaxableBasis,,0,0,Tax,Local Sales and Use Tax,NonTaxable,0,0
,,,,2024-04-06+14:43:48,2024-04-06+00:00,Amazon.com,,AFN,,,SHIPMENT,MarketplaceFacilitator,Amazon,,1,USD,,,,0.59,FALSE,0.59,0,0,,,UT,,,450350270,SALT LAKE CITY,UT,US,,450350530,450350530,ShipTo,State,UT,,,Y,0,0,-0.59,PromotionIdAndCouponCode,0,,Self Funded,ReductionInTaxableBasis,,0,0,Tax,Sales and Use Tax,NonTaxable,0,0
,,,,2024-04-06+14:43:48,2024-04-06+00:00,Amazon.com,,AFN,,,SHIPMENT,MarketplaceFacilitator,Amazon,,1,USD,,,,0.59,FALSE,0.59,,,,,UT,,,450350270,SALT LAKE CITY,UT,US,,450350530,450350530,ShipTo,City,HOLLADAY,,,Y,0,0,-0.59,PromotionIdAndCouponCode,0,,Self Funded,ReductionInTaxableBasis,,0,0,Tax,Local Sales and Use Tax,NonTaxable,0,0
,,,,2024-04-06+14:43:48,2024-04-06+00:00,Amazon.com,,AFN,,,SHIPMENT,MarketplaceFacilitator,Amazon,,1,USD,,,,0.59,FALSE,0.59,,,,,UT,,,450350270,SALT LAKE CITY,UT,US,,450350530,450350530,ShipTo,County,SALT LAKE,,,Y,0,0,-0.59,PromotionIdAndCouponCode,0,,Self Funded,ReductionInTaxableBasis,,0,0,Tax,Local Sales and Use Tax,NonTaxable,0,0
,,,,2024-04-06+14:43:48,2024-04-06+00:00,Amazon.com,,AFN,,,SHIPMENT,MarketplaceFacilitator,Amazon,,1,USD,,,,0.59,FALSE,0.59,,,,,UT,,,450350270,SALT LAKE CITY,UT,US,,450350530,450350530,ShipTo,District,MASS TRANSIT TAX,,,Y,0,0,-0.59,PromotionIdAndCouponCode,0,,Self Funded,ReductionInTaxableBasis,,0,0,Tax,Local Sales and Use Tax,NonTaxable,0,0
,,,,2024-04-06+14:43:48,2024-04-06+00:00,Amazon.com,,AFN,,,SHIPMENT,MarketplaceFacilitator,Amazon,,1,USD,,,,14.08,FALSE,14.08,0,1.02,,,UT,,,450350270,SALT LAKE CITY,UT,US,,450350530,450350530,ShipTo,State,UT,,,Y,0,0,-1.12,PromotionIdAndCouponCode,0,,Amazon Funded Discount US,NoReductionInTaxabaleBasis,,0.68,0.0485,Tax,Sales and Use Tax,Taxable,0,14.08
,,,,2024-04-06+14:43:48,2024-04-06+00:00,Amazon.com,,AFN,,,SHIPMENT,MarketplaceFacilitator,Amazon,,1,USD,,,,14.08,FALSE,14.08,,,,,UT,,,450350270,SALT LAKE CITY,UT,US,,450350530,450350530,ShipTo,City,HOLLADAY,,,Y,0,0,-1.12,PromotionIdAndCouponCode,0,,Amazon Funded Discount US,NoReductionInTaxabaleBasis,,0.14,0.01,Tax,Local Sales and Use Tax,Taxable,0,14.08
,,,,2024-04-06+14:43:48,2024-04-06+00:00,Amazon.com,,AFN,,,SHIPMENT,MarketplaceFacilitator,Amazon,,1,USD,,,,14.08,FALSE,14.08,,,,,UT,,,450350270,SALT LAKE CITY,UT,US,,450350530,450350530,ShipTo,County,SALT LAKE,,,Y,0,0,-1.12,PromotionIdAndCouponCode,0,,Amazon Funded Discount US,NoReductionInTaxabaleBasis,,0.12,0.0085,Tax,Local Sales and Use Tax,Taxable,0,14.08
,,,,2024-04-06+14:43:48,2024-04-06+00:00,Amazon.com,,AFN,,,SHIPMENT,MarketplaceFacilitator,Amazon,,1,USD,,,,14.08,FALSE,14.08,,,,,UT,,,450350270,SALT LAKE CITY,UT,US,,450350530,450350530,ShipTo,District,MASS TRANSIT TAX,,,Y,0,0,-1.12,PromotionIdAndCouponCode,0,,Amazon Funded Discount US,NoReductionInTaxabaleBasis,,0.08,0.0055,Tax,Local Sales and Use Tax,Taxable,0,14.08
,,,,2024-04-06+14:43:48,2024-04-06+00:00,Amazon.com,,AFN,,,SHIPMENT,MarketplaceFacilitator,Amazon,,1,USD,,,,14.08,FALSE,14.08,0,1.02,,,UT,,,450350270,SALT LAKE CITY,UT,US,,450350530,450350530,ShipTo,State,UT,,,Y,0,0,-1.13,PromotionIdAndCouponCode,0,,Amazon Funded Discount US,NoReductionInTaxabaleBasis,,0.68,0.0485,Tax,Sales and Use Tax,Taxable,0,14.08
,,,,2024-04-06+14:43:48,2024-04-06+00:00,Amazon.com,,AFN,,,SHIPMENT,MarketplaceFacilitator,Amazon,,1,USD,,,,14.08,FALSE,14.08,,,,,UT,,,450350270,SALT LAKE CITY,UT,US,,450350530,450350530,ShipTo,City,HOLLADAY,,,Y,0,0,-1.13,PromotionIdAndCouponCode,0,,Amazon Funded Discount US,NoReductionInTaxabaleBasis,,0.14,0.01,Tax,Local Sales and Use Tax,Taxable,0,14.08
,,,,2024-04-06+14:43:48,2024-04-06+00:00,Amazon.com,,AFN,,,SHIPMENT,MarketplaceFacilitator,Amazon,,1,USD,,,,14.08,FALSE,14.08,,,,,UT,,,450350270,SALT LAKE CITY,UT,US,,450350530,450350530,ShipTo,County,SALT LAKE,,,Y,0,0,-1.13,PromotionIdAndCouponCode,0,,Amazon Funded Discount US,NoReductionInTaxabaleBasis,,0.12,0.0085,Tax,Local Sales and Use Tax,Taxable,0,14.08
,,,,2024-04-06+14:43:48,2024-04-06+00:00,Amazon.com,,AFN,,,SHIPMENT,MarketplaceFacilitator,Amazon,,1,USD,,,,14.08,FALSE,14.08,,,,,UT,,,450350270,SALT LAKE CITY,UT,US,,450350530,450350530,ShipTo,District,MASS TRANSIT TAX,,,Y,0,0,-1.13,PromotionIdAndCouponCode,0,,Amazon Funded Discount US,NoReductionInTaxabaleBasis,,0.08,0.0055,Tax,Local Sales and Use Tax,Taxable,0,14.08
,,,,2024-04-06+15:42:32,2024-04-06+00:00,Amazon.com,,AFN,,,SHIPMENT,MarketplaceFacilitator,Amazon,,1,USD,,,,4.07,FALSE,4.07,0,0,,,OH,,,360350780,BROOKLYN,NY,US,,330472010,330472010,ShipTo,State,NY,,,Y,0,0,-4.07,PromotionIdAndCouponCode,0,,Self Funded,ReductionInTaxableBasis,,0,0.04,Tax,Sales and Compensating Use Tax,Taxable,0,0
,,,,2024-04-06+15:42:32,2024-04-06+00:00,Amazon.com,,AFN,,,SHIPMENT,MarketplaceFacilitator,Amazon,,1,USD,,,,4.07,FALSE,4.07,,,,,OH,,,360350780,BROOKLYN,NY,US,,330472010,330472010,ShipTo,City,NEW YORK,,,Y,0,0,-4.07,PromotionIdAndCouponCode,0,,Self Funded,ReductionInTaxableBasis,,0,0.045,Tax,Local Sales and Use Tax,Taxable,0,0
,,,,2024-04-06+15:42:32,2024-04-06+00:00,Amazon.com,,AFN,,,SHIPMENT,MarketplaceFacilitator,Amazon,,1,USD,,,,4.07,FALSE,4.07,,,,,OH,,,360350780,BROOKLYN,NY,US,,330472010,330472010,ShipTo,County,NOT APPLICABLE,,,Y,0,0,-4.07,PromotionIdAndCouponCode,0,,Self Funded,ReductionInTaxableBasis,,0,0,Tax,,NonTaxable,0,0
,,,,2024-04-06+15:42:32,2024-04-06+00:00,Amazon.com,,AFN,,,SHIPMENT,MarketplaceFacilitator,Amazon,,1,USD,,,,4.07,FALSE,4.07,,,,,OH,,,360350780,BROOKLYN,NY,US,,330472010,330472010,ShipTo,District,METROPOLITAN COMMUTER TRANSPORTATION DISTRICT,,,Y,0,0,-4.07,PromotionIdAndCouponCode,0,,Self Funded,ReductionInTaxableBasis,,0,0.00375,Tax,Metropolitan Commuter Transportation District,Taxable,0,0
,,,,2024-04-06+15:42:32,2024-04-06+00:00,Amazon.com,,AFN,,,SHIPMENT,MarketplaceFacilitator,Amazon,,1,USD,,,,14.08,FALSE,14.08,0,1.25,,,OH,,,360350780,BROOKLYN,NY,US,,330472010,330472010,ShipTo,State,NY,,,,,,,,,,,,,0.56,0.04,Tax,Sales and Compensating Use Tax,Taxable,0,14.08
,,,,2024-04-06+15:42:32,2024-04-06+00:00,Amazon.com,,AFN,,,SHIPMENT,MarketplaceFacilitator,Amazon,,1,USD,,,,14.08,FALSE,14.08,,,,,OH,,,360350780,BROOKLYN,NY,US,,330472010,330472010,ShipTo,City,NEW YORK,,,,,,,,,,,,,0.64,0.045,Tax,Local Sales and Use Tax,Taxable,0,14.08
,,,,2024-04-06+15:42:32,2024-04-06+00:00,Amazon.com,,AFN,,,SHIPMENT,MarketplaceFacilitator,Amazon,,1,USD,,,,14.08,FALSE,14.08,,,,,OH,,,360350780,BROOKLYN,NY,US,,330472010,330472010,ShipTo,County,NOT APPLICABLE,,,,,,,,,,,,,0,0,Tax,,ZeroRated,14.08,0
,,,,2024-04-06+15:42:32,2024-04-06+00:00,Amazon.com,,AFN,,,SHIPMENT,MarketplaceFacilitator,Amazon,,1,USD,,,,14.08,FALSE,14.08,,,,,OH,,,360350780,BROOKLYN,NY,US,,330472010,330472010,ShipTo,District,METROPOLITAN COMMUTER TRANSPORTATION DISTRICT,,,,,,,,,,,,,0.05,0.00375,Tax,Metropolitan Commuter Transportation District,Taxable,0,14.08
,,,,2024-04-06+10:46:09,2024-04-06+00:00,Amazon.com,,AFN,,,SHIPMENT,MarketplaceFacilitator,Amazon,,1,USD,,,,13.08,FALSE,13.08,0,1.13,,,CA,,,470590000,SAN FRANCISCO,CA,US,,050759992,050759992,ShipTo,State,CA,,,,,,,,,,,,,0.78,0.06,Tax,Sales and Use Tax,Taxable,0,13.08
,,,,2024-04-06+10:46:09,2024-04-06+00:00,Amazon.com,,AFN,,,SHIPMENT,MarketplaceFacilitator,Amazon,,1,USD,,,,13.08,FALSE,13.08,,,,,CA,,,470590000,SAN FRANCISCO,CA,US,,050759992,050759992,ShipTo,City,NOT APPLICABLE,,,,,,,,,,,,,0,0,Tax,,ZeroRated,13.08,0
,,,,2024-04-06+10:46:09,2024-04-06+00:00,Amazon.com,,AFN,,,SHIPMENT,MarketplaceFacilitator,Amazon,,1,USD,,,,13.08,FALSE,13.08,,,,,CA,,,470590000,SAN FRANCISCO,CA,US,,050759992,050759992,ShipTo,County,SAN FRANCISCO,,,,,,,,,,,,,0.16,0.0125,Tax,Local Sales and Use Tax,Taxable,0,13.08
,,,,2024-04-06+10:46:09,2024-04-06+00:00,Amazon.com,,AFN,,,SHIPMENT,MarketplaceFacilitator,Amazon,,1,USD,,,,13.08,FALSE,13.08,,,,,CA,,,470590000,SAN FRANCISCO,CA,US,,050759992,050759992,ShipTo,District,BAY AREA RAPID TRANSIT DISTRICT (BART),,,,,,,,,,,,,0.07,0.005,Tax,Local Sales and Use Tax,Taxable,0,13.08
,,,,2024-04-06+10:46:09,2024-04-06+00:00,Amazon.com,,AFN,,,SHIPMENT,MarketplaceFacilitator,Amazon,,1,USD,,,,13.08,FALSE,13.08,,,,,CA,,,470590000,SAN FRANCISCO,CA,US,,050759992,050759992,ShipTo,District,PUBLIC FINANCE AUTHORITY (SFPF),,,,,,,,,,,,,0.03,0.0025,Tax,Local Sales and Use Tax,Taxable,0,13.08
,,,,2024-04-06+10:46:09,2024-04-06+00:00,Amazon.com,,AFN,,,SHIPMENT,MarketplaceFacilitator,Amazon,,1,USD,,,,13.08,FALSE,13.08,,,,,CA,,,470590000,SAN FRANCISCO,CA,US,,050759992,050759992,ShipTo,District,TRANSACTIONS AND USE TAX (JPBT),,,,,,,,,,,,,0.02,0.00125,Tax,Local Sales and Use Tax,Taxable,0,13.08
,,,,2024-04-06+10:46:09,2024-04-06+00:00,Amazon.com,,AFN,,,SHIPMENT,MarketplaceFacilitator,Amazon,,1,USD,,,,13.08,FALSE,13.08,,,,,CA,,,470590000,SAN FRANCISCO,CA,US,,050759992,050759992,ShipTo,District,TRANSPORTATION AUTHORITY (SFTA),,,,,,,,,,,,,0.07,0.005,Tax,Local Sales and Use Tax,Taxable,0,13.08
,,,,2024-03-16+04:33:50,2024-04-06+00:00,Amazon.com,,AFN,,,RETURN,MarketplaceFacilitator,Amazon,,1,USD,,,,17.97,FALSE,-17.97,0,-1.19,,,NJ,,,310150000,PRINCETON,NJ,US,,310216547,310216547,ShipTo,State,NJ,,,,,,,,,,,,,-1.19,0.06625,Tax,Sales and Use Tax,Taxable,0,-17.97
,,,,2024-03-16+04:33:50,2024-04-06+00:00,Amazon.com,,AFN,,,RETURN,MarketplaceFacilitator,Amazon,,1,USD,,,,17.97,FALSE,-17.97,,,,,NJ,,,310150000,PRINCETON,NJ,US,,310216547,310216547,ShipTo,City,NOT APPLICABLE,,,,,,,,,,,,,0,0,Tax,,ZeroRated,-17.97,0
,,,,2024-03-16+04:33:50,2024-04-06+00:00,Amazon.com,,AFN,,,RETURN,MarketplaceFacilitator,Amazon,,1,USD,,,,17.97,FALSE,-17.97,,,,,NJ,,,310150000,PRINCETON,NJ,US,,310216547,310216547,ShipTo,County,NOT APPLICABLE,,,,,,,,,,,,,0,0,Tax,,ZeroRated,-17.97,0
,,,,2024-03-16+04:33:50,2024-04-06+00:00,Amazon.com,,AFN,,,RETURN,MarketplaceFacilitator,Amazon,,1,USD,,,,17.97,FALSE,-17.97,,,,,NJ,,,310150000,PRINCETON,NJ,US,,310216547,310216547,ShipTo,District,NOT APPLICABLE,,,,,,,,,,,,,0,0,Tax,,ZeroRated,-17.97,0
,,,,2024-04-06+15:33:54,2024-04-07+00:00,Amazon.com,,AFN,,,SHIPMENT,MarketplaceFacilitator,Amazon,,1,USD,,,,14.08,FALSE,14.08,0,0.93,,,NJ,,,310150000,MAPLE SHADE,NJ,US,,310056477,310056477,ShipTo,State,NJ,,,,,,,,,,,,,0.93,0.06625,Tax,Sales and Use Tax,Taxable,0,14.08
,,,,2024-04-06+15:33:54,2024-04-07+00:00,Amazon.com,,AFN,,,SHIPMENT,MarketplaceFacilitator,Amazon,,1,USD,,,,14.08,FALSE,14.08,,,,,NJ,,,310150000,MAPLE SHADE,NJ,US,,310056477,310056477,ShipTo,City,NOT APPLICABLE,,,,,,,,,,,,,0,0,Tax,,ZeroRated,14.08,0
,,,,2024-04-06+15:33:54,2024-04-07+00:00,Amazon.com,,AFN,,,SHIPMENT,MarketplaceFacilitator,Amazon,,1,USD,,,,14.08,FALSE,14.08,,,,,NJ,,,310150000,MAPLE SHADE,NJ,US,,310056477,310056477,ShipTo,County,NOT APPLICABLE,,,,,,,,,,,,,0,0,Tax,,ZeroRated,14.08,0
,,,,2024-04-06+15:33:54,2024-04-07+00:00,Amazon.com,,AFN,,,SHIPMENT,MarketplaceFacilitator,Amazon,,1,USD,,,,14.08,FALSE,14.08,,,,,NJ,,,310150000,MAPLE SHADE,NJ,US,,310056477,310056477,ShipTo,District,NOT APPLICABLE,,,,,,,,,,,,,0,0,Tax,,ZeroRated,14.08,0
,,,,2024-04-06+15:33:54,2024-04-07+00:00,Amazon.com,,AFN,,,SHIPMENT,MarketplaceFacilitator,Amazon,,1,USD,,,,1.5,FALSE,1.5,0,0,,,NJ,,,310150000,MAPLE SHADE,NJ,US,,310056477,310056477,ShipTo,State,NJ,,,Y,0,0,-1.5,PromotionIdAndCouponCode,0,,Self Funded,ReductionInTaxableBasis,,0,0.06625,Tax,Sales and Use Tax,Taxable,0,0
,,,,2024-04-06+15:33:54,2024-04-07+00:00,Amazon.com,,AFN,,,SHIPMENT,MarketplaceFacilitator,Amazon,,1,USD,,,,1.5,FALSE,1.5,,,,,NJ,,,310150000,MAPLE SHADE,NJ,US,,310056477,310056477,ShipTo,City,NOT APPLICABLE,,,Y,0,0,-1.5,PromotionIdAndCouponCode,0,,Self Funded,ReductionInTaxableBasis,,0,0,Tax,,NonTaxable,0,0
,,,,2024-04-06+15:33:54,2024-04-07+00:00,Amazon.com,,AFN,,,SHIPMENT,MarketplaceFacilitator,Amazon,,1,USD,,,,1.5,FALSE,1.5,,,,,NJ,,,310150000,MAPLE SHADE,NJ,US,,310056477,310056477,ShipTo,County,NOT APPLICABLE,,,Y,0,0,-1.5,PromotionIdAndCouponCode,0,,Self Funded,ReductionInTaxableBasis,,0,0,Tax,,NonTaxable,0,0
,,,,2024-04-06+15:33:54,2024-04-07+00:00,Amazon.com,,AFN,,,SHIPMENT,MarketplaceFacilitator,Amazon,,1,USD,,,,1.5,FALSE,1.5,,,,,NJ,,,310150000,MAPLE SHADE,NJ,US,,310056477,310056477,ShipTo,District,NOT APPLICABLE,,,Y,0,0,-1.5,PromotionIdAndCouponCode,0,,Self Funded,ReductionInTaxableBasis,,0,0,Tax,,NonTaxable,0,0
,,,,2024-04-06+18:42:14,2024-04-07+00:00,Amazon.com,,AFN,,,SHIPMENT,MarketplaceFacilitator,Amazon,,1,USD,,,,14.08,FALSE,14.08,0,1.23,,,CA,,,470590000,MENIFEE,CA,US,,050659989,050659989,ShipTo,State,CA,,,,,,,,,,,,,0.84,0.06,Tax,Sales and Use Tax,Taxable,0,14.08
,,,,2024-04-06+18:42:14,2024-04-07+00:00,Amazon.com,,AFN,,,SHIPMENT,MarketplaceFacilitator,Amazon,,1,USD,,,,14.08,FALSE,14.08,,,,,CA,,,470590000,MENIFEE,CA,US,,050659989,050659989,ShipTo,City,NOT APPLICABLE,,,,,,,,,,,,,0,0,Tax,,ZeroRated,14.08,0
,,,,2024-04-06+18:42:14,2024-04-07+00:00,Amazon.com,,AFN,,,SHIPMENT,MarketplaceFacilitator,Amazon,,1,USD,,,,14.08,FALSE,14.08,,,,,CA,,,470590000,MENIFEE,CA,US,,050659989,050659989,ShipTo,County,RIVERSIDE,,,,,,,,,,,,,0.18,0.0125,Tax,Local Sales and Use Tax,Taxable,0,14.08
,,,,2024-04-06+18:42:14,2024-04-07+00:00,Amazon.com,,AFN,,,SHIPMENT,MarketplaceFacilitator,Amazon,,1,USD,,,,14.08,FALSE,14.08,,,,,CA,,,470590000,MENIFEE,CA,US,,050659989,050659989,ShipTo,District,TRANSACTIONS AND USE TAX (MENG),,,,,,,,,,,,,0.14,0.01,Tax,Local Sales and Use Tax,Taxable,0,14.08
,,,,2024-04-06+18:42:14,2024-04-07+00:00,Amazon.com,,AFN,,,SHIPMENT,MarketplaceFacilitator,Amazon,,1,USD,,,,14.08,FALSE,14.08,,,,,CA,,,470590000,MENIFEE,CA,US,,050659989,050659989,ShipTo,District,TRANSPORTATION COMMISSION (RCTC),,,,,,,,,,,,,0.07,0.005,Tax,Local Sales and Use Tax,Taxable,0,14.08
,,,,2024-04-06+18:51:51,2024-04-07+00:00,Amazon.com,,AFN,,,SHIPMENT,MarketplaceFacilitator,Amazon,,1,USD,,,,14.08,FALSE,14.08,0,1.24,,,CO,,,060410090,LITTLETON,CO,US,,060310140,060310140,ShipTo,State,CO,,,,,,,,,,,,,0.41,0.029,Tax,Sales and Use Tax,Taxable,0,14.08
,,,,2024-04-06+18:51:51,2024-04-07+00:00,Amazon.com,,AFN,,,SHIPMENT,MarketplaceFacilitator,Amazon,,1,USD,,,,14.08,FALSE,14.08,,,,,CO,,,060410090,LITTLETON,CO,US,,060310140,060310140,ShipTo,City,DENVER,,,,,,,,,,,,,0.68,0.0481,Tax,Local Sales and Use Tax,Taxable,0,14.08
,,,,2024-04-06+18:51:51,2024-04-07+00:00,Amazon.com,,AFN,,,SHIPMENT,MarketplaceFacilitator,Amazon,,1,USD,,,,14.08,FALSE,14.08,,,,,CO,,,060410090,LITTLETON,CO,US,,060310140,060310140,ShipTo,County,NOT APPLICABLE,,,,,,,,,,,,,0,0,Tax,,ZeroRated,14.08,0
,,,,2024-04-06+18:51:51,2024-04-07+00:00,Amazon.com,,AFN,,,SHIPMENT,MarketplaceFacilitator,Amazon,,1,USD,,,,14.08,FALSE,14.08,,,,,CO,,,060410090,LITTLETON,CO,US,,060310140,060310140,ShipTo,District,REGIONAL TRANSPORTATION DISTRICT,,,,,,,,,,,,,0.14,0.01,Tax,Local Sales and Use Tax,Taxable,0,14.08
,,,,2024-04-06+18:51:51,2024-04-07+00:00,Amazon.com,,AFN,,,SHIPMENT,MarketplaceFacilitator,Amazon,,1,USD,,,,14.08,FALSE,14.08,,,,,CO,,,060410090,LITTLETON,CO,US,,060310140,060310140,ShipTo,District,SCIENTIFIC AND CULTURAL FACILITIES DISTRICT,,,,,,,,,,,,,0.01,0.001,Tax,Local Sales and Use Tax,Taxable,0,14.08
,,,,2024-04-06+17:34:16,2024-04-07+00:00,Amazon.com,,AFN,,,SHIPMENT,MarketplaceFacilitator,Amazon,,1,USD,,,,14.08,FALSE,14.08,0,1.06,,,OH,,,360974726,COLUMBUS,OH,US,,360490570,360490570,ShipTo,State,OH,,,,,,,,,,,,,0.81,0.0575,Tax,Sales and Use Tax,Taxable,0,14.08
,,,,2024-04-06+17:34:16,2024-04-07+00:00,Amazon.com,,AFN,,,SHIPMENT,MarketplaceFacilitator,Amazon,,1,USD,,,,14.08,FALSE,14.08,,,,,OH,,,360974726,COLUMBUS,OH,US,,360490570,360490570,ShipTo,City,NOT APPLICABLE,,,,,,,,,,,,,0,0,Tax,,ZeroRated,14.08,0
,,,,2024-04-06+17:34:16,2024-04-07+00:00,Amazon.com,,AFN,,,SHIPMENT,MarketplaceFacilitator,Amazon,,1,USD,,,,14.08,FALSE,14.08,,,,,OH,,,360974726,COLUMBUS,OH,US,,360490570,360490570,ShipTo,County,FRANKLIN,,,,,,,,,,,,,0.18,0.0125,Tax,Local Sales and Use Tax,Taxable,0,14.08
,,,,2024-04-06+17:34:16,2024-04-07+00:00,Amazon.com,,AFN,,,SHIPMENT,MarketplaceFacilitator,Amazon,,1,USD,,,,14.08,FALSE,14.08,,,,,OH,,,360974726,COLUMBUS,OH,US,,360490570,360490570,ShipTo,District,CENTRAL OHIO TRANSIT AUTHORITY,,,,,,,,,,,,,0.07,0.005,Tax,Local Sales and Use Tax,Taxable,0,14.08
,,,,2024-04-06+06:56:38,2024-04-07+00:00,Amazon.com,,AFN,,,SHIPMENT,MarketplaceFacilitator,Amazon,,1,USD,,,,14.08,FALSE,14.08,0,0.66,,,CA,,,050650290,WAHIAWA,HI,US,,120030000,120030000,ShipTo,State,HI,,,Y,0,0,-1.13,PromotionIdAndCouponCode,0,,Amazon Funded Discount US,NoReductionInTaxabaleBasis,,0.59,0.041885,Tax,General Excise and Use Tax,Taxable,0,14.08
,,,,2024-04-06+06:56:38,2024-04-07+00:00,Amazon.com,,AFN,,,SHIPMENT,MarketplaceFacilitator,Amazon,,1,USD,,,,14.08,FALSE,14.08,,,,,CA,,,050650290,WAHIAWA,HI,US,,120030000,120030000,ShipTo,City,NOT APPLICABLE,,,Y,0,0,-1.13,PromotionIdAndCouponCode,0,,Amazon Funded Discount US,NoReductionInTaxabaleBasis,,0,0,Tax,,ZeroRated,14.08,0
,,,,2024-04-06+06:56:38,2024-04-07+00:00,Amazon.com,,AFN,,,SHIPMENT,MarketplaceFacilitator,Amazon,,1,USD,,,,14.08,FALSE,14.08,,,,,CA,,,050650290,WAHIAWA,HI,US,,120030000,120030000,ShipTo,County,HONOLULU,,,Y,0,0,-1.13,PromotionIdAndCouponCode,0,,Amazon Funded Discount US,NoReductionInTaxabaleBasis,,0.07,0.005235,Tax,County Surcharge Tax,Taxable,0,14.08
,,,,2024-04-06+06:56:38,2024-04-07+00:00,Amazon.com,,AFN,,,SHIPMENT,MarketplaceFacilitator,Amazon,,1,USD,,,,14.08,FALSE,14.08,,,,,CA,,,050650290,WAHIAWA,HI,US,,120030000,120030000,ShipTo,District,NOT APPLICABLE,,,Y,0,0,-1.13,PromotionIdAndCouponCode,0,,Amazon Funded Discount US,NoReductionInTaxabaleBasis,,0,0,Tax,,ZeroRated,14.08,0
,,,,2024-04-06+06:56:38,2024-04-07+00:00,Amazon.com,,AFN,,,SHIPMENT,MarketplaceFacilitator,Amazon,,1,USD,,,,14.08,FALSE,14.08,0,0.66,,,CA,,,050650290,WAHIAWA,HI,US,,120030000,120030000,ShipTo,State,HI,,,Y,0,0,-1.12,PromotionIdAndCouponCode,0,,Amazon Funded Discount US,NoReductionInTaxabaleBasis,,0.59,0.041885,Tax,General Excise and Use Tax,Taxable,0,14.08
,,,,2024-04-06+06:56:38,2024-04-07+00:00,Amazon.com,,AFN,,,SHIPMENT,MarketplaceFacilitator,Amazon,,1,USD,,,,14.08,FALSE,14.08,,,,,CA,,,050650290,WAHIAWA,HI,US,,120030000,120030000,ShipTo,City,NOT APPLICABLE,,,Y,0,0,-1.12,PromotionIdAndCouponCode,0,,Amazon Funded Discount US,NoReductionInTaxabaleBasis,,0,0,Tax,,ZeroRated,14.08,0
,,,,2024-04-06+06:56:38,2024-04-07+00:00,Amazon.com,,AFN,,,SHIPMENT,MarketplaceFacilitator,Amazon,,1,USD,,,,14.08,FALSE,14.08,,,,,CA,,,050650290,WAHIAWA,HI,US,,120030000,120030000,ShipTo,County,HONOLULU,,,Y,0,0,-1.12,PromotionIdAndCouponCode,0,,Amazon Funded Discount US,NoReductionInTaxabaleBasis,,0.07,0.005235,Tax,County Surcharge Tax,Taxable,0,14.08
,,,,2024-04-06+06:56:38,2024-04-07+00:00,Amazon.com,,AFN,,,SHIPMENT,MarketplaceFacilitator,Amazon,,1,USD,,,,14.08,FALSE,14.08,,,,,CA,,,050650290,WAHIAWA,HI,US,,120030000,120030000,ShipTo,District,NOT APPLICABLE,,,Y,0,0,-1.12,PromotionIdAndCouponCode,0,,Amazon Funded Discount US,NoReductionInTaxabaleBasis,,0,0,Tax,,ZeroRated,14.08,0
,,,,2024-04-07+14:04:20,2024-04-08+00:00,Amazon.com,,AFN,,,SHIPMENT,MarketplaceFacilitator,Amazon,,1,USD,,,,14.08,FALSE,14.08,0,0,,,OH,,,360974726,DEFIANCE,OH,US,,360390650,360390650,ShipTo,State,OH,,,,,,,,,,,,,0,0,Tax,Sales and Use Tax,Exempt,14.08,0
,,,,2024-04-07+14:04:20,2024-04-08+00:00,Amazon.com,,AFN,,,SHIPMENT,MarketplaceFacilitator,Amazon,,1,USD,,,,14.08,FALSE,14.08,,,,,OH,,,360974726,DEFIANCE,OH,US,,360390650,360390650,ShipTo,City,NOT APPLICABLE,,,,,,,,,,,,,0,0,Tax,,ZeroRated,14.08,0
,,,,2024-04-07+14:04:20,2024-04-08+00:00,Amazon.com,,AFN,,,SHIPMENT,MarketplaceFacilitator,Amazon,,1,USD,,,,14.08,FALSE,14.08,,,,,OH,,,360974726,DEFIANCE,OH,US,,360390650,360390650,ShipTo,County,DEFIANCE,,,,,,,,,,,,,0,0,Tax,Local Sales and Use Tax,Exempt,14.08,0
,,,,2024-04-07+14:04:20,2024-04-08+00:00,Amazon.com,,AFN,,,SHIPMENT,MarketplaceFacilitator,Amazon,,1,USD,,,,14.08,FALSE,14.08,,,,,OH,,,360974726,DEFIANCE,OH,US,,360390650,360390650,ShipTo,District,NOT APPLICABLE,,,,,,,,,,,,,0,0,Tax,,ZeroRated,14.08,0
,,,,2024-04-07+20:26:49,2024-04-08+00:00,Amazon.com,,AFN,,,SHIPMENT,MarketplaceFacilitator,Amazon,,1,USD,,,,14.08,FALSE,14.08,0,1.44,,,CA,,,470590000,GLENDORA,CA,US,,050371370,050371370,ShipTo,State,CA,,,,,,,,,,,,,0.84,0.06,Tax,Sales and Use Tax,Taxable,0,14.08
,,,,2024-04-07+20:26:49,2024-04-08+00:00,Amazon.com,,AFN,,,SHIPMENT,MarketplaceFacilitator,Amazon,,1,USD,,,,14.08,FALSE,14.08,,,,,CA,,,470590000,GLENDORA,CA,US,,050371370,050371370,ShipTo,City,NOT APPLICABLE,,,,,,,,,,,,,0,0,Tax,,ZeroRated,14.08,0
,,,,2024-04-07+20:26:49,2024-04-08+00:00,Amazon.com,,AFN,,,SHIPMENT,MarketplaceFacilitator,Amazon,,1,USD,,,,14.08,FALSE,14.08,,,,,CA,,,470590000,GLENDORA,CA,US,,050371370,050371370,ShipTo,County,LOS ANGELES,,,,,,,,,,,,,0.18,0.0125,Tax,Local Sales and Use Tax,Taxable,0,14.08
,,,,2024-04-07+20:26:49,2024-04-08+00:00,Amazon.com,,AFN,,,SHIPMENT,MarketplaceFacilitator,Amazon,,1,USD,,,,14.08,FALSE,14.08,,,,,CA,,,470590000,GLENDORA,CA,US,,050371370,050371370,ShipTo,District,MEASURE H TRANSACTIONS AND USE TAX (LACH),,,,,,,,,,,,,0.03,0.0025,Tax,Local Sales and Use Tax,Taxable,0,14.08
,,,,2024-04-07+20:26:49,2024-04-08+00:00,Amazon.com,,AFN,,,SHIPMENT,MarketplaceFacilitator,Amazon,,1,USD,,,,14.08,FALSE,14.08,,,,,CA,,,470590000,GLENDORA,CA,US,,050371370,050371370,ShipTo,District,METROPOLITAN TRANSIT DISTRICT (LAMT),,,,,,,,,,,,,0.07,0.005,Tax,Local Sales and Use Tax,Taxable,0,14.08
,,,,2024-04-07+20:26:49,2024-04-08+00:00,Amazon.com,,AFN,,,SHIPMENT,MarketplaceFacilitator,Amazon,,1,USD,,,,14.08,FALSE,14.08,,,,,CA,,,470590000,GLENDORA,CA,US,,050371370,050371370,ShipTo,District,TRANSACTIONS AND USE TAX (GLDA),,,,,,,,,,,,,0.11,0.0075,Tax,Local Sales and Use Tax,Taxable,0,14.08
,,,,2024-04-07+20:26:49,2024-04-08+00:00,Amazon.com,,AFN,,,SHIPMENT,MarketplaceFacilitator,Amazon,,1,USD,,,,14.08,FALSE,14.08,,,,,CA,,,470590000,GLENDORA,CA,US,,050371370,050371370,ShipTo,District,TRANSACTIONS AND USE TAX (LAMA),,,,,,,,,,,,,0.07,0.005,Tax,Local Sales and Use Tax,Taxable,0,14.08
,,,,2024-04-07+20:26:49,2024-04-08+00:00,Amazon.com,,AFN,,,SHIPMENT,MarketplaceFacilitator,Amazon,,1,USD,,,,14.08,FALSE,14.08,,,,,CA,,,470590000,GLENDORA,CA,US,,050371370,050371370,ShipTo,District,TRANSIT DISTRICT (LACT),,,,,,,,,,,,,0.07,0.005,Tax,Local Sales and Use Tax,Taxable,0,14.08
,,,,2024-04-07+20:26:49,2024-04-08+00:00,Amazon.com,,AFN,,,SHIPMENT,MarketplaceFacilitator,Amazon,,1,USD,,,,14.08,FALSE,14.08,,,,,CA,,,470590000,GLENDORA,CA,US,,050371370,050371370,ShipTo,District,TRANSPORTATION COMMISSION (LATC),,,,,,,,,,,,,0.07,0.005,Tax,Local Sales and Use Tax,Taxable,0,14.08
,,,,2024-04-07+16:56:24,2024-04-08+00:00,Amazon.com,,AFN,,,SHIPMENT,MarketplaceFacilitator,Amazon,,1,USD,,,,14.08,FALSE,14.08,0,1.23,,,CA,,,470590000,MARTINEZ,CA,US,,050130000,050130000,ShipTo,State,CA,,,,,,,,,,,,,0.84,0.06,Tax,Sales and Use Tax,Taxable,0,14.08
,,,,2024-04-07+16:56:24,2024-04-08+00:00,Amazon.com,,AFN,,,SHIPMENT,MarketplaceFacilitator,Amazon,,1,USD,,,,14.08,FALSE,14.08,,,,,CA,,,470590000,MARTINEZ,CA,US,,050130000,050130000,ShipTo,City,NOT APPLICABLE,,,,,,,,,,,,,0,0,Tax,,ZeroRated,14.08,0
,,,,2024-04-07+16:56:24,2024-04-08+00:00,Amazon.com,,AFN,,,SHIPMENT,MarketplaceFacilitator,Amazon,,1,USD,,,,14.08,FALSE,14.08,,,,,CA,,,470590000,MARTINEZ,CA,US,,050130000,050130000,ShipTo,County,CONTRA COSTA,,,,,,,,,,,,,0.18,0.0125,Tax,Local Sales and Use Tax,Taxable,0,14.08
,,,,2024-04-07+16:56:24,2024-04-08+00:00,Amazon.com,,AFN,,,SHIPMENT,MarketplaceFacilitator,Amazon,,1,USD,,,,14.08,FALSE,14.08,,,,,CA,,,470590000,MARTINEZ,CA,US,,050130000,050130000,ShipTo,District,BAY AREA RAPID TRANSIT DISTRICT (BART),,,,,,,,,,,,,0.07,0.005,Tax,Local Sales and Use Tax,Taxable,0,14.08
,,,,2024-04-07+16:56:24,2024-04-08+00:00,Amazon.com,,AFN,,,SHIPMENT,MarketplaceFacilitator,Amazon,,1,USD,,,,14.08,FALSE,14.08,,,,,CA,,,470590000,MARTINEZ,CA,US,,050130000,050130000,ShipTo,District,TRANSACTIONS AND USE TAX (CCTU),,,,,,,,,,,,,0.07,0.005,Tax,Local Sales and Use Tax,Taxable,0,14.08
,,,,2024-04-07+16:56:24,2024-04-08+00:00,Amazon.com,,AFN,,,SHIPMENT,MarketplaceFacilitator,Amazon,,1,USD,,,,14.08,FALSE,14.08,,,,,CA,,,470590000,MARTINEZ,CA,US,,050130000,050130000,ShipTo,District,TRANSPORTATION AUTHORITY (CCTA),,,,,,,,,,,,,0.07,0.005,Tax,Local Sales and Use Tax,Taxable,0,14.08
,,,,2024-04-07+18:36:00,2024-04-08+00:00,Amazon.com,,AFN,,,SHIPMENT,MarketplaceFacilitator,Amazon,,1,USD,,,,14.98,FALSE,14.98,0,1.25,,,CA,,,050290000,LAS VEGAS,NV,US,,290030000,290030000,ShipTo,State,NV,,,,,,,,,,,,,0.69,0.046,Tax,Sales and Use Tax,Taxable,0,14.98
,,,,2024-04-07+18:36:00,2024-04-08+00:00,Amazon.com,,AFN,,,SHIPMENT,MarketplaceFacilitator,Amazon,,1,USD,,,,14.98,FALSE,14.98,,,,,CA,,,050290000,LAS VEGAS,NV,US,,290030000,290030000,ShipTo,City,NOT APPLICABLE,,,,,,,,,,,,,0,0,Tax,,ZeroRated,14.98,0
,,,,2024-04-07+18:36:00,2024-04-08+00:00,Amazon.com,,AFN,,,SHIPMENT,MarketplaceFacilitator,Amazon,,1,USD,,,,14.98,FALSE,14.98,,,,,CA,,,050290000,LAS VEGAS,NV,US,,290030000,290030000,ShipTo,County,CLARK,,,,,,,,,,,,,0.56,0.03775,Tax,Local Sales and Use Tax,Taxable,0,14.98
,,,,2024-04-07+18:36:00,2024-04-08+00:00,Amazon.com,,AFN,,,SHIPMENT,MarketplaceFacilitator,Amazon,,1,USD,,,,14.98,FALSE,14.98,,,,,CA,,,050290000,LAS VEGAS,NV,US,,290030000,290030000,ShipTo,District,NOT APPLICABLE,,,,,,,,,,,,,0,0,Tax,,ZeroRated,14.98,0
,,,,2024-04-08+00:55:15,2024-04-08+00:00,Amazon.com,,AFN,,,SHIPMENT,MarketplaceFacilitator,Amazon,,1,USD,,,,14.08,FALSE,14.08,0,1.16,,,TX,,,441576459,HOUSTON,TX,US,,442011440,442011440,ShipTo,State,TX,,,,,,,,,,,,,0.88,0.0625,Tax,Sales and Use Tax,Taxable,0,14.08
,,,,2024-04-08+00:55:15,2024-04-08+00:00,Amazon.com,,AFN,,,SHIPMENT,MarketplaceFacilitator,Amazon,,1,USD,,,,14.08,FALSE,14.08,,,,,TX,,,441576459,HOUSTON,TX,US,,442011440,442011440,ShipTo,City,HOUSTON,,,,,,,,,,,,,0.14,0.01,Tax,Local Sales and Use Tax,Taxable,0,14.08
,,,,2024-04-08+00:55:15,2024-04-08+00:00,Amazon.com,,AFN,,,SHIPMENT,MarketplaceFacilitator,Amazon,,1,USD,,,,14.08,FALSE,14.08,,,,,TX,,,441576459,HOUSTON,TX,US,,442011440,442011440,ShipTo,County,NOT APPLICABLE,,,,,,,,,,,,,0,0,Tax,,ZeroRated,14.08,0
,,,,2024-04-08+00:55:15,2024-04-08+00:00,Amazon.com,,AFN,,,SHIPMENT,MarketplaceFacilitator,Amazon,,1,USD,,,,14.08,FALSE,14.08,,,,,TX,,,441576459,HOUSTON,TX,US,,442011440,442011440,ShipTo,District,HOUSTON METROPOLITAN TRANSIT AUTHORITY,,,,,,,,,,,,,0.14,0.01,Tax,Local Sales and Use Tax,Taxable,0,14.08
,,,,2024-04-07+18:36:10,2024-04-08+00:00,Amazon.com,,AFN,,,SHIPMENT,MarketplaceFacilitator,Amazon,,1,USD,,,,0.38,FALSE,0.38,0,0,,,MO,,,470590000,St Louis,MO,US,,261890000,261890000,ShipTo,State,MO,,,Y,0,0,-0.38,PromotionIdAndCouponCode,0,,Self Funded,ReductionInTaxableBasis,,0,0.04225,Tax,Sales and Use Tax,Taxable,0,0
,,,,2024-04-07+18:36:10,2024-04-08+00:00,Amazon.com,,AFN,,,SHIPMENT,MarketplaceFacilitator,Amazon,,1,USD,,,,0.38,FALSE,0.38,,,,,MO,,,470590000,St Louis,MO,US,,261890000,261890000,ShipTo,City,NOT APPLICABLE,,,Y,0,0,-0.38,PromotionIdAndCouponCode,0,,Self Funded,ReductionInTaxableBasis,,0,0,Tax,,NonTaxable,0,0
,,,,2024-04-07+18:36:10,2024-04-08+00:00,Amazon.com,,AFN,,,SHIPMENT,MarketplaceFacilitator,Amazon,,1,USD,,,,0.38,FALSE,0.38,,,,,MO,,,470590000,St Louis,MO,US,,261890000,261890000,ShipTo,County,NOT APPLICABLE,,,Y,0,0,-0.38,PromotionIdAndCouponCode,0,,Self Funded,ReductionInTaxableBasis,,0,0,Tax,,NonTaxable,0,0
,,,,2024-04-07+18:36:10,2024-04-08+00:00,Amazon.com,,AFN,,,SHIPMENT,MarketplaceFacilitator,Amazon,,1,USD,,,,0.38,FALSE,0.38,,,,,MO,,,470590000,St Louis,MO,US,,261890000,261890000,ShipTo,District,NOT APPLICABLE,,,Y,0,0,-0.38,PromotionIdAndCouponCode,0,,Self Funded,ReductionInTaxableBasis,,0,0,Tax,,NonTaxable,0,0
,,,,2024-04-07+18:36:10,2024-04-08+00:00,Amazon.com,,AFN,,,SHIPMENT,MarketplaceFacilitator,Amazon,,1,USD,,,,0.37,FALSE,0.37,0,0,,,MO,,,470590000,St Louis,MO,US,,261890000,261890000,ShipTo,State,MO,,,Y,0,0,-0.37,PromotionIdAndCouponCode,0,,Self Funded,ReductionInTaxableBasis,,0,0.04225,Tax,Sales and Use Tax,Taxable,0,0
,,,,2024-04-07+18:36:10,2024-04-08+00:00,Amazon.com,,AFN,,,SHIPMENT,MarketplaceFacilitator,Amazon,,1,USD,,,,0.37,FALSE,0.37,,,,,MO,,,470590000,St Louis,MO,US,,261890000,261890000,ShipTo,City,NOT APPLICABLE,,,Y,0,0,-0.37,PromotionIdAndCouponCode,0,,Self Funded,ReductionInTaxableBasis,,0,0,Tax,,NonTaxable,0,0
,,,,2024-04-07+18:36:10,2024-04-08+00:00,Amazon.com,,AFN,,,SHIPMENT,MarketplaceFacilitator,Amazon,,1,USD,,,,0.37,FALSE,0.37,,,,,MO,,,470590000,St Louis,MO,US,,261890000,261890000,ShipTo,County,NOT APPLICABLE,,,Y,0,0,-0.37,PromotionIdAndCouponCode,0,,Self Funded,ReductionInTaxableBasis,,0,0,Tax,,NonTaxable,0,0
,,,,2024-04-07+18:36:10,2024-04-08+00:00,Amazon.com,,AFN,,,SHIPMENT,MarketplaceFacilitator,Amazon,,1,USD,,,,0.37,FALSE,0.37,,,,,MO,,,470590000,St Louis,MO,US,,261890000,261890000,ShipTo,District,NOT APPLICABLE,,,Y,0,0,-0.37,PromotionIdAndCouponCode,0,,Self Funded,ReductionInTaxableBasis,,0,0,Tax,,NonTaxable,0,0
,,,,2024-04-07+18:36:10,2024-04-08+00:00,Amazon.com,,AFN,,,SHIPMENT,MarketplaceFacilitator,Amazon,,1,USD,,,,14.98,FALSE,14.98,0,0.63,,,MO,,,470590000,St Louis,MO,US,,261890000,261890000,ShipTo,State,MO,,,,,,,,,,,,,0.63,0.04225,Tax,Sales and Use Tax,Taxable,0,14.98
,,,,2024-04-07+18:36:10,2024-04-08+00:00,Amazon.com,,AFN,,,SHIPMENT,MarketplaceFacilitator,Amazon,,1,USD,,,,14.98,FALSE,14.98,,,,,MO,,,470590000,St Louis,MO,US,,261890000,261890000,ShipTo,City,NOT APPLICABLE,,,,,,,,,,,,,0,0,Tax,,ZeroRated,14.98,0
,,,,2024-04-07+18:36:10,2024-04-08+00:00,Amazon.com,,AFN,,,SHIPMENT,MarketplaceFacilitator,Amazon,,1,USD,,,,14.98,FALSE,14.98,,,,,MO,,,470590000,St Louis,MO,US,,261890000,261890000,ShipTo,County,NOT APPLICABLE,,,,,,,,,,,,,0,0,Tax,,ZeroRated,14.98,0
,,,,2024-04-07+18:36:10,2024-04-08+00:00,Amazon.com,,AFN,,,SHIPMENT,MarketplaceFacilitator,Amazon,,1,USD,,,,14.98,FALSE,14.98,,,,,MO,,,470590000,St Louis,MO,US,,261890000,261890000,ShipTo,District,NOT APPLICABLE,,,,,,,,,,,,,0,0,Tax,,ZeroRated,14.98,0
,,,,2024-04-07+18:36:10,2024-04-08+00:00,Amazon.com,,AFN,,,SHIPMENT,MarketplaceFacilitator,Amazon,,1,USD,,,,14.98,FALSE,14.98,0,0.63,,,MO,,,470590000,St Louis,MO,US,,261890000,261890000,ShipTo,State,MO,,,,,,,,,,,,,0.63,0.04225,Tax,Sales and Use Tax,Taxable,0,14.98
,,,,2024-04-07+18:36:10,2024-04-08+00:00,Amazon.com,,AFN,,,SHIPMENT,MarketplaceFacilitator,Amazon,,1,USD,,,,14.98,FALSE,14.98,,,,,MO,,,470590000,St Louis,MO,US,,261890000,261890000,ShipTo,City,NOT APPLICABLE,,,,,,,,,,,,,0,0,Tax,,ZeroRated,14.98,0
,,,,2024-04-07+18:36:10,2024-04-08+00:00,Amazon.com,,AFN,,,SHIPMENT,MarketplaceFacilitator,Amazon,,1,USD,,,,14.98,FALSE,14.98,,,,,MO,,,470590000,St Louis,MO,US,,261890000,261890000,ShipTo,County,NOT APPLICABLE,,,,,,,,,,,,,0,0,Tax,,ZeroRated,14.98,0
,,,,2024-04-07+18:36:10,2024-04-08+00:00,Amazon.com,,AFN,,,SHIPMENT,MarketplaceFacilitator,Amazon,,1,USD,,,,14.98,FALSE,14.98,,,,,MO,,,470590000,St Louis,MO,US,,261890000,261890000,ShipTo,District,NOT APPLICABLE,,,,,,,,,,,,,0,0,Tax,,ZeroRated,14.98,0
,,,,2024-04-07+18:22:09,2024-04-08+00:00,Amazon.com,,AFN,,,SHIPMENT,MarketplaceFacilitator,Amazon,,1,USD,,,,1.9,FALSE,1.9,0,0,,,MD,,,210050000,LANCASTER,PA,US,,390710000,390710000,ShipTo,State,PA,,,Y,0,0,-1.9,PromotionIdAndCouponCode,0,,Self Funded,ReductionInTaxableBasis,,0,0.06,Tax,Sales and Use Tax,Taxable,0,0
,,,,2024-04-07+18:22:09,2024-04-08+00:00,Amazon.com,,AFN,,,SHIPMENT,MarketplaceFacilitator,Amazon,,1,USD,,,,1.9,FALSE,1.9,,,,,MD,,,210050000,LANCASTER,PA,US,,390710000,390710000,ShipTo,City,NOT APPLICABLE,,,Y,0,0,-1.9,PromotionIdAndCouponCode,0,,Self Funded,ReductionInTaxableBasis,,0,0,Tax,,NonTaxable,0,0
,,,,2024-04-07+18:22:09,2024-04-08+00:00,Amazon.com,,AFN,,,SHIPMENT,MarketplaceFacilitator,Amazon,,1,USD,,,,1.9,FALSE,1.9,,,,,MD,,,210050000,LANCASTER,PA,US,,390710000,390710000,ShipTo,County,NOT APPLICABLE,,,Y,0,0,-1.9,PromotionIdAndCouponCode,0,,Self Funded,ReductionInTaxableBasis,,0,0,Tax,,NonTaxable,0,0
,,,,2024-04-07+18:22:09,2024-04-08+00:00,Amazon.com,,AFN,,,SHIPMENT,MarketplaceFacilitator,Amazon,,1,USD,,,,1.9,FALSE,1.9,,,,,MD,,,210050000,LANCASTER,PA,US,,390710000,390710000,ShipTo,District,NOT APPLICABLE,,,Y,0,0,-1.9,PromotionIdAndCouponCode,0,,Self Funded,ReductionInTaxableBasis,,0,0,Tax,,NonTaxable,0,0
,,,,2024-04-07+18:22:09,2024-04-08+00:00,Amazon.com,,AFN,,,SHIPMENT,MarketplaceFacilitator,Amazon,,1,USD,,,,14.98,FALSE,14.98,0,0.9,,,MD,,,210050000,LANCASTER,PA,US,,390710000,390710000,ShipTo,State,PA,,,,,,,,,,,,,0.9,0.06,Tax,Sales and Use Tax,Taxable,0,14.98
,,,,2024-04-07+18:22:09,2024-04-08+00:00,Amazon.com,,AFN,,,SHIPMENT,MarketplaceFacilitator,Amazon,,1,USD,,,,14.98,FALSE,14.98,,,,,MD,,,210050000,LANCASTER,PA,US,,390710000,390710000,ShipTo,City,NOT APPLICABLE,,,,,,,,,,,,,0,0,Tax,,ZeroRated,14.98,0
,,,,2024-04-07+18:22:09,2024-04-08+00:00,Amazon.com,,AFN,,,SHIPMENT,MarketplaceFacilitator,Amazon,,1,USD,,,,14.98,FALSE,14.98,,,,,MD,,,210050000,LANCASTER,PA,US,,390710000,390710000,ShipTo,County,NOT APPLICABLE,,,,,,,,,,,,,0,0,Tax,,ZeroRated,14.98,0
,,,,2024-04-07+18:22:09,2024-04-08+00:00,Amazon.com,,AFN,,,SHIPMENT,MarketplaceFacilitator,Amazon,,1,USD,,,,14.98,FALSE,14.98,,,,,MD,,,210050000,LANCASTER,PA,US,,390710000,390710000,ShipTo,District,NOT APPLICABLE,,,,,,,,,,,,,0,0,Tax,,ZeroRated,14.98,0
,,,,2024-04-07+15:43:20,2024-04-08+00:00,Amazon.com,,AFN,,,SHIPMENT,MarketplaceFacilitator,Amazon,,1,USD,,,,14.08,FALSE,14.08,0,1.16,,,TX,,,441576459,CYPRESS,TX,US,,442019155,442019155,ShipTo,State,TX,,,,,,,,,,,,,0.88,0.0625,Tax,Sales and Use Tax,Taxable,0,14.08
,,,,2024-04-07+15:43:20,2024-04-08+00:00,Amazon.com,,AFN,,,SHIPMENT,MarketplaceFacilitator,Amazon,,1,USD,,,,14.08,FALSE,14.08,,,,,TX,,,441576459,CYPRESS,TX,US,,442019155,442019155,ShipTo,City,NOT APPLICABLE,,,,,,,,,,,,,0,0,Tax,,ZeroRated,14.08,0
,,,,2024-04-07+15:43:20,2024-04-08+00:00,Amazon.com,,AFN,,,SHIPMENT,MarketplaceFacilitator,Amazon,,1,USD,,,,14.08,FALSE,14.08,,,,,TX,,,441576459,CYPRESS,TX,US,,442019155,442019155,ShipTo,County,NOT APPLICABLE,,,,,,,,,,,,,0,0,Tax,,ZeroRated,14.08,0
,,,,2024-04-07+15:43:20,2024-04-08+00:00,Amazon.com,,AFN,,,SHIPMENT,MarketplaceFacilitator,Amazon,,1,USD,,,,14.08,FALSE,14.08,,,,,TX,,,441576459,CYPRESS,TX,US,,442019155,442019155,ShipTo,District,HARRIS COUNTY EMERGENCY SERVICES DISTRICT NO. 13,,,,,,,,,,,,,0.14,0.01,Tax,Local Sales and Use Tax,Taxable,0,14.08
,,,,2024-04-07+15:43:20,2024-04-08+00:00,Amazon.com,,AFN,,,SHIPMENT,MarketplaceFacilitator,Amazon,,1,USD,,,,14.08,FALSE,14.08,,,,,TX,,,441576459,CYPRESS,TX,US,,442019155,442019155,ShipTo,District,HOUSTON METROPOLITAN TRANSIT AUTHORITY,,,,,,,,,,,,,0.14,0.01,Tax,Local Sales and Use Tax,Taxable,0,14.08
,,,,2024-04-08+03:56:13,2024-04-08+00:00,Amazon.com,,AFN,,,SHIPMENT,MarketplaceFacilitator,Amazon,,1,USD,,,,14.98,FALSE,14.98,0,1.38,,,WA,,,480330320,BREMERTON,WA,US,,480350000,480350000,ShipTo,State,WA,,,,,,,,,,,,,0.98,0.065,Tax,Retail Sales and Use Tax,Taxable,0,14.98
,,,,2024-04-08+03:56:13,2024-04-08+00:00,Amazon.com,,AFN,,,SHIPMENT,MarketplaceFacilitator,Amazon,,1,USD,,,,14.98,FALSE,14.98,,,,,WA,,,480330320,BREMERTON,WA,US,,480350000,480350000,ShipTo,City,NOT APPLICABLE,,,,,,,,,,,,,0,0,Tax,,ZeroRated,14.98,0
,,,,2024-04-08+03:56:13,2024-04-08+00:00,Amazon.com,,AFN,,,SHIPMENT,MarketplaceFacilitator,Amazon,,1,USD,,,,14.98,FALSE,14.98,,,,,WA,,,480330320,BREMERTON,WA,US,,480350000,480350000,ShipTo,County,KITSAP,,,,,,,,,,,,,0.4,0.027,Tax,Local Sales and Use Tax,Taxable,0,14.98
,,,,2024-04-08+03:56:13,2024-04-08+00:00,Amazon.com,,AFN,,,SHIPMENT,MarketplaceFacilitator,Amazon,,1,USD,,,,14.98,FALSE,14.98,,,,,WA,,,480330320,BREMERTON,WA,US,,480350000,480350000,ShipTo,District,NOT APPLICABLE,,,,,,,,,,,,,0,0,Tax,,ZeroRated,14.98,0
,,,,2024-04-08+04:22:25,2024-04-08+00:00,Amazon.com,,AFN,,,SHIPMENT,MarketplaceFacilitator,Amazon,,1,USD,,,,14.08,FALSE,14.08,0,0.88,,,NJ,,,310236705,LITTLETON,MA,US,,220173440,220173440,ShipTo,State,MA,,,,,,,,,,,,,0.88,0.0625,Tax,Sales and Use Tax,Taxable,0,14.08
,,,,2024-04-08+04:22:25,2024-04-08+00:00,Amazon.com,,AFN,,,SHIPMENT,MarketplaceFacilitator,Amazon,,1,USD,,,,14.08,FALSE,14.08,,,,,NJ,,,310236705,LITTLETON,MA,US,,220173440,220173440,ShipTo,City,NOT APPLICABLE,,,,,,,,,,,,,0,0,Tax,,ZeroRated,14.08,0
,,,,2024-04-08+04:22:25,2024-04-08+00:00,Amazon.com,,AFN,,,SHIPMENT,MarketplaceFacilitator,Amazon,,1,USD,,,,14.08,FALSE,14.08,,,,,NJ,,,310236705,LITTLETON,MA,US,,220173440,220173440,ShipTo,County,NOT APPLICABLE,,,,,,,,,,,,,0,0,Tax,,ZeroRated,14.08,0
,,,,2024-04-08+04:22:25,2024-04-08+00:00,Amazon.com,,AFN,,,SHIPMENT,MarketplaceFacilitator,Amazon,,1,USD,,,,14.08,FALSE,14.08,,,,,NJ,,,310236705,LITTLETON,MA,US,,220173440,220173440,ShipTo,District,NOT APPLICABLE,,,,,,,,,,,,,0,0,Tax,,ZeroRated,14.08,0
,,,,2024-04-04+14:36:32,2024-04-08+00:00,Amazon.com,,AFN,,,RETURN,MarketplaceFacilitator,Amazon,,1,USD,,,,13.08,FALSE,-13.08,0,-0.83,,,CT,,,070090000,EAST HARTFORD,CT,US,,070030000,070030000,ShipTo,State,CT,,,,,,,,,,,,,-0.83,0.0635,Tax,Sales and Use Tax,Taxable,0,-13.08
,,,,2024-04-04+14:36:32,2024-04-08+00:00,Amazon.com,,AFN,,,RETURN,MarketplaceFacilitator,Amazon,,1,USD,,,,13.08,FALSE,-13.08,,,,,CT,,,070090000,EAST HARTFORD,CT,US,,070030000,070030000,ShipTo,City,NOT APPLICABLE,,,,,,,,,,,,,0,0,Tax,,ZeroRated,-13.08,0
,,,,2024-04-04+14:36:32,2024-04-08+00:00,Amazon.com,,AFN,,,RETURN,MarketplaceFacilitator,Amazon,,1,USD,,,,13.08,FALSE,-13.08,,,,,CT,,,070090000,EAST HARTFORD,CT,US,,070030000,070030000,ShipTo,County,NOT APPLICABLE,,,,,,,,,,,,,0,0,Tax,,ZeroRated,-13.08,0
,,,,2024-04-04+14:36:32,2024-04-08+00:00,Amazon.com,,AFN,,,RETURN,MarketplaceFacilitator,Amazon,,1,USD,,,,13.08,FALSE,-13.08,,,,,CT,,,070090000,EAST HARTFORD,CT,US,,070030000,070030000,ShipTo,District,NOT APPLICABLE,,,,,,,,,,,,,0,0,Tax,,ZeroRated,-13.08,0
,,,,2024-04-08+07:41:10,2024-04-08+00:00,Amazon.com,,AFN,,,SHIPMENT,MarketplaceFacilitator,Amazon,,1,USD,,,,14.98,FALSE,14.98,0,1.42,,,KS,,,172090440,OLATHE,KS,US,,170910640,170910640,ShipTo,State,KS,,,Y,0,0,-1.2,PromotionIdAndCouponCode,0,,Amazon Funded Discount US,NoReductionInTaxabaleBasis,,0.98,0.065,Tax,Retailers/Sales and Compensating Tax,Taxable,0,14.98
,,,,2024-04-08+07:41:10,2024-04-08+00:00,Amazon.com,,AFN,,,SHIPMENT,MarketplaceFacilitator,Amazon,,1,USD,,,,14.98,FALSE,14.98,,,,,KS,,,172090440,OLATHE,KS,US,,170910640,170910640,ShipTo,City,OLATHE,,,Y,0,0,-1.2,PromotionIdAndCouponCode,0,,Amazon Funded Discount US,NoReductionInTaxabaleBasis,,0.22,0.015,Tax,Local Retailers' Sales and Compensating Tax,Taxable,0,14.98
,,,,2024-04-08+07:41:10,2024-04-08+00:00,Amazon.com,,AFN,,,SHIPMENT,MarketplaceFacilitator,Amazon,,1,USD,,,,14.98,FALSE,14.98,,,,,KS,,,172090440,OLATHE,KS,US,,170910640,170910640,ShipTo,County,JOHNSON,,,Y,0,0,-1.2,PromotionIdAndCouponCode,0,,Amazon Funded Discount US,NoReductionInTaxabaleBasis,,0.22,0.01475,Tax,Local Retailers' Sales and Compensating Tax,Taxable,0,14.98
,,,,2024-04-08+07:41:10,2024-04-08+00:00,Amazon.com,,AFN,,,SHIPMENT,MarketplaceFacilitator,Amazon,,1,USD,,,,14.98,FALSE,14.98,,,,,KS,,,172090440,OLATHE,KS,US,,170910640,170910640,ShipTo,District,NOT APPLICABLE,,,Y,0,0,-1.2,PromotionIdAndCouponCode,0,,Amazon Funded Discount US,NoReductionInTaxabaleBasis,,0,0,Tax,,ZeroRated,14.98,0
,,,,2024-04-08+07:41:10,2024-04-08+00:00,Amazon.com,,AFN,,,SHIPMENT,MarketplaceFacilitator,Amazon,,1,USD,,,,14.98,FALSE,14.98,0,1.42,,,KS,,,172090440,OLATHE,KS,US,,170910640,170910640,ShipTo,State,KS,,,Y,0,0,-1.2,PromotionIdAndCouponCode,0,,Amazon Funded Discount US,NoReductionInTaxabaleBasis,,0.98,0.065,Tax,Retailers/Sales and Compensating Tax,Taxable,0,14.98
,,,,2024-04-08+07:41:10,2024-04-08+00:00,Amazon.com,,AFN,,,SHIPMENT,MarketplaceFacilitator,Amazon,,1,USD,,,,14.98,FALSE,14.98,,,,,KS,,,172090440,OLATHE,KS,US,,170910640,170910640,ShipTo,City,OLATHE,,,Y,0,0,-1.2,PromotionIdAndCouponCode,0,,Amazon Funded Discount US,NoReductionInTaxabaleBasis,,0.22,0.015,Tax,Local Retailers' Sales and Compensating Tax,Taxable,0,14.98
,,,,2024-04-08+07:41:10,2024-04-08+00:00,Amazon.com,,AFN,,,SHIPMENT,MarketplaceFacilitator,Amazon,,1,USD,,,,14.98,FALSE,14.98,,,,,KS,,,172090440,OLATHE,KS,US,,170910640,170910640,ShipTo,County,JOHNSON,,,Y,0,0,-1.2,PromotionIdAndCouponCode,0,,Amazon Funded Discount US,NoReductionInTaxabaleBasis,,0.22,0.01475,Tax,Local Retailers' Sales and Compensating Tax,Taxable,0,14.98
,,,,2024-04-08+07:41:10,2024-04-08+00:00,Amazon.com,,AFN,,,SHIPMENT,MarketplaceFacilitator,Amazon,,1,USD,,,,14.98,FALSE,14.98,,,,,KS,,,172090440,OLATHE,KS,US,,170910640,170910640,ShipTo,District,NOT APPLICABLE,,,Y,0,0,-1.2,PromotionIdAndCouponCode,0,,Amazon Funded Discount US,NoReductionInTaxabaleBasis,,0,0,Tax,,ZeroRated,14.98,0
,,,,2024-04-08+07:41:10,2024-04-08+00:00,Amazon.com,,AFN,,,SHIPMENT,MarketplaceFacilitator,Amazon,,1,USD,,,,1.49,FALSE,1.49,0,0,,,KS,,,172090440,OLATHE,KS,US,,170910640,170910640,ShipTo,State,KS,,,Y,0,0,-1.49,PromotionIdAndCouponCode,0,,Self Funded,ReductionInTaxableBasis,,0,0,Tax,Retailers/Sales and Compensating Tax,NonTaxable,0,0
,,,,2024-04-08+07:41:10,2024-04-08+00:00,Amazon.com,,AFN,,,SHIPMENT,MarketplaceFacilitator,Amazon,,1,USD,,,,1.49,FALSE,1.49,,,,,KS,,,172090440,OLATHE,KS,US,,170910640,170910640,ShipTo,City,OLATHE,,,Y,0,0,-1.49,PromotionIdAndCouponCode,0,,Self Funded,ReductionInTaxableBasis,,0,0,Tax,Local Retailers' Sales and Compensating Tax,NonTaxable,0,0
,,,,2024-04-08+07:41:10,2024-04-08+00:00,Amazon.com,,AFN,,,SHIPMENT,MarketplaceFacilitator,Amazon,,1,USD,,,,1.49,FALSE,1.49,,,,,KS,,,172090440,OLATHE,KS,US,,170910640,170910640,ShipTo,County,JOHNSON,,,Y,0,0,-1.49,PromotionIdAndCouponCode,0,,Self Funded,ReductionInTaxableBasis,,0,0,Tax,Local Retailers' Sales and Compensating Tax,NonTaxable,0,0
,,,,2024-04-08+07:41:10,2024-04-08+00:00,Amazon.com,,AFN,,,SHIPMENT,MarketplaceFacilitator,Amazon,,1,USD,,,,1.49,FALSE,1.49,,,,,KS,,,172090440,OLATHE,KS,US,,170910640,170910640,ShipTo,District,NOT APPLICABLE,,,Y,0,0,-1.49,PromotionIdAndCouponCode,0,,Self Funded,ReductionInTaxableBasis,,0,0,Tax,,NonTaxable,0,0
,,,,2024-04-08+07:41:10,2024-04-08+00:00,Amazon.com,,AFN,,,SHIPMENT,MarketplaceFacilitator,Amazon,,1,USD,,,,1.5,FALSE,1.5,0,0,,,KS,,,172090440,OLATHE,KS,US,,170910640,170910640,ShipTo,State,KS,,,Y,0,0,-1.5,PromotionIdAndCouponCode,0,,Self Funded,ReductionInTaxableBasis,,0,0,Tax,Retailers/Sales and Compensating Tax,NonTaxable,0,0
,,,,2024-04-08+07:41:10,2024-04-08+00:00,Amazon.com,,AFN,,,SHIPMENT,MarketplaceFacilitator,Amazon,,1,USD,,,,1.5,FALSE,1.5,,,,,KS,,,172090440,OLATHE,KS,US,,170910640,170910640,ShipTo,City,OLATHE,,,Y,0,0,-1.5,PromotionIdAndCouponCode,0,,Self Funded,ReductionInTaxableBasis,,0,0,Tax,Local Retailers' Sales and Compensating Tax,NonTaxable,0,0
,,,,2024-04-08+07:41:10,2024-04-08+00:00,Amazon.com,,AFN,,,SHIPMENT,MarketplaceFacilitator,Amazon,,1,USD,,,,1.5,FALSE,1.5,,,,,KS,,,172090440,OLATHE,KS,US,,170910640,170910640,ShipTo,County,JOHNSON,,,Y,0,0,-1.5,PromotionIdAndCouponCode,0,,Self Funded,ReductionInTaxableBasis,,0,0,Tax,Local Retailers' Sales and Compensating Tax,NonTaxable,0,0
,,,,2024-04-08+07:41:10,2024-04-08+00:00,Amazon.com,,AFN,,,SHIPMENT,MarketplaceFacilitator,Amazon,,1,USD,,,,1.5,FALSE,1.5,,,,,KS,,,172090440,OLATHE,KS,US,,170910640,170910640,ShipTo,District,NOT APPLICABLE,,,Y,0,0,-1.5,PromotionIdAndCouponCode,0,,Self Funded,ReductionInTaxableBasis,,0,0,Tax,,NonTaxable,0,0
,,,,2024-04-08+05:33:33,2024-04-08+00:00,Amazon.com,,AFN,,,SHIPMENT,MarketplaceFacilitator,Amazon,,1,USD,,,,14.98,FALSE,14.98,0,1.24,,,TX,,,441576459,PORT LAVACA,TX,US,,440572350,440572350,ShipTo,State,TX,,,,,,,,,,,,,0.94,0.0625,Tax,Sales and Use Tax,Taxable,0,14.98
,,,,2024-04-08+05:33:33,2024-04-08+00:00,Amazon.com,,AFN,,,SHIPMENT,MarketplaceFacilitator,Amazon,,1,USD,,,,14.98,FALSE,14.98,,,,,TX,,,441576459,PORT LAVACA,TX,US,,440572350,440572350,ShipTo,City,PORT LAVACA,,,,,,,,,,,,,0.23,0.015,Tax,Local Sales and Use Tax,Taxable,0,14.98
,,,,2024-04-08+05:33:33,2024-04-08+00:00,Amazon.com,,AFN,,,SHIPMENT,MarketplaceFacilitator,Amazon,,1,USD,,,,14.98,FALSE,14.98,,,,,TX,,,441576459,PORT LAVACA,TX,US,,440572350,440572350,ShipTo,County,CALHOUN,,,,,,,,,,,,,0.07,0.005,Tax,Local Sales and Use Tax,Taxable,0,14.98
,,,,2024-04-08+05:33:33,2024-04-08+00:00,Amazon.com,,AFN,,,SHIPMENT,MarketplaceFacilitator,Amazon,,1,USD,,,,14.98,FALSE,14.98,,,,,TX,,,441576459,PORT LAVACA,TX,US,,440572350,440572350,ShipTo,District,NOT APPLICABLE,,,,,,,,,,,,,0,0,Tax,,ZeroRated,14.98,0
,,,,2024-04-08+04:14:38,2024-04-08+00:00,Amazon.com,,AFN,,,SHIPMENT,MarketplaceFacilitator,Amazon,,1,USD,,,,13.08,FALSE,13.08,0,1.05,,,NJ,,,310230066,PORT HENRY,NY,US,,330310000,330310000,ShipTo,State,NY,,,,,,,,,,,,,0.53,0.04,Tax,Sales and Compensating Use Tax,Taxable,0,13.08
,,,,2024-04-08+04:14:38,2024-04-08+00:00,Amazon.com,,AFN,,,SHIPMENT,MarketplaceFacilitator,Amazon,,1,USD,,,,13.08,FALSE,13.08,,,,,NJ,,,310230066,PORT HENRY,NY,US,,330310000,330310000,ShipTo,City,NOT APPLICABLE,,,,,,,,,,,,,0,0,Tax,,ZeroRated,13.08,0
,,,,2024-04-08+04:14:38,2024-04-08+00:00,Amazon.com,,AFN,,,SHIPMENT,MarketplaceFacilitator,Amazon,,1,USD,,,,13.08,FALSE,13.08,,,,,NJ,,,310230066,PORT HENRY,NY,US,,330310000,330310000,ShipTo,County,ESSEX,,,,,,,,,,,,,0.52,0.04,Tax,Local Sales and Use Tax,Taxable,0,13.08
,,,,2024-04-08+04:14:38,2024-04-08+00:00,Amazon.com,,AFN,,,SHIPMENT,MarketplaceFacilitator,Amazon,,1,USD,,,,13.08,FALSE,13.08,,,,,NJ,,,310230066,PORT HENRY,NY,US,,330310000,330310000,ShipTo,District,NOT APPLICABLE,,,,,,,,,,,,,0,0,Tax,,ZeroRated,13.08,0
,,,,2024-04-08+14:51:21,2024-04-08+00:00,Amazon.com,,AFN,,,SHIPMENT,MarketplaceFacilitator,Amazon,,1,USD,,,,14.98,FALSE,14.98,0,1.42,,,CA,,,470590000,PETALUMA,CA,US,,050972590,050972590,ShipTo,State,CA,,,,,,,,,,,,,0.88,0.06,Tax,Sales and Use Tax,Taxable,0,14.98
,,,,2024-04-08+14:51:21,2024-04-08+00:00,Amazon.com,,AFN,,,SHIPMENT,MarketplaceFacilitator,Amazon,,1,USD,,,,14.98,FALSE,14.98,,,,,CA,,,470590000,PETALUMA,CA,US,,050972590,050972590,ShipTo,City,NOT APPLICABLE,,,,,,,,,,,,,0,0,Tax,,ZeroRated,14.98,0
,,,,2024-04-08+14:51:21,2024-04-08+00:00,Amazon.com,,AFN,,,SHIPMENT,MarketplaceFacilitator,Amazon,,1,USD,,,,14.98,FALSE,14.98,,,,,CA,,,470590000,PETALUMA,CA,US,,050972590,050972590,ShipTo,County,SONOMA,,,,,,,,,,,,,0.19,0.0125,Tax,Local Sales and Use Tax,Taxable,0,14.98
,,,,2024-04-08+14:51:21,2024-04-08+00:00,Amazon.com,,AFN,,,SHIPMENT,MarketplaceFacilitator,Amazon,,1,USD,,,,14.98,FALSE,14.98,,,,,CA,,,470590000,PETALUMA,CA,US,,050972590,050972590,ShipTo,District,AGRICULTURAL PRESERVATION & OPEN SPACE DISTRICT (SAPD),,,,,,,,,,,,,0.04,0.0025,Tax,Local Sales and Use Tax,Taxable,0,14.98
,,,,2024-04-08+14:51:21,2024-04-08+00:00,Amazon.com,,AFN,,,SHIPMENT,MarketplaceFacilitator,Amazon,,1,USD,,,,14.98,FALSE,14.98,,,,,CA,,,470590000,PETALUMA,CA,US,,050972590,050972590,ShipTo,District,TRANSACTIONS AND USE TAX (PLTU),,,,,,,,,,,,,0.15,0.01,Tax,Local Sales and Use Tax,Taxable,0,14.98
,,,,2024-04-08+14:51:21,2024-04-08+00:00,Amazon.com,,AFN,,,SHIPMENT,MarketplaceFacilitator,Amazon,,1,USD,,,,14.98,FALSE,14.98,,,,,CA,,,470590000,PETALUMA,CA,US,,050972590,050972590,ShipTo,District,TRANSACTIONS AND USE TAX (SCLM),,,,,,,,,,,,,0.02,0.00125,Tax,Local Sales and Use Tax,Taxable,0,14.98
,,,,2024-04-08+14:51:21,2024-04-08+00:00,Amazon.com,,AFN,,,SHIPMENT,MarketplaceFacilitator,Amazon,,1,USD,,,,14.98,FALSE,14.98,,,,,CA,,,470590000,PETALUMA,CA,US,,050972590,050972590,ShipTo,District,TRANSACTIONS AND USE TAX (SCPS),,,,,,,,,,,,,0.02,0.00125,Tax,Local Sales and Use Tax,Taxable,0,14.98
,,,,2024-04-08+14:51:21,2024-04-08+00:00,Amazon.com,,AFN,,,SHIPMENT,MarketplaceFacilitator,Amazon,,1,USD,,,,14.98,FALSE,14.98,,,,,CA,,,470590000,PETALUMA,CA,US,,050972590,050972590,ShipTo,District,TRANSACTIONS AND USE TAX (SOMT),,,,,,,,,,,,,0.04,0.0025,Tax,Local Sales and Use Tax,Taxable,0,14.98
,,,,2024-04-08+14:51:21,2024-04-08+00:00,Amazon.com,,AFN,,,SHIPMENT,MarketplaceFacilitator,Amazon,,1,USD,,,,14.98,FALSE,14.98,,,,,CA,,,470590000,PETALUMA,CA,US,,050972590,050972590,ShipTo,District,TRANSIT DISTRICT (SMRT),,,,,,,,,,,,,0.04,0.0025,Tax,Local Sales and Use Tax,Taxable,0,14.98
,,,,2024-04-08+14:51:21,2024-04-08+00:00,Amazon.com,,AFN,,,SHIPMENT,MarketplaceFacilitator,Amazon,,1,USD,,,,14.98,FALSE,14.98,,,,,CA,,,470590000,PETALUMA,CA,US,,050972590,050972590,ShipTo,District,TRANSPORTATION TRANSACTIONS AND USE TAX (SNTA),,,,,,,,,,,,,0.04,0.0025,Tax,Local Sales and Use Tax,Taxable,0,14.98
,,,,2024-04-08+16:44:54,2024-04-09+00:00,Amazon.com,,AFN,,,SHIPMENT,MarketplaceFacilitator,Amazon,,1,USD,,,,14.98,FALSE,14.98,0,0.94,,,TX,,,441130760,SUGAR LAND,TX,US,,441570000,441570000,ShipTo,State,TX,,,,,,,,,,,,,0.94,0.0625,Tax,Sales and Use Tax,Taxable,0,14.98
,,,,2024-04-08+16:44:54,2024-04-09+00:00,Amazon.com,,AFN,,,SHIPMENT,MarketplaceFacilitator,Amazon,,1,USD,,,,14.98,FALSE,14.98,,,,,TX,,,441130760,SUGAR LAND,TX,US,,441570000,441570000,ShipTo,City,NOT APPLICABLE,,,,,,,,,,,,,0,0,Tax,,ZeroRated,14.98,0
,,,,2024-04-08+16:44:54,2024-04-09+00:00,Amazon.com,,AFN,,,SHIPMENT,MarketplaceFacilitator,Amazon,,1,USD,,,,14.98,FALSE,14.98,,,,,TX,,,441130760,SUGAR LAND,TX,US,,441570000,441570000,ShipTo,County,NOT APPLICABLE,,,,,,,,,,,,,0,0,Tax,,ZeroRated,14.98,0
,,,,2024-04-08+16:44:54,2024-04-09+00:00,Amazon.com,,AFN,,,SHIPMENT,MarketplaceFacilitator,Amazon,,1,USD,,,,14.98,FALSE,14.98,,,,,TX,,,441130760,SUGAR LAND,TX,US,,441570000,441570000,ShipTo,District,NOT APPLICABLE,,,,,,,,,,,,,0,0,Tax,,ZeroRated,14.98,0
,,,,2024-04-08+21:34:45,2024-04-09+00:00,Amazon.com,,AFN,,,SHIPMENT,MarketplaceFacilitator,Amazon,,1,USD,,,,14.98,FALSE,14.98,0,1.12,,,FL,,,100950000,JACKSONVILLE,FL,US,,100310660,100310660,ShipTo,State,FL,,,,,,,,,,,,,0.9,0.06,Tax,Sales and Use Tax,Taxable,0,14.98
,,,,2024-04-08+21:34:45,2024-04-09+00:00,Amazon.com,,AFN,,,SHIPMENT,MarketplaceFacilitator,Amazon,,1,USD,,,,14.98,FALSE,14.98,,,,,FL,,,100950000,JACKSONVILLE,FL,US,,100310660,100310660,ShipTo,City,NOT APPLICABLE,,,,,,,,,,,,,0,0,Tax,,ZeroRated,14.98,0
,,,,2024-04-08+21:34:45,2024-04-09+00:00,Amazon.com,,AFN,,,SHIPMENT,MarketplaceFacilitator,Amazon,,1,USD,,,,14.98,FALSE,14.98,,,,,FL,,,100950000,JACKSONVILLE,FL,US,,100310660,100310660,ShipTo,County,DUVAL,,,,,,,,,,,,,0.22,0.015,Tax,Local Sales and Use Tax (Discretionary Sales Surtax),Taxable,0,14.98
,,,,2024-04-08+21:34:45,2024-04-09+00:00,Amazon.com,,AFN,,,SHIPMENT,MarketplaceFacilitator,Amazon,,1,USD,,,,14.98,FALSE,14.98,,,,,FL,,,100950000,JACKSONVILLE,FL,US,,100310660,100310660,ShipTo,District,NOT APPLICABLE,,,,,,,,,,,,,0,0,Tax,,ZeroRated,14.98,0
,,,,2024-04-08+18:14:57,2024-04-09+00:00,Amazon.com,,AFN,,,SHIPMENT,MarketplaceFacilitator,Amazon,,1,USD,,,,14.98,FALSE,14.98,0,1.54,,,IL,,,140311790,ROLLING MEADOWS,IL,US,,140312550,140312550,ShipTo,State,IL,,,,,,,,,,,,,0.94,0.0625,Tax,Retailers'/Service Occupation and Use/Service Use Tax,Taxable,0,14.98
,,,,2024-04-08+18:14:57,2024-04-09+00:00,Amazon.com,,AFN,,,SHIPMENT,MarketplaceFacilitator,Amazon,,1,USD,,,,14.98,FALSE,14.98,,,,,IL,,,140311790,ROLLING MEADOWS,IL,US,,140312550,140312550,ShipTo,City,ROLLING MEADOWS,,,,,,,,,,,,,0.19,0.0125,Tax,Local Sales Tax,Taxable,0,14.98
,,,,2024-04-08+18:14:57,2024-04-09+00:00,Amazon.com,,AFN,,,SHIPMENT,MarketplaceFacilitator,Amazon,,1,USD,,,,14.98,FALSE,14.98,,,,,IL,,,140311790,ROLLING MEADOWS,IL,US,,140312550,140312550,ShipTo,County,COOK,,,,,,,,,,,,,0.26,0.0175,Tax,Local Sales and Use Tax,Taxable,0,14.98
,,,,2024-04-08+18:14:57,2024-04-09+00:00,Amazon.com,,AFN,,,SHIPMENT,MarketplaceFacilitator,Amazon,,1,USD,,,,14.98,FALSE,14.98,,,,,IL,,,140311790,ROLLING MEADOWS,IL,US,,140312550,140312550,ShipTo,District,REGIONAL TRANSPORTATION AUTHORITY (COOK),,,,,,,,,,,,,0.15,0.01,Tax,Local Sales and Use Tax,Taxable,0,14.98
,,,,2024-04-09+01:36:57,2024-04-09+00:00,Amazon.com,,AFN,,,SHIPMENT,MarketplaceFacilitator,Amazon,,1,USD,,,,14.08,FALSE,14.08,0,0.93,,,NJ,,,310150000,COLONIA,NJ,US,,310236556,310236556,ShipTo,State,NJ,,,,,,,,,,,,,0.93,0.06625,Tax,Sales and Use Tax,Taxable,0,14.08
,,,,2024-04-09+01:36:57,2024-04-09+00:00,Amazon.com,,AFN,,,SHIPMENT,MarketplaceFacilitator,Amazon,,1,USD,,,,14.08,FALSE,14.08,,,,,NJ,,,310150000,COLONIA,NJ,US,,310236556,310236556,ShipTo,City,NOT APPLICABLE,,,,,,,,,,,,,0,0,Tax,,ZeroRated,14.08,0
,,,,2024-04-09+01:36:57,2024-04-09+00:00,Amazon.com,,AFN,,,SHIPMENT,MarketplaceFacilitator,Amazon,,1,USD,,,,14.08,FALSE,14.08,,,,,NJ,,,310150000,COLONIA,NJ,US,,310236556,310236556,ShipTo,County,NOT APPLICABLE,,,,,,,,,,,,,0,0,Tax,,ZeroRated,14.08,0
,,,,2024-04-09+01:36:57,2024-04-09+00:00,Amazon.com,,AFN,,,SHIPMENT,MarketplaceFacilitator,Amazon,,1,USD,,,,14.08,FALSE,14.08,,,,,NJ,,,310150000,COLONIA,NJ,US,,310236556,310236556,ShipTo,District,NOT APPLICABLE,,,,,,,,,,,,,0,0,Tax,,ZeroRated,14.08,0
,,,,2024-04-08+14:48:11,2024-04-09+00:00,Amazon.com,,AFN,,,SHIPMENT,MarketplaceFacilitator,Amazon,,1,USD,,,,14.98,FALSE,14.98,0,1.09,,,NC,,,341830000,FUQUAY VARINA,NC,US,,341830000,341830000,ShipTo,State,NC,,,,,,,,,,,,,0.71,0.0475,Tax,Sales and Use Tax,Taxable,0,14.98
,,,,2024-04-08+14:48:11,2024-04-09+00:00,Amazon.com,,AFN,,,SHIPMENT,MarketplaceFacilitator,Amazon,,1,USD,,,,14.98,FALSE,14.98,,,,,NC,,,341830000,FUQUAY VARINA,NC,US,,341830000,341830000,ShipTo,City,NOT APPLICABLE,,,,,,,,,,,,,0,0,Tax,,ZeroRated,14.98,0
,,,,2024-04-08+14:48:11,2024-04-09+00:00,Amazon.com,,AFN,,,SHIPMENT,MarketplaceFacilitator,Amazon,,1,USD,,,,14.98,FALSE,14.98,,,,,NC,,,341830000,FUQUAY VARINA,NC,US,,341830000,341830000,ShipTo,County,WAKE,,,,,,,,,,,,,0.3,0.02,Tax,Local Sales and Use Tax,Taxable,0,14.98
,,,,2024-04-08+14:48:11,2024-04-09+00:00,Amazon.com,,AFN,,,SHIPMENT,MarketplaceFacilitator,Amazon,,1,USD,,,,14.98,FALSE,14.98,,,,,NC,,,341830000,FUQUAY VARINA,NC,US,,341830000,341830000,ShipTo,District,PUBLIC TRANSPORTATION AUTHORITY,,,,,,,,,,,,,0.08,0.005,Tax,Local Sales and Use Tax,Taxable,0,14.98
,,,,2024-04-08+14:48:11,2024-04-09+00:00,Amazon.com,,AFN,,,SHIPMENT,MarketplaceFacilitator,Amazon,,1,USD,,,,0.66,FALSE,0.66,0,0,,,NC,,,341830000,FUQUAY VARINA,NC,US,,341830000,341830000,ShipTo,State,NC,,,Y,0,0,-0.66,PromotionIdAndCouponCode,0,,Self Funded,ReductionInTaxableBasis,,0,0.0475,Tax,Sales and Use Tax,Taxable,0,0
,,,,2024-04-08+14:48:11,2024-04-09+00:00,Amazon.com,,AFN,,,SHIPMENT,MarketplaceFacilitator,Amazon,,1,USD,,,,0.66,FALSE,0.66,,,,,NC,,,341830000,FUQUAY VARINA,NC,US,,341830000,341830000,ShipTo,City,NOT APPLICABLE,,,Y,0,0,-0.66,PromotionIdAndCouponCode,0,,Self Funded,ReductionInTaxableBasis,,0,0,Tax,,NonTaxable,0,0
,,,,2024-04-08+14:48:11,2024-04-09+00:00,Amazon.com,,AFN,,,SHIPMENT,MarketplaceFacilitator,Amazon,,1,USD,,,,0.66,FALSE,0.66,,,,,NC,,,341830000,FUQUAY VARINA,NC,US,,341830000,341830000,ShipTo,County,WAKE,,,Y,0,0,-0.66,PromotionIdAndCouponCode,0,,Self Funded,ReductionInTaxableBasis,,0,0.02,Tax,Local Sales and Use Tax,Taxable,0,0
,,,,2024-04-08+14:48:11,2024-04-09+00:00,Amazon.com,,AFN,,,SHIPMENT,MarketplaceFacilitator,Amazon,,1,USD,,,,0.66,FALSE,0.66,,,,,NC,,,341830000,FUQUAY VARINA,NC,US,,341830000,341830000,ShipTo,District,PUBLIC TRANSPORTATION AUTHORITY,,,Y,0,0,-0.66,PromotionIdAndCouponCode,0,,Self Funded,ReductionInTaxableBasis,,0,0.005,Tax,Local Sales and Use Tax,Taxable,0,0
,,,,2024-04-08+22:35:02,2024-04-09+00:00,Amazon.com,,AFN,,,SHIPMENT,MarketplaceFacilitator,Amazon,,1,USD,,,,14.08,FALSE,14.08,0,0.77,,,IL,,,140311740,GERMANTOWN,WI,US,,501311710,501311710,ShipTo,State,WI,,,,,,,,,,,,,0.7,0.05,Tax,General Sales and Use Tax,Taxable,0,14.08
,,,,2024-04-08+22:35:02,2024-04-09+00:00,Amazon.com,,AFN,,,SHIPMENT,MarketplaceFacilitator,Amazon,,1,USD,,,,14.08,FALSE,14.08,,,,,IL,,,140311740,GERMANTOWN,WI,US,,501311710,501311710,ShipTo,City,NOT APPLICABLE,,,,,,,,,,,,,0,0,Tax,,ZeroRated,14.08,0
,,,,2024-04-08+22:35:02,2024-04-09+00:00,Amazon.com,,AFN,,,SHIPMENT,MarketplaceFacilitator,Amazon,,1,USD,,,,14.08,FALSE,14.08,,,,,IL,,,140311740,GERMANTOWN,WI,US,,501311710,501311710,ShipTo,County,WASHINGTON,,,,,,,,,,,,,0.07,0.005,Tax,Local Sales and Use Tax,Taxable,0,14.08
,,,,2024-04-08+22:35:02,2024-04-09+00:00,Amazon.com,,AFN,,,SHIPMENT,MarketplaceFacilitator,Amazon,,1,USD,,,,14.08,FALSE,14.08,,,,,IL,,,140311740,GERMANTOWN,WI,US,,501311710,501311710,ShipTo,District,NOT APPLICABLE,,,,,,,,,,,,,0,0,Tax,,ZeroRated,14.08,0
,,,,2024-04-09+01:12:59,2024-04-09+00:00,Amazon.com,,AFN,,,SHIPMENT,Standard,Seller,A_GEN_NOTAX,1,USD,,,,14.08,FALSE,14.08,0,0,,,OR,,,380511181,SCAPPOOSE,OR,US,,380090891,380090891,ShipTo,State,OR,,,,,,,,,,,,0,,0,Tax,No Sales or Use Tax Imposed,NonTaxable,14.08,0
,,,,2024-04-09+01:12:59,2024-04-09+00:00,Amazon.com,,AFN,,,SHIPMENT,Standard,Seller,A_GEN_NOTAX,1,USD,,,,14.08,FALSE,14.08,,,,,OR,,,380511181,SCAPPOOSE,OR,US,,380090891,380090891,ShipTo,City,NOT APPLICABLE,,,,,,,,,,,,0,,0,Tax,,ZeroRated,14.08,0
,,,,2024-04-09+01:12:59,2024-04-09+00:00,Amazon.com,,AFN,,,SHIPMENT,Standard,Seller,A_GEN_NOTAX,1,USD,,,,14.08,FALSE,14.08,,,,,OR,,,380511181,SCAPPOOSE,OR,US,,380090891,380090891,ShipTo,County,NOT APPLICABLE,,,,,,,,,,,,0,,0,Tax,,ZeroRated,14.08,0
,,,,2024-04-09+01:12:59,2024-04-09+00:00,Amazon.com,,AFN,,,SHIPMENT,Standard,Seller,A_GEN_NOTAX,1,USD,,,,14.08,FALSE,14.08,,,,,OR,,,380511181,SCAPPOOSE,OR,US,,380090891,380090891,ShipTo,District,NOT APPLICABLE,,,,,,,,,,,,0,,0,Tax,,ZeroRated,14.08,0
,,,,2024-04-09+01:12:59,2024-04-09+00:00,Amazon.com,,AFN,,,SHIPMENT,Standard,Seller,A_GEN_NOTAX,1,USD,,,,1.49,FALSE,1.49,0,0,,,OR,,,380511181,SCAPPOOSE,OR,US,,380090891,380090891,ShipTo,State,OR,,,Y,0,0,-1.49,PromotionIdAndCouponCode,0,,Self Funded,ReductionInTaxableBasis,0,,0,Tax,No Sales or Use Tax Imposed,NonTaxable,0,0
,,,,2024-04-09+01:12:59,2024-04-09+00:00,Amazon.com,,AFN,,,SHIPMENT,Standard,Seller,A_GEN_NOTAX,1,USD,,,,1.49,FALSE,1.49,,,,,OR,,,380511181,SCAPPOOSE,OR,US,,380090891,380090891,ShipTo,City,NOT APPLICABLE,,,Y,0,0,-1.49,PromotionIdAndCouponCode,0,,Self Funded,ReductionInTaxableBasis,0,,0,Tax,,NonTaxable,0,0
,,,,2024-04-09+01:12:59,2024-04-09+00:00,Amazon.com,,AFN,,,SHIPMENT,Standard,Seller,A_GEN_NOTAX,1,USD,,,,1.49,FALSE,1.49,,,,,OR,,,380511181,SCAPPOOSE,OR,US,,380090891,380090891,ShipTo,County,NOT APPLICABLE,,,Y,0,0,-1.49,PromotionIdAndCouponCode,0,,Self Funded,ReductionInTaxableBasis,0,,0,Tax,,NonTaxable,0,0
,,,,2024-04-09+01:12:59,2024-04-09+00:00,Amazon.com,,AFN,,,SHIPMENT,Standard,Seller,A_GEN_NOTAX,1,USD,,,,1.49,FALSE,1.49,,,,,OR,,,380511181,SCAPPOOSE,OR,US,,380090891,380090891,ShipTo,District,NOT APPLICABLE,,,Y,0,0,-1.49,PromotionIdAndCouponCode,0,,Self Funded,ReductionInTaxableBasis,0,,0,Tax,,NonTaxable,0,0
,,,,2024-04-09+05:14:27,2024-04-09+00:00,Amazon.com,,AFN,,,SHIPMENT,MarketplaceFacilitator,Amazon,,1,USD,,,,14.08,FALSE,14.08,0,1.3,,,TN,,,430091604,HARROGATE,TN,US,,430251656,430251656,ShipTo,State,TN,,,,,,,,,,,,,0.98,0.07,Tax,Sales and Use Tax,Taxable,0,14.08
,,,,2024-04-09+05:14:27,2024-04-09+00:00,Amazon.com,,AFN,,,SHIPMENT,MarketplaceFacilitator,Amazon,,1,USD,,,,14.08,FALSE,14.08,,,,,TN,,,430091604,HARROGATE,TN,US,,430251656,430251656,ShipTo,State,TN,,,,,,,,,,,,,0,0,Tax,State Single Article Tax,NonTaxable,14.08,0
,,,,2024-04-09+05:14:27,2024-04-09+00:00,Amazon.com,,AFN,,,SHIPMENT,MarketplaceFacilitator,Amazon,,1,USD,,,,14.08,FALSE,14.08,,,,,TN,,,430091604,HARROGATE,TN,US,,430251656,430251656,ShipTo,City,NOT APPLICABLE,,,,,,,,,,,,,0,0,Tax,,ZeroRated,14.08,0
,,,,2024-04-09+05:14:27,2024-04-09+00:00,Amazon.com,,AFN,,,SHIPMENT,MarketplaceFacilitator,Amazon,,1,USD,,,,14.08,FALSE,14.08,,,,,TN,,,430091604,HARROGATE,TN,US,,430251656,430251656,ShipTo,County,CLAIBORNE,,,,,,,,,,,,,0.32,0.0225,Tax,Local Sales and Use Tax,Taxable,0,14.08
,,,,2024-04-09+05:14:27,2024-04-09+00:00,Amazon.com,,AFN,,,SHIPMENT,MarketplaceFacilitator,Amazon,,1,USD,,,,14.08,FALSE,14.08,,,,,TN,,,430091604,HARROGATE,TN,US,,430251656,430251656,ShipTo,District,NOT APPLICABLE,,,,,,,,,,,,,0,0,Tax,,ZeroRated,14.08,0
,,,,2024-04-09+01:56:29,2024-04-09+00:00,Amazon.com,,AFN,,,SHIPMENT,MarketplaceFacilitator,Amazon,,1,USD,,,,14.08,FALSE,14.08,0,1.21,,,CA,,,050191300,ORO VALLEY,AZ,US,,030191057,030191057,ShipTo,State,AZ,,,,,,,,,,,,,0.79,0.056,Tax,Transaction Privilege and Use Tax,Taxable,0,14.08
,,,,2024-04-09+01:56:29,2024-04-09+00:00,Amazon.com,,AFN,,,SHIPMENT,MarketplaceFacilitator,Amazon,,1,USD,,,,14.08,FALSE,14.08,,,,,CA,,,050191300,ORO VALLEY,AZ,US,,030191057,030191057,ShipTo,City,ORO VALLEY,,,,,,,,,,,,,0.35,0.025,Tax,Local Transaction Privilege and Use Tax,Taxable,0,14.08
,,,,2024-04-09+01:56:29,2024-04-09+00:00,Amazon.com,,AFN,,,SHIPMENT,MarketplaceFacilitator,Amazon,,1,USD,,,,14.08,FALSE,14.08,,,,,CA,,,050191300,ORO VALLEY,AZ,US,,030191057,030191057,ShipTo,County,PIMA,,,,,,,,,,,,,0.07,0.005,Tax,Local Transaction Privilege Tax,Taxable,0,14.08
,,,,2024-04-09+01:56:29,2024-04-09+00:00,Amazon.com,,AFN,,,SHIPMENT,MarketplaceFacilitator,Amazon,,1,USD,,,,14.08,FALSE,14.08,,,,,CA,,,050191300,ORO VALLEY,AZ,US,,030191057,030191057,ShipTo,District,NOT APPLICABLE,,,,,,,,,,,,,0,0,Tax,,ZeroRated,14.08,0
,,,,2024-04-09+07:40:40,2024-04-09+00:00,Amazon.com,,AFN,,,SHIPMENT,MarketplaceFacilitator,Amazon,,1,USD,,,,0.75,FALSE,0.75,0,0,,,UT,,,450350270,WEST JORDAN,UT,US,,450350390,450350390,ShipTo,State,UT,,,Y,0,0,-0.75,PromotionIdAndCouponCode,0,,Self Funded,ReductionInTaxableBasis,,0,0,Tax,Sales and Use Tax,NonTaxable,0,0
,,,,2024-04-09+07:40:40,2024-04-09+00:00,Amazon.com,,AFN,,,SHIPMENT,MarketplaceFacilitator,Amazon,,1,USD,,,,0.75,FALSE,0.75,,,,,UT,,,450350270,WEST JORDAN,UT,US,,450350390,450350390,ShipTo,City,WEST JORDAN,,,Y,0,0,-0.75,PromotionIdAndCouponCode,0,,Self Funded,ReductionInTaxableBasis,,0,0,Tax,Local Sales and Use Tax,NonTaxable,0,0
,,,,2024-04-09+07:40:40,2024-04-09+00:00,Amazon.com,,AFN,,,SHIPMENT,MarketplaceFacilitator,Amazon,,1,USD,,,,0.75,FALSE,0.75,,,,,UT,,,450350270,WEST JORDAN,UT,US,,450350390,450350390,ShipTo,County,SALT LAKE,,,Y,0,0,-0.75,PromotionIdAndCouponCode,0,,Self Funded,ReductionInTaxableBasis,,0,0,Tax,Local Sales and Use Tax,NonTaxable,0,0
,,,,2024-04-09+07:40:40,2024-04-09+00:00,Amazon.com,,AFN,,,SHIPMENT,MarketplaceFacilitator,Amazon,,1,USD,,,,0.75,FALSE,0.75,,,,,UT,,,450350270,WEST JORDAN,UT,US,,450350390,450350390,ShipTo,District,MASS TRANSIT TAX,,,Y,0,0,-0.75,PromotionIdAndCouponCode,0,,Self Funded,ReductionInTaxableBasis,,0,0,Tax,Local Sales and Use Tax,NonTaxable,0,0
,,,,2024-04-09+07:40:40,2024-04-09+00:00,Amazon.com,,AFN,,,SHIPMENT,MarketplaceFacilitator,Amazon,,1,USD,,,,14.08,FALSE,14.08,0,1.02,,,UT,,,450350270,WEST JORDAN,UT,US,,450350390,450350390,ShipTo,State,UT,,,,,,,,,,,,,0.68,0.0485,Tax,Sales and Use Tax,Taxable,0,14.08
,,,,2024-04-09+07:40:40,2024-04-09+00:00,Amazon.com,,AFN,,,SHIPMENT,MarketplaceFacilitator,Amazon,,1,USD,,,,14.08,FALSE,14.08,,,,,UT,,,450350270,WEST JORDAN,UT,US,,450350390,450350390,ShipTo,City,WEST JORDAN,,,,,,,,,,,,,0.14,0.01,Tax,Local Sales and Use Tax,Taxable,0,14.08
,,,,2024-04-09+07:40:40,2024-04-09+00:00,Amazon.com,,AFN,,,SHIPMENT,MarketplaceFacilitator,Amazon,,1,USD,,,,14.08,FALSE,14.08,,,,,UT,,,450350270,WEST JORDAN,UT,US,,450350390,450350390,ShipTo,County,SALT LAKE,,,,,,,,,,,,,0.12,0.0085,Tax,Local Sales and Use Tax,Taxable,0,14.08
,,,,2024-04-09+07:40:40,2024-04-09+00:00,Amazon.com,,AFN,,,SHIPMENT,MarketplaceFacilitator,Amazon,,1,USD,,,,14.08,FALSE,14.08,,,,,UT,,,450350270,WEST JORDAN,UT,US,,450350390,450350390,ShipTo,District,MASS TRANSIT TAX,,,,,,,,,,,,,0.08,0.0055,Tax,Local Sales and Use Tax,Taxable,0,14.08
,,,,2024-04-09+07:12:55,2024-04-09+00:00,Amazon.com,,AFN,,,SHIPMENT,MarketplaceFacilitator,Amazon,,1,USD,,,,14.08,FALSE,14.08,0,1.25,,,NJ,,,310215431,NEW YORK,NY,US,,330612010,330612010,ShipTo,State,NY,,,,,,,,,,,,,0.56,0.04,Tax,Sales and Compensating Use Tax,Taxable,0,14.08
,,,,2024-04-09+07:12:55,2024-04-09+00:00,Amazon.com,,AFN,,,SHIPMENT,MarketplaceFacilitator,Amazon,,1,USD,,,,14.08,FALSE,14.08,,,,,NJ,,,310215431,NEW YORK,NY,US,,330612010,330612010,ShipTo,City,NEW YORK,,,,,,,,,,,,,0.64,0.045,Tax,Local Sales and Use Tax,Taxable,0,14.08
,,,,2024-04-09+07:12:55,2024-04-09+00:00,Amazon.com,,AFN,,,SHIPMENT,MarketplaceFacilitator,Amazon,,1,USD,,,,14.08,FALSE,14.08,,,,,NJ,,,310215431,NEW YORK,NY,US,,330612010,330612010,ShipTo,County,NOT APPLICABLE,,,,,,,,,,,,,0,0,Tax,,ZeroRated,14.08,0
,,,,2024-04-09+07:12:55,2024-04-09+00:00,Amazon.com,,AFN,,,SHIPMENT,MarketplaceFacilitator,Amazon,,1,USD,,,,14.08,FALSE,14.08,,,,,NJ,,,310215431,NEW YORK,NY,US,,330612010,330612010,ShipTo,District,METROPOLITAN COMMUTER TRANSPORTATION DISTRICT,,,,,,,,,,,,,0.05,0.00375,Tax,Metropolitan Commuter Transportation District,Taxable,0,14.08
,,,,2024-04-09+05:45:12,2024-04-09+00:00,Amazon.com,,AFN,,,SHIPMENT,MarketplaceFacilitator,Amazon,,1,USD,,,,14.08,FALSE,14.08,0,0.77,,,IL,,,140311790,NEW FRANKEN,WI,US,,500090000,500090000,ShipTo,State,WI,,,,,,,,,,,,,0.7,0.05,Tax,General Sales and Use Tax,Taxable,0,14.08
,,,,2024-04-09+05:45:12,2024-04-09+00:00,Amazon.com,,AFN,,,SHIPMENT,MarketplaceFacilitator,Amazon,,1,USD,,,,14.08,FALSE,14.08,,,,,IL,,,140311790,NEW FRANKEN,WI,US,,500090000,500090000,ShipTo,City,NOT APPLICABLE,,,,,,,,,,,,,0,0,Tax,,ZeroRated,14.08,0
,,,,2024-04-09+05:45:12,2024-04-09+00:00,Amazon.com,,AFN,,,SHIPMENT,MarketplaceFacilitator,Amazon,,1,USD,,,,14.08,FALSE,14.08,,,,,IL,,,140311790,NEW FRANKEN,WI,US,,500090000,500090000,ShipTo,County,BROWN,,,,,,,,,,,,,0.07,0.005,Tax,Local Sales and Use Tax,Taxable,0,14.08
,,,,2024-04-09+05:45:12,2024-04-09+00:00,Amazon.com,,AFN,,,SHIPMENT,MarketplaceFacilitator,Amazon,,1,USD,,,,14.08,FALSE,14.08,,,,,IL,,,140311790,NEW FRANKEN,WI,US,,500090000,500090000,ShipTo,District,NOT APPLICABLE,,,,,,,,,,,,,0,0,Tax,,ZeroRated,14.08,0
,,,,2024-04-08+19:16:39,2024-04-09+00:00,Amazon.com,,AFN,,,SHIPMENT,MarketplaceFacilitator,Amazon,,1,USD,,,,2.87,FALSE,2.87,0,0,,,IL,,,140311740,MUNDELEIN,IL,US,,140970000,140970000,ShipTo,State,IL,,,Y,0,0,-2.87,PromotionIdAndCouponCode,0,,Self Funded,ReductionInTaxableBasis,,0,0,Tax,Retailers'/Service Occupation and Use/Service Use Tax,NonTaxable,0,0
,,,,2024-04-08+19:16:39,2024-04-09+00:00,Amazon.com,,AFN,,,SHIPMENT,MarketplaceFacilitator,Amazon,,1,USD,,,,2.87,FALSE,2.87,,,,,IL,,,140311740,MUNDELEIN,IL,US,,140970000,140970000,ShipTo,City,NOT APPLICABLE,,,Y,0,0,-2.87,PromotionIdAndCouponCode,0,,Self Funded,ReductionInTaxableBasis,,0,0,Tax,,NonTaxable,0,0
,,,,2024-04-08+19:16:39,2024-04-09+00:00,Amazon.com,,AFN,,,SHIPMENT,MarketplaceFacilitator,Amazon,,1,USD,,,,2.87,FALSE,2.87,,,,,IL,,,140311740,MUNDELEIN,IL,US,,140970000,140970000,ShipTo,County,NOT APPLICABLE,,,Y,0,0,-2.87,PromotionIdAndCouponCode,0,,Self Funded,ReductionInTaxableBasis,,0,0,Tax,,NonTaxable,0,0
,,,,2024-04-08+19:16:39,2024-04-09+00:00,Amazon.com,,AFN,,,SHIPMENT,MarketplaceFacilitator,Amazon,,1,USD,,,,2.87,FALSE,2.87,,,,,IL,,,140311740,MUNDELEIN,IL,US,,140970000,140970000,ShipTo,District,"REGIONAL TRANSPORTATION AUTHORITY (KANE,LAKE,MCHENRY,WILL)",,,Y,0,0,-2.87,PromotionIdAndCouponCode,0,,Self Funded,ReductionInTaxableBasis,,0,0,Tax,Local Sales and Use Tax,NonTaxable,0,0
,,,,2024-04-08+19:16:39,2024-04-09+00:00,Amazon.com,,AFN,,,SHIPMENT,MarketplaceFacilitator,Amazon,,1,USD,,,,14.98,FALSE,14.98,0,1.05,,,IL,,,140311740,MUNDELEIN,IL,US,,140970000,140970000,ShipTo,State,IL,,,,,,,,,,,,,0.94,0.0625,Tax,Retailers'/Service Occupation and Use/Service Use Tax,Taxable,0,14.98
,,,,2024-04-08+19:16:39,2024-04-09+00:00,Amazon.com,,AFN,,,SHIPMENT,MarketplaceFacilitator,Amazon,,1,USD,,,,14.98,FALSE,14.98,,,,,IL,,,140311740,MUNDELEIN,IL,US,,140970000,140970000,ShipTo,City,NOT APPLICABLE,,,,,,,,,,,,,0,0,Tax,,ZeroRated,14.98,0
,,,,2024-04-08+19:16:39,2024-04-09+00:00,Amazon.com,,AFN,,,SHIPMENT,MarketplaceFacilitator,Amazon,,1,USD,,,,14.98,FALSE,14.98,,,,,IL,,,140311740,MUNDELEIN,IL,US,,140970000,140970000,ShipTo,County,NOT APPLICABLE,,,,,,,,,,,,,0,0,Tax,,ZeroRated,14.98,0
,,,,2024-04-08+19:16:39,2024-04-09+00:00,Amazon.com,,AFN,,,SHIPMENT,MarketplaceFacilitator,Amazon,,1,USD,,,,14.98,FALSE,14.98,,,,,IL,,,140311740,MUNDELEIN,IL,US,,140970000,140970000,ShipTo,District,"REGIONAL TRANSPORTATION AUTHORITY (KANE,LAKE,MCHENRY,WILL)",,,,,,,,,,,,,0.11,0.0075,Tax,Local Sales and Use Tax,Taxable,0,14.98
,,,,2024-04-09+15:50:02,2024-04-09+00:00,Amazon.com,,AFN,,,SHIPMENT,MarketplaceFacilitator,Amazon,,1,USD,,,,14.08,FALSE,14.08,0,1.17,,,CA,,,050290000,MESA,AZ,US,,030130160,030130160,ShipTo,State,AZ,,,,,,,,,,,,,0.79,0.056,Tax,Transaction Privilege and Use Tax,Taxable,0,14.08
,,,,2024-04-09+15:50:02,2024-04-09+00:00,Amazon.com,,AFN,,,SHIPMENT,MarketplaceFacilitator,Amazon,,1,USD,,,,14.08,FALSE,14.08,,,,,CA,,,050290000,MESA,AZ,US,,030130160,030130160,ShipTo,City,MESA,,,,,,,,,,,,,0.28,0.02,Tax,Local Transaction Privilege and Use Tax,Taxable,0,14.08
,,,,2024-04-09+15:50:02,2024-04-09+00:00,Amazon.com,,AFN,,,SHIPMENT,MarketplaceFacilitator,Amazon,,1,USD,,,,14.08,FALSE,14.08,,,,,CA,,,050290000,MESA,AZ,US,,030130160,030130160,ShipTo,County,MARICOPA,,,,,,,,,,,,,0.1,0.007,Tax,Local Transaction Privilege and Use Tax,Taxable,0,14.08
,,,,2024-04-09+15:50:02,2024-04-09+00:00,Amazon.com,,AFN,,,SHIPMENT,MarketplaceFacilitator,Amazon,,1,USD,,,,14.08,FALSE,14.08,,,,,CA,,,050290000,MESA,AZ,US,,030130160,030130160,ShipTo,District,NOT APPLICABLE,,,,,,,,,,,,,0,0,Tax,,ZeroRated,14.08,0
,,,,2024-04-09+18:28:11,2024-04-10+00:00,Amazon.com,,AFN,,,SHIPMENT,MarketplaceFacilitator,Amazon,,1,USD,,,,14.08,FALSE,14.08,0,1.37,,,TN,,,431570560,GREENBRIER,TN,US,,431472351,431472351,ShipTo,State,TN,,,,,,,,,,,,,0.98,0.07,Tax,Sales and Use Tax,Taxable,0,14.08
,,,,2024-04-09+18:28:11,2024-04-10+00:00,Amazon.com,,AFN,,,SHIPMENT,MarketplaceFacilitator,Amazon,,1,USD,,,,14.08,FALSE,14.08,,,,,TN,,,431570560,GREENBRIER,TN,US,,431472351,431472351,ShipTo,State,TN,,,,,,,,,,,,,0,0,Tax,State Single Article Tax,NonTaxable,14.08,0
,,,,2024-04-09+18:28:11,2024-04-10+00:00,Amazon.com,,AFN,,,SHIPMENT,MarketplaceFacilitator,Amazon,,1,USD,,,,14.08,FALSE,14.08,,,,,TN,,,431570560,GREENBRIER,TN,US,,431472351,431472351,ShipTo,City,NOT APPLICABLE,,,,,,,,,,,,,0,0,Tax,,ZeroRated,14.08,0
,,,,2024-04-09+18:28:11,2024-04-10+00:00,Amazon.com,,AFN,,,SHIPMENT,MarketplaceFacilitator,Amazon,,1,USD,,,,14.08,FALSE,14.08,,,,,TN,,,431570560,GREENBRIER,TN,US,,431472351,431472351,ShipTo,County,ROBERTSON,,,,,,,,,,,,,0.39,0.0275,Tax,Local Sales and Use Tax,Taxable,0,14.08
,,,,2024-04-09+18:28:11,2024-04-10+00:00,Amazon.com,,AFN,,,SHIPMENT,MarketplaceFacilitator,Amazon,,1,USD,,,,14.08,FALSE,14.08,,,,,TN,,,431570560,GREENBRIER,TN,US,,431472351,431472351,ShipTo,District,NOT APPLICABLE,,,,,,,,,,,,,0,0,Tax,,ZeroRated,14.08,0
,,,,2024-04-09+14:45:18,2024-04-10+00:00,Amazon.com,,AFN,,,SHIPMENT,MarketplaceFacilitator,Amazon,,1,USD,,,,14.98,FALSE,14.98,0,0.9,,,OH,,,361732180,TAYLOR,MI,US,,231632210,231632210,ShipTo,State,MI,,,,,,,,,,,,,0.9,0.06,Tax,Sales and Use Tax,Taxable,0,14.98
,,,,2024-04-09+14:45:18,2024-04-10+00:00,Amazon.com,,AFN,,,SHIPMENT,MarketplaceFacilitator,Amazon,,1,USD,,,,14.98,FALSE,14.98,,,,,OH,,,361732180,TAYLOR,MI,US,,231632210,231632210,ShipTo,City,NOT APPLICABLE,,,,,,,,,,,,,0,0,Tax,,ZeroRated,14.98,0
,,,,2024-04-09+14:45:18,2024-04-10+00:00,Amazon.com,,AFN,,,SHIPMENT,MarketplaceFacilitator,Amazon,,1,USD,,,,14.98,FALSE,14.98,,,,,OH,,,361732180,TAYLOR,MI,US,,231632210,231632210,ShipTo,County,NOT APPLICABLE,,,,,,,,,,,,,0,0,Tax,,ZeroRated,14.98,0
,,,,2024-04-09+14:45:18,2024-04-10+00:00,Amazon.com,,AFN,,,SHIPMENT,MarketplaceFacilitator,Amazon,,1,USD,,,,14.98,FALSE,14.98,,,,,OH,,,361732180,TAYLOR,MI,US,,231632210,231632210,ShipTo,District,NOT APPLICABLE,,,,,,,,,,,,,0,0,Tax,,ZeroRated,14.98,0
,,,,2024-04-09+14:45:18,2024-04-10+00:00,Amazon.com,,AFN,,,SHIPMENT,MarketplaceFacilitator,Amazon,,1,USD,,,,2.25,FALSE,2.25,0,0,,,OH,,,361732180,TAYLOR,MI,US,,231632210,231632210,ShipTo,State,MI,,,,,,,,,,,,,0,0,Tax,Sales and Use Tax,Exempt,2.25,0
,,,,2024-04-09+14:45:18,2024-04-10+00:00,Amazon.com,,AFN,,,SHIPMENT,MarketplaceFacilitator,Amazon,,1,USD,,,,2.25,FALSE,2.25,,,,,OH,,,361732180,TAYLOR,MI,US,,231632210,231632210,ShipTo,City,NOT APPLICABLE,,,,,,,,,,,,,0,0,Tax,,ZeroRated,2.25,0
,,,,2024-04-09+14:45:18,2024-04-10+00:00,Amazon.com,,AFN,,,SHIPMENT,MarketplaceFacilitator,Amazon,,1,USD,,,,2.25,FALSE,2.25,,,,,OH,,,361732180,TAYLOR,MI,US,,231632210,231632210,ShipTo,County,NOT APPLICABLE,,,,,,,,,,,,,0,0,Tax,,ZeroRated,2.25,0
,,,,2024-04-09+14:45:18,2024-04-10+00:00,Amazon.com,,AFN,,,SHIPMENT,MarketplaceFacilitator,Amazon,,1,USD,,,,2.25,FALSE,2.25,,,,,OH,,,361732180,TAYLOR,MI,US,,231632210,231632210,ShipTo,District,NOT APPLICABLE,,,,,,,,,,,,,0,0,Tax,,ZeroRated,2.25,0
,,,,2024-04-09+19:34:03,2024-04-10+00:00,Amazon.com,,AFN,,,SHIPMENT,MarketplaceFacilitator,Amazon,,1,USD,,,,14.08,FALSE,14.08,0,1.16,,,TX,,,444535425,SAN MARCOS,TX,US,,442092620,442092620,ShipTo,State,TX,,,,,,,,,,,,,0.88,0.0625,Tax,Sales and Use Tax,Taxable,0,14.08
,,,,2024-04-09+19:34:03,2024-04-10+00:00,Amazon.com,,AFN,,,SHIPMENT,MarketplaceFacilitator,Amazon,,1,USD,,,,14.08,FALSE,14.08,,,,,TX,,,444535425,SAN MARCOS,TX,US,,442092620,442092620,ShipTo,City,SAN MARCOS,,,,,,,,,,,,,0.21,0.015,Tax,Local Sales and Use Tax,Taxable,0,14.08
,,,,2024-04-09+19:34:03,2024-04-10+00:00,Amazon.com,,AFN,,,SHIPMENT,MarketplaceFacilitator,Amazon,,1,USD,,,,14.08,FALSE,14.08,,,,,TX,,,444535425,SAN MARCOS,TX,US,,442092620,442092620,ShipTo,County,HAYS,,,,,,,,,,,,,0.07,0.005,Tax,Local Sales and Use Tax,Taxable,0,14.08
,,,,2024-04-09+19:34:03,2024-04-10+00:00,Amazon.com,,AFN,,,SHIPMENT,MarketplaceFacilitator,Amazon,,1,USD,,,,14.08,FALSE,14.08,,,,,TX,,,444535425,SAN MARCOS,TX,US,,442092620,442092620,ShipTo,District,NOT APPLICABLE,,,,,,,,,,,,,0,0,Tax,,ZeroRated,14.08,0
,,,,2024-04-09+23:12:33,2024-04-10+00:00,Amazon.com,,AFN,,,SHIPMENT,MarketplaceFacilitator,Amazon,,1,USD,,,,14.08,FALSE,14.08,0,0.93,,,NY,,,330852010,RUMSON,NJ,US,,310252250,310252250,ShipTo,State,NJ,,,,,,,,,,,,,0.93,0.06625,Tax,Sales and Use Tax,Taxable,0,14.08
,,,,2024-04-09+23:12:33,2024-04-10+00:00,Amazon.com,,AFN,,,SHIPMENT,MarketplaceFacilitator,Amazon,,1,USD,,,,14.08,FALSE,14.08,,,,,NY,,,330852010,RUMSON,NJ,US,,310252250,310252250,ShipTo,City,NOT APPLICABLE,,,,,,,,,,,,,0,0,Tax,,ZeroRated,14.08,0
,,,,2024-04-09+23:12:33,2024-04-10+00:00,Amazon.com,,AFN,,,SHIPMENT,MarketplaceFacilitator,Amazon,,1,USD,,,,14.08,FALSE,14.08,,,,,NY,,,330852010,RUMSON,NJ,US,,310252250,310252250,ShipTo,County,NOT APPLICABLE,,,,,,,,,,,,,0,0,Tax,,ZeroRated,14.08,0
,,,,2024-04-09+23:12:33,2024-04-10+00:00,Amazon.com,,AFN,,,SHIPMENT,MarketplaceFacilitator,Amazon,,1,USD,,,,14.08,FALSE,14.08,,,,,NY,,,330852010,RUMSON,NJ,US,,310252250,310252250,ShipTo,District,NOT APPLICABLE,,,,,,,,,,,,,0,0,Tax,,ZeroRated,14.08,0
,,,,2024-04-09+21:12:56,2024-04-10+00:00,Amazon.com,,AFN,,,SHIPMENT,MarketplaceFacilitator,Amazon,,1,USD,,,,14.07,FALSE,14.07,0,1.3,,,CA,,,470590000,SANTA ROSA,CA,US,,050973240,050973240,ShipTo,State,CA,,,,,,,,,,,,,0.84,0.06,Tax,Sales and Use Tax,Taxable,0,14.07
,,,,2024-04-09+21:12:56,2024-04-10+00:00,Amazon.com,,AFN,,,SHIPMENT,MarketplaceFacilitator,Amazon,,1,USD,,,,14.07,FALSE,14.07,,,,,CA,,,470590000,SANTA ROSA,CA,US,,050973240,050973240,ShipTo,City,NOT APPLICABLE,,,,,,,,,,,,,0,0,Tax,,ZeroRated,14.07,0
,,,,2024-04-09+21:12:56,2024-04-10+00:00,Amazon.com,,AFN,,,SHIPMENT,MarketplaceFacilitator,Amazon,,1,USD,,,,14.07,FALSE,14.07,,,,,CA,,,470590000,SANTA ROSA,CA,US,,050973240,050973240,ShipTo,County,SONOMA,,,,,,,,,,,,,0.18,0.0125,Tax,Local Sales and Use Tax,Taxable,0,14.07
,,,,2024-04-09+21:12:56,2024-04-10+00:00,Amazon.com,,AFN,,,SHIPMENT,MarketplaceFacilitator,Amazon,,1,USD,,,,14.07,FALSE,14.07,,,,,CA,,,470590000,SANTA ROSA,CA,US,,050973240,050973240,ShipTo,District,AGRICULTURAL PRESERVATION & OPEN SPACE DISTRICT (SAPD),,,,,,,,,,,,,0.03,0.0025,Tax,Local Sales and Use Tax,Taxable,0,14.07
,,,,2024-04-09+21:12:56,2024-04-10+00:00,Amazon.com,,AFN,,,SHIPMENT,MarketplaceFacilitator,Amazon,,1,USD,,,,14.07,FALSE,14.07,,,,,CA,,,470590000,SANTA ROSA,CA,US,,050973240,050973240,ShipTo,District,TRANSACTIONS AND USE TAX (SCLM),,,,,,,,,,,,,0.02,0.00125,Tax,Local Sales and Use Tax,Taxable,0,14.07
,,,,2024-04-09+21:12:56,2024-04-10+00:00,Amazon.com,,AFN,,,SHIPMENT,MarketplaceFacilitator,Amazon,,1,USD,,,,14.07,FALSE,14.07,,,,,CA,,,470590000,SANTA ROSA,CA,US,,050973240,050973240,ShipTo,District,TRANSACTIONS AND USE TAX (SCPS),,,,,,,,,,,,,0.02,0.00125,Tax,Local Sales and Use Tax,Taxable,0,14.07
,,,,2024-04-09+21:12:56,2024-04-10+00:00,Amazon.com,,AFN,,,SHIPMENT,MarketplaceFacilitator,Amazon,,1,USD,,,,14.07,FALSE,14.07,,,,,CA,,,470590000,SANTA ROSA,CA,US,,050973240,050973240,ShipTo,District,TRANSACTIONS AND USE TAX (SOMT),,,,,,,,,,,,,0.04,0.0025,Tax,Local Sales and Use Tax,Taxable,0,14.07
,,,,2024-04-09+21:12:56,2024-04-10+00:00,Amazon.com,,AFN,,,SHIPMENT,MarketplaceFacilitator,Amazon,,1,USD,,,,14.07,FALSE,14.07,,,,,CA,,,470590000,SANTA ROSA,CA,US,,050973240,050973240,ShipTo,District,TRANSACTIONS AND USE TAX (SRPS),,,,,,,,,,,,,0.03,0.0025,Tax,Local Sales and Use Tax,Taxable,0,14.07
,,,,2024-04-09+21:12:56,2024-04-10+00:00,Amazon.com,,AFN,,,SHIPMENT,MarketplaceFacilitator,Amazon,,1,USD,,,,14.07,FALSE,14.07,,,,,CA,,,470590000,SANTA ROSA,CA,US,,050973240,050973240,ShipTo,District,TRANSACTIONS AND USE TAX (SRTU),,,,,,,,,,,,,0.07,0.005,Tax,Local Sales and Use Tax,Taxable,0,14.07
,,,,2024-04-09+21:12:56,2024-04-10+00:00,Amazon.com,,AFN,,,SHIPMENT,MarketplaceFacilitator,Amazon,,1,USD,,,,14.07,FALSE,14.07,,,,,CA,,,470590000,SANTA ROSA,CA,US,,050973240,050973240,ShipTo,District,TRANSIT DISTRICT (SMRT),,,,,,,,,,,,,0.04,0.0025,Tax,Local Sales and Use Tax,Taxable,0,14.07
,,,,2024-04-09+21:12:56,2024-04-10+00:00,Amazon.com,,AFN,,,SHIPMENT,MarketplaceFacilitator,Amazon,,1,USD,,,,14.07,FALSE,14.07,,,,,CA,,,470590000,SANTA ROSA,CA,US,,050973240,050973240,ShipTo,District,TRANSPORTATION TRANSACTIONS AND USE TAX (SNTA),,,,,,,,,,,,,0.03,0.0025,Tax,Local Sales and Use Tax,Taxable,0,14.07
,,,,2024-04-09+17:56:44,2024-04-10+00:00,Amazon.com,,AFN,,,SHIPMENT,MarketplaceFacilitator,Amazon,,1,USD,,,,14.08,FALSE,14.08,0,0.84,,,NY,,,330670000,ELKLAND,PA,US,,391170000,391170000,ShipTo,State,PA,,,,,,,,,,,,,0.84,0.06,Tax,Sales and Use Tax,Taxable,0,14.08
,,,,2024-04-09+17:56:44,2024-04-10+00:00,Amazon.com,,AFN,,,SHIPMENT,MarketplaceFacilitator,Amazon,,1,USD,,,,14.08,FALSE,14.08,,,,,NY,,,330670000,ELKLAND,PA,US,,391170000,391170000,ShipTo,City,NOT APPLICABLE,,,,,,,,,,,,,0,0,Tax,,ZeroRated,14.08,0
,,,,2024-04-09+17:56:44,2024-04-10+00:00,Amazon.com,,AFN,,,SHIPMENT,MarketplaceFacilitator,Amazon,,1,USD,,,,14.08,FALSE,14.08,,,,,NY,,,330670000,ELKLAND,PA,US,,391170000,391170000,ShipTo,County,NOT APPLICABLE,,,,,,,,,,,,,0,0,Tax,,ZeroRated,14.08,0
,,,,2024-04-09+17:56:44,2024-04-10+00:00,Amazon.com,,AFN,,,SHIPMENT,MarketplaceFacilitator,Amazon,,1,USD,,,,14.08,FALSE,14.08,,,,,NY,,,330670000,ELKLAND,PA,US,,391170000,391170000,ShipTo,District,NOT APPLICABLE,,,,,,,,,,,,,0,0,Tax,,ZeroRated,14.08,0
,,,,2024-04-09+23:05:17,2024-04-10+00:00,Amazon.com,,AFN,,,SHIPMENT,MarketplaceFacilitator,Amazon,,1,USD,,,,14.07,FALSE,14.07,0,1.06,,,FL,,,100950000,TAMPA,FL,US,,100571570,100571570,ShipTo,State,FL,,,,,,,,,,,,,0.85,0.06,Tax,Sales and Use Tax,Taxable,0,14.07
,,,,2024-04-09+23:05:17,2024-04-10+00:00,Amazon.com,,AFN,,,SHIPMENT,MarketplaceFacilitator,Amazon,,1,USD,,,,14.07,FALSE,14.07,,,,,FL,,,100950000,TAMPA,FL,US,,100571570,100571570,ShipTo,City,NOT APPLICABLE,,,,,,,,,,,,,0,0,Tax,,ZeroRated,14.07,0
,,,,2024-04-09+23:05:17,2024-04-10+00:00,Amazon.com,,AFN,,,SHIPMENT,MarketplaceFacilitator,Amazon,,1,USD,,,,14.07,FALSE,14.07,,,,,FL,,,100950000,TAMPA,FL,US,,100571570,100571570,ShipTo,County,HILLSBOROUGH,,,,,,,,,,,,,0.21,0.015,Tax,Local Sales and Use Tax (Discretionary Sales Surtax),Taxable,0,14.07
,,,,2024-04-09+23:05:17,2024-04-10+00:00,Amazon.com,,AFN,,,SHIPMENT,MarketplaceFacilitator,Amazon,,1,USD,,,,14.07,FALSE,14.07,,,,,FL,,,100950000,TAMPA,FL,US,,100571570,100571570,ShipTo,District,NOT APPLICABLE,,,,,,,,,,,,,0,0,Tax,,ZeroRated,14.07,0
,,,,2024-04-09+14:26:55,2024-04-10+00:00,Amazon.com,,AFN,,,SHIPMENT,MarketplaceFacilitator,Amazon,,1,USD,,,,1.49,FALSE,1.49,0,0,,,TX,,,444535425,AUSTIN,TX,US,,444530150,444530150,ShipTo,State,TX,,,Y,0,0,-1.49,PromotionIdAndCouponCode,0,,Self Funded,ReductionInTaxableBasis,,0,0.0625,Tax,Sales and Use Tax,Taxable,0,0
,,,,2024-04-09+14:26:55,2024-04-10+00:00,Amazon.com,,AFN,,,SHIPMENT,MarketplaceFacilitator,Amazon,,1,USD,,,,1.49,FALSE,1.49,,,,,TX,,,444535425,AUSTIN,TX,US,,444530150,444530150,ShipTo,City,AUSTIN,,,Y,0,0,-1.49,PromotionIdAndCouponCode,0,,Self Funded,ReductionInTaxableBasis,,0,0.01,Tax,Local Sales and Use Tax,Taxable,0,0
,,,,2024-04-09+14:26:55,2024-04-10+00:00,Amazon.com,,AFN,,,SHIPMENT,MarketplaceFacilitator,Amazon,,1,USD,,,,1.49,FALSE,1.49,,,,,TX,,,444535425,AUSTIN,TX,US,,444530150,444530150,ShipTo,County,NOT APPLICABLE,,,Y,0,0,-1.49,PromotionIdAndCouponCode,0,,Self Funded,ReductionInTaxableBasis,,0,0,Tax,,NonTaxable,0,0
,,,,2024-04-09+14:26:55,2024-04-10+00:00,Amazon.com,,AFN,,,SHIPMENT,MarketplaceFacilitator,Amazon,,1,USD,,,,1.49,FALSE,1.49,,,,,TX,,,444535425,AUSTIN,TX,US,,444530150,444530150,ShipTo,District,AUSTIN METROPOLITAN TRANSIT AUTHORITY,,,Y,0,0,-1.49,PromotionIdAndCouponCode,0,,Self Funded,ReductionInTaxableBasis,,0,0.01,Tax,Local Sales and Use Tax,Taxable,0,0
,,,,2024-04-09+14:26:55,2024-04-10+00:00,Amazon.com,,AFN,,,SHIPMENT,MarketplaceFacilitator,Amazon,,1,USD,,,,14.08,FALSE,14.08,0,1.16,,,TX,,,444535425,AUSTIN,TX,US,,444530150,444530150,ShipTo,State,TX,,,,,,,,,,,,,0.88,0.0625,Tax,Sales and Use Tax,Taxable,0,14.08
,,,,2024-04-09+14:26:55,2024-04-10+00:00,Amazon.com,,AFN,,,SHIPMENT,MarketplaceFacilitator,Amazon,,1,USD,,,,14.08,FALSE,14.08,,,,,TX,,,444535425,AUSTIN,TX,US,,444530150,444530150,ShipTo,City,AUSTIN,,,,,,,,,,,,,0.14,0.01,Tax,Local Sales and Use Tax,Taxable,0,14.08
,,,,2024-04-09+14:26:55,2024-04-10+00:00,Amazon.com,,AFN,,,SHIPMENT,MarketplaceFacilitator,Amazon,,1,USD,,,,14.08,FALSE,14.08,,,,,TX,,,444535425,AUSTIN,TX,US,,444530150,444530150,ShipTo,County,NOT APPLICABLE,,,,,,,,,,,,,0,0,Tax,,ZeroRated,14.08,0
,,,,2024-04-09+14:26:55,2024-04-10+00:00,Amazon.com,,AFN,,,SHIPMENT,MarketplaceFacilitator,Amazon,,1,USD,,,,14.08,FALSE,14.08,,,,,TX,,,444535425,AUSTIN,TX,US,,444530150,444530150,ShipTo,District,AUSTIN METROPOLITAN TRANSIT AUTHORITY,,,,,,,,,,,,,0.14,0.01,Tax,Local Sales and Use Tax,Taxable,0,14.08
,,,,2024-04-08+06:15:37,2024-04-10+00:00,Amazon.com,,AFN,,,SHIPMENT,MarketplaceFacilitator,Amazon,,1,USD,,,,6.99,FALSE,6.99,0,0.62,,,WA,,,480330320,DENVER,CO,US,,060310140,060310140,ShipTo,State,CO,,,,,,,,,,,,,0.2,0.029,Tax,Sales and Use Tax,Taxable,0,6.99
,,,,2024-04-08+06:15:37,2024-04-10+00:00,Amazon.com,,AFN,,,SHIPMENT,MarketplaceFacilitator,Amazon,,1,USD,,,,6.99,FALSE,6.99,,,,,WA,,,480330320,DENVER,CO,US,,060310140,060310140,ShipTo,City,DENVER,,,,,,,,,,,,,0.34,0.0481,Tax,Local Sales and Use Tax,Taxable,0,6.99
,,,,2024-04-08+06:15:37,2024-04-10+00:00,Amazon.com,,AFN,,,SHIPMENT,MarketplaceFacilitator,Amazon,,1,USD,,,,6.99,FALSE,6.99,,,,,WA,,,480330320,DENVER,CO,US,,060310140,060310140,ShipTo,County,NOT APPLICABLE,,,,,,,,,,,,,0,0,Tax,,ZeroRated,6.99,0
,,,,2024-04-08+06:15:37,2024-04-10+00:00,Amazon.com,,AFN,,,SHIPMENT,MarketplaceFacilitator,Amazon,,1,USD,,,,6.99,FALSE,6.99,,,,,WA,,,480330320,DENVER,CO,US,,060310140,060310140,ShipTo,District,REGIONAL TRANSPORTATION DISTRICT,,,,,,,,,,,,,0.07,0.01,Tax,Local Sales and Use Tax,Taxable,0,6.99
,,,,2024-04-08+06:15:37,2024-04-10+00:00,Amazon.com,,AFN,,,SHIPMENT,MarketplaceFacilitator,Amazon,,1,USD,,,,6.99,FALSE,6.99,,,,,WA,,,480330320,DENVER,CO,US,,060310140,060310140,ShipTo,District,SCIENTIFIC AND CULTURAL FACILITIES DISTRICT,,,,,,,,,,,,,0.01,0.001,Tax,Local Sales and Use Tax,Taxable,0,6.99
,,,,2024-04-08+06:15:37,2024-04-10+00:00,Amazon.com,,AFN,,,SHIPMENT,MarketplaceFacilitator,Amazon,,1,USD,,,,13.08,FALSE,13.08,0,1.15,,,WA,,,480330320,DENVER,CO,US,,060310140,060310140,ShipTo,State,CO,,,,,,,,,,,,,0.38,0.029,Tax,Sales and Use Tax,Taxable,0,13.08
,,,,2024-04-08+06:15:37,2024-04-10+00:00,Amazon.com,,AFN,,,SHIPMENT,MarketplaceFacilitator,Amazon,,1,USD,,,,13.08,FALSE,13.08,,,,,WA,,,480330320,DENVER,CO,US,,060310140,060310140,ShipTo,City,DENVER,,,,,,,,,,,,,0.63,0.0481,Tax,Local Sales and Use Tax,Taxable,0,13.08
,,,,2024-04-08+06:15:37,2024-04-10+00:00,Amazon.com,,AFN,,,SHIPMENT,MarketplaceFacilitator,Amazon,,1,USD,,,,13.08,FALSE,13.08,,,,,WA,,,480330320,DENVER,CO,US,,060310140,060310140,ShipTo,County,NOT APPLICABLE,,,,,,,,,,,,,0,0,Tax,,ZeroRated,13.08,0
,,,,2024-04-08+06:15:37,2024-04-10+00:00,Amazon.com,,AFN,,,SHIPMENT,MarketplaceFacilitator,Amazon,,1,USD,,,,13.08,FALSE,13.08,,,,,WA,,,480330320,DENVER,CO,US,,060310140,060310140,ShipTo,District,REGIONAL TRANSPORTATION DISTRICT,,,,,,,,,,,,,0.13,0.01,Tax,Local Sales and Use Tax,Taxable,0,13.08
,,,,2024-04-08+06:15:37,2024-04-10+00:00,Amazon.com,,AFN,,,SHIPMENT,MarketplaceFacilitator,Amazon,,1,USD,,,,13.08,FALSE,13.08,,,,,WA,,,480330320,DENVER,CO,US,,060310140,060310140,ShipTo,District,SCIENTIFIC AND CULTURAL FACILITIES DISTRICT,,,,,,,,,,,,,0.01,0.001,Tax,Local Sales and Use Tax,Taxable,0,13.08
,,,,2024-04-10+02:33:55,2024-04-10+00:00,Amazon.com,,AFN,,,SHIPMENT,MarketplaceFacilitator,Amazon,,1,USD,,,,14.07,FALSE,14.07,0,1.34,,,TX,,,444535425,LOS ANGELES,CA,US,,050370000,050370000,ShipTo,State,CA,,,,,,,,,,,,,0.84,0.06,Tax,Sales and Use Tax,Taxable,0,14.07
,,,,2024-04-10+02:33:55,2024-04-10+00:00,Amazon.com,,AFN,,,SHIPMENT,MarketplaceFacilitator,Amazon,,1,USD,,,,14.07,FALSE,14.07,,,,,TX,,,444535425,LOS ANGELES,CA,US,,050370000,050370000,ShipTo,City,NOT APPLICABLE,,,,,,,,,,,,,0,0,Tax,,ZeroRated,14.07,0
,,,,2024-04-10+02:33:55,2024-04-10+00:00,Amazon.com,,AFN,,,SHIPMENT,MarketplaceFacilitator,Amazon,,1,USD,,,,14.07,FALSE,14.07,,,,,TX,,,444535425,LOS ANGELES,CA,US,,050370000,050370000,ShipTo,County,LOS ANGELES,,,,,,,,,,,,,0.18,0.0125,Tax,Local Sales and Use Tax,Taxable,0,14.07
,,,,2024-04-10+02:33:55,2024-04-10+00:00,Amazon.com,,AFN,,,SHIPMENT,MarketplaceFacilitator,Amazon,,1,USD,,,,14.07,FALSE,14.07,,,,,TX,,,444535425,LOS ANGELES,CA,US,,050370000,050370000,ShipTo,District,MEASURE H TRANSACTIONS AND USE TAX (LACH),,,,,,,,,,,,,0.04,0.0025,Tax,Local Sales and Use Tax,Taxable,0,14.07
,,,,2024-04-10+02:33:55,2024-04-10+00:00,Amazon.com,,AFN,,,SHIPMENT,MarketplaceFacilitator,Amazon,,1,USD,,,,14.07,FALSE,14.07,,,,,TX,,,444535425,LOS ANGELES,CA,US,,050370000,050370000,ShipTo,District,METROPOLITAN TRANSIT DISTRICT (LAMT),,,,,,,,,,,,,0.07,0.005,Tax,Local Sales and Use Tax,Taxable,0,14.07
,,,,2024-04-10+02:33:55,2024-04-10+00:00,Amazon.com,,AFN,,,SHIPMENT,MarketplaceFacilitator,Amazon,,1,USD,,,,14.07,FALSE,14.07,,,,,TX,,,444535425,LOS ANGELES,CA,US,,050370000,050370000,ShipTo,District,TRANSACTIONS AND USE TAX (LAMA),,,,,,,,,,,,,0.07,0.005,Tax,Local Sales and Use Tax,Taxable,0,14.07
,,,,2024-04-10+02:33:55,2024-04-10+00:00,Amazon.com,,AFN,,,SHIPMENT,MarketplaceFacilitator,Amazon,,1,USD,,,,14.07,FALSE,14.07,,,,,TX,,,444535425,LOS ANGELES,CA,US,,050370000,050370000,ShipTo,District,TRANSIT DISTRICT (LACT),,,,,,,,,,,,,0.07,0.005,Tax,Local Sales and Use Tax,Taxable,0,14.07
,,,,2024-04-10+02:33:55,2024-04-10+00:00,Amazon.com,,AFN,,,SHIPMENT,MarketplaceFacilitator,Amazon,,1,USD,,,,14.07,FALSE,14.07,,,,,TX,,,444535425,LOS ANGELES,CA,US,,050370000,050370000,ShipTo,District,TRANSPORTATION COMMISSION (LATC),,,,,,,,,,,,,0.07,0.005,Tax,Local Sales and Use Tax,Taxable,0,14.07
,,,,2024-04-10+02:33:55,2024-04-10+00:00,Amazon.com,,AFN,,,SHIPMENT,MarketplaceFacilitator,Amazon,,1,USD,,,,3.67,FALSE,3.67,0,0,,,TX,,,444535425,LOS ANGELES,CA,US,,050370000,050370000,ShipTo,State,CA,,,Y,0,0,-3.67,PromotionIdAndCouponCode,0,,Self Funded,ReductionInTaxableBasis,,0,0.06,Tax,Sales and Use Tax,Taxable,0,0
,,,,2024-04-10+02:33:55,2024-04-10+00:00,Amazon.com,,AFN,,,SHIPMENT,MarketplaceFacilitator,Amazon,,1,USD,,,,3.67,FALSE,3.67,,,,,TX,,,444535425,LOS ANGELES,CA,US,,050370000,050370000,ShipTo,City,NOT APPLICABLE,,,Y,0,0,-3.67,PromotionIdAndCouponCode,0,,Self Funded,ReductionInTaxableBasis,,0,0,Tax,,NonTaxable,0,0
,,,,2024-04-10+02:33:55,2024-04-10+00:00,Amazon.com,,AFN,,,SHIPMENT,MarketplaceFacilitator,Amazon,,1,USD,,,,3.67,FALSE,3.67,,,,,TX,,,444535425,LOS ANGELES,CA,US,,050370000,050370000,ShipTo,County,LOS ANGELES,,,Y,0,0,-3.67,PromotionIdAndCouponCode,0,,Self Funded,ReductionInTaxableBasis,,0,0.0125,Tax,Local Sales and Use Tax,Taxable,0,0
,,,,2024-04-10+02:33:55,2024-04-10+00:00,Amazon.com,,AFN,,,SHIPMENT,MarketplaceFacilitator,Amazon,,1,USD,,,,3.67,FALSE,3.67,,,,,TX,,,444535425,LOS ANGELES,CA,US,,050370000,050370000,ShipTo,District,MEASURE H TRANSACTIONS AND USE TAX (LACH),,,Y,0,0,-3.67,PromotionIdAndCouponCode,0,,Self Funded,ReductionInTaxableBasis,,0,0.0025,Tax,Local Sales and Use Tax,Taxable,0,0
,,,,2024-04-10+02:33:55,2024-04-10+00:00,Amazon.com,,AFN,,,SHIPMENT,MarketplaceFacilitator,Amazon,,1,USD,,,,3.67,FALSE,3.67,,,,,TX,,,444535425,LOS ANGELES,CA,US,,050370000,050370000,ShipTo,District,METROPOLITAN TRANSIT DISTRICT (LAMT),,,Y,0,0,-3.67,PromotionIdAndCouponCode,0,,Self Funded,ReductionInTaxableBasis,,0,0.005,Tax,Local Sales and Use Tax,Taxable,0,0
,,,,2024-04-10+02:33:55,2024-04-10+00:00,Amazon.com,,AFN,,,SHIPMENT,MarketplaceFacilitator,Amazon,,1,USD,,,,3.67,FALSE,3.67,,,,,TX,,,444535425,LOS ANGELES,CA,US,,050370000,050370000,ShipTo,District,TRANSACTIONS AND USE TAX (LAMA),,,Y,0,0,-3.67,PromotionIdAndCouponCode,0,,Self Funded,ReductionInTaxableBasis,,0,0.005,Tax,Local Sales and Use Tax,Taxable,0,0
,,,,2024-04-10+02:33:55,2024-04-10+00:00,Amazon.com,,AFN,,,SHIPMENT,MarketplaceFacilitator,Amazon,,1,USD,,,,3.67,FALSE,3.67,,,,,TX,,,444535425,LOS ANGELES,CA,US,,050370000,050370000,ShipTo,District,TRANSIT DISTRICT (LACT),,,Y,0,0,-3.67,PromotionIdAndCouponCode,0,,Self Funded,ReductionInTaxableBasis,,0,0.005,Tax,Local Sales and Use Tax,Taxable,0,0
,,,,2024-04-10+02:33:55,2024-04-10+00:00,Amazon.com,,AFN,,,SHIPMENT,MarketplaceFacilitator,Amazon,,1,USD,,,,3.67,FALSE,3.67,,,,,TX,,,444535425,LOS ANGELES,CA,US,,050370000,050370000,ShipTo,District,TRANSPORTATION COMMISSION (LATC),,,Y,0,0,-3.67,PromotionIdAndCouponCode,0,,Self Funded,ReductionInTaxableBasis,,0,0.005,Tax,Local Sales and Use Tax,Taxable,0,0
,,,,2024-04-10+04:42:58,2024-04-10+00:00,Amazon.com,,AFN,,,SHIPMENT,MarketplaceFacilitator,Amazon,,1,USD,,,,14.08,FALSE,14.08,0,1.25,,,NJ,,,310215431,WOODSIDE,NY,US,,330812010,330812010,ShipTo,State,NY,,,,,,,,,,,,,0.56,0.04,Tax,Sales and Compensating Use Tax,Taxable,0,14.08
,,,,2024-04-10+04:42:58,2024-04-10+00:00,Amazon.com,,AFN,,,SHIPMENT,MarketplaceFacilitator,Amazon,,1,USD,,,,14.08,FALSE,14.08,,,,,NJ,,,310215431,WOODSIDE,NY,US,,330812010,330812010,ShipTo,City,NEW YORK,,,,,,,,,,,,,0.64,0.045,Tax,Local Sales and Use Tax,Taxable,0,14.08
,,,,2024-04-10+04:42:58,2024-04-10+00:00,Amazon.com,,AFN,,,SHIPMENT,MarketplaceFacilitator,Amazon,,1,USD,,,,14.08,FALSE,14.08,,,,,NJ,,,310215431,WOODSIDE,NY,US,,330812010,330812010,ShipTo,County,NOT APPLICABLE,,,,,,,,,,,,,0,0,Tax,,ZeroRated,14.08,0
,,,,2024-04-10+04:42:58,2024-04-10+00:00,Amazon.com,,AFN,,,SHIPMENT,MarketplaceFacilitator,Amazon,,1,USD,,,,14.08,FALSE,14.08,,,,,NJ,,,310215431,WOODSIDE,NY,US,,330812010,330812010,ShipTo,District,METROPOLITAN COMMUTER TRANSPORTATION DISTRICT,,,,,,,,,,,,,0.05,0.00375,Tax,Metropolitan Commuter Transportation District,Taxable,0,14.08
,,,,2024-04-10+02:21:47,2024-04-10+00:00,Amazon.com,,AFN,,,SHIPMENT,MarketplaceFacilitator,Amazon,,1,USD,,,,14.08,FALSE,14.08,0,0.99,,,UT,,,450350270,Arroyo Seco,NM,US,,320550000,320550000,ShipTo,State,NM,,,,,,,,,,,,,0.69,0.04875,Tax,Gross Receipts and Compensating Tax,Taxable,0,14.08
,,,,2024-04-10+02:21:47,2024-04-10+00:00,Amazon.com,,AFN,,,SHIPMENT,MarketplaceFacilitator,Amazon,,1,USD,,,,14.08,FALSE,14.08,,,,,UT,,,450350270,Arroyo Seco,NM,US,,320550000,320550000,ShipTo,City,NOT APPLICABLE,,,,,,,,,,,,,0,0,Tax,,ZeroRated,14.08,0
,,,,2024-04-10+02:21:47,2024-04-10+00:00,Amazon.com,,AFN,,,SHIPMENT,MarketplaceFacilitator,Amazon,,1,USD,,,,14.08,FALSE,14.08,,,,,UT,,,450350270,Arroyo Seco,NM,US,,320550000,320550000,ShipTo,County,TAOS,,,,,,,,,,,,,0.3,0.02125,Tax,Local Gross Receipts Tax,Taxable,0,14.08
,,,,2024-04-10+02:21:47,2024-04-10+00:00,Amazon.com,,AFN,,,SHIPMENT,MarketplaceFacilitator,Amazon,,1,USD,,,,14.08,FALSE,14.08,,,,,UT,,,450350270,Arroyo Seco,NM,US,,320550000,320550000,ShipTo,District,NOT APPLICABLE,,,,,,,,,,,,,0,0,Tax,,ZeroRated,14.08,0
,,,,2024-04-10+16:26:30,2024-04-10+00:00,Amazon.com,,AFN,,,SHIPMENT,MarketplaceFacilitator,Amazon,,1,USD,,,,14.98,FALSE,14.98,0,1.54,,,IL,,,140311790,CHICAGO,IL,US,,140310510,140310510,ShipTo,State,IL,,,,,,,,,,,,,0.94,0.0625,Tax,Retailers'/Service Occupation and Use/Service Use Tax,Taxable,0,14.98
,,,,2024-04-10+16:26:30,2024-04-10+00:00,Amazon.com,,AFN,,,SHIPMENT,MarketplaceFacilitator,Amazon,,1,USD,,,,14.98,FALSE,14.98,,,,,IL,,,140311790,CHICAGO,IL,US,,140310510,140310510,ShipTo,City,CHICAGO,,,,,,,,,,,,,0.19,0.0125,Tax,Local Sales and Use Tax,Taxable,0,14.98
,,,,2024-04-10+16:26:30,2024-04-10+00:00,Amazon.com,,AFN,,,SHIPMENT,MarketplaceFacilitator,Amazon,,1,USD,,,,14.98,FALSE,14.98,,,,,IL,,,140311790,CHICAGO,IL,US,,140310510,140310510,ShipTo,County,COOK,,,,,,,,,,,,,0.26,0.0175,Tax,Local Sales and Use Tax,Taxable,0,14.98
,,,,2024-04-10+16:26:30,2024-04-10+00:00,Amazon.com,,AFN,,,SHIPMENT,MarketplaceFacilitator,Amazon,,1,USD,,,,14.98,FALSE,14.98,,,,,IL,,,140311790,CHICAGO,IL,US,,140310510,140310510,ShipTo,District,REGIONAL TRANSPORTATION AUTHORITY (COOK),,,,,,,,,,,,,0.15,0.01,Tax,Local Sales and Use Tax,Taxable,0,14.98
,,,,2024-04-10+14:41:46,2024-04-11+00:00,Amazon.com,,AFN,,,SHIPMENT,MarketplaceFacilitator,Amazon,,1,USD,,,,14.07,FALSE,14.07,0,1.24,,,CO,,,060410090,DENVER,CO,US,,060310140,060310140,ShipTo,State,CO,,,,,,,,,,,,,0.41,0.029,Tax,Sales and Use Tax,Taxable,0,14.07
,,,,2024-04-10+14:41:46,2024-04-11+00:00,Amazon.com,,AFN,,,SHIPMENT,MarketplaceFacilitator,Amazon,,1,USD,,,,14.07,FALSE,14.07,,,,,CO,,,060410090,DENVER,CO,US,,060310140,060310140,ShipTo,City,DENVER,,,,,,,,,,,,,0.68,0.0481,Tax,Local Sales and Use Tax,Taxable,0,14.07
,,,,2024-04-10+14:41:46,2024-04-11+00:00,Amazon.com,,AFN,,,SHIPMENT,MarketplaceFacilitator,Amazon,,1,USD,,,,14.07,FALSE,14.07,,,,,CO,,,060410090,DENVER,CO,US,,060310140,060310140,ShipTo,County,NOT APPLICABLE,,,,,,,,,,,,,0,0,Tax,,ZeroRated,14.07,0
,,,,2024-04-10+14:41:46,2024-04-11+00:00,Amazon.com,,AFN,,,SHIPMENT,MarketplaceFacilitator,Amazon,,1,USD,,,,14.07,FALSE,14.07,,,,,CO,,,060410090,DENVER,CO,US,,060310140,060310140,ShipTo,District,REGIONAL TRANSPORTATION DISTRICT,,,,,,,,,,,,,0.14,0.01,Tax,Local Sales and Use Tax,Taxable,0,14.07
,,,,2024-04-10+14:41:46,2024-04-11+00:00,Amazon.com,,AFN,,,SHIPMENT,MarketplaceFacilitator,Amazon,,1,USD,,,,14.07,FALSE,14.07,,,,,CO,,,060410090,DENVER,CO,US,,060310140,060310140,ShipTo,District,SCIENTIFIC AND CULTURAL FACILITIES DISTRICT,,,,,,,,,,,,,0.01,0.001,Tax,Local Sales and Use Tax,Taxable,0,14.07
,,,,2024-04-10+17:55:59,2024-04-11+00:00,Amazon.com,,AFN,,,SHIPMENT,MarketplaceFacilitator,Amazon,,1,USD,,,,14.98,FALSE,14.98,0,1.16,,,CA,,,470590000,IRVINE,CA,US,,050596330,050596330,ShipTo,State,CA,,,,,,,,,,,,,0.9,0.06,Tax,Sales and Use Tax,Taxable,0,14.98
,,,,2024-04-10+17:55:59,2024-04-11+00:00,Amazon.com,,AFN,,,SHIPMENT,MarketplaceFacilitator,Amazon,,1,USD,,,,14.98,FALSE,14.98,,,,,CA,,,470590000,IRVINE,CA,US,,050596330,050596330,ShipTo,City,NOT APPLICABLE,,,,,,,,,,,,,0,0,Tax,,ZeroRated,14.98,0
,,,,2024-04-10+17:55:59,2024-04-11+00:00,Amazon.com,,AFN,,,SHIPMENT,MarketplaceFacilitator,Amazon,,1,USD,,,,14.98,FALSE,14.98,,,,,CA,,,470590000,IRVINE,CA,US,,050596330,050596330,ShipTo,County,ORANGE,,,,,,,,,,,,,0.19,0.0125,Tax,Local Sales and Use Tax,Taxable,0,14.98
,,,,2024-04-10+17:55:59,2024-04-11+00:00,Amazon.com,,AFN,,,SHIPMENT,MarketplaceFacilitator,Amazon,,1,USD,,,,14.98,FALSE,14.98,,,,,CA,,,470590000,IRVINE,CA,US,,050596330,050596330,ShipTo,District,TRANSPORTATION AUTHORITY (OCTA),,,,,,,,,,,,,0.07,0.005,Tax,Local Sales and Use Tax,Taxable,0,14.98
,,,,2024-04-10+19:25:35,2024-04-11+00:00,Amazon.com,,AFN,,,SHIPMENT,MarketplaceFacilitator,Amazon,,1,USD,,,,14.07,FALSE,14.07,0,1.15,,,WA,,,480330320,CENTRALIA,WA,US,,480410100,480410100,ShipTo,State,WA,,,,,,,,,,,,,0.91,0.065,Tax,Retail Sales and Use Tax,Taxable,0,14.07
,,,,2024-04-10+19:25:35,2024-04-11+00:00,Amazon.com,,AFN,,,SHIPMENT,MarketplaceFacilitator,Amazon,,1,USD,,,,14.07,FALSE,14.07,,,,,WA,,,480330320,CENTRALIA,WA,US,,480410100,480410100,ShipTo,City,CENTRALIA,,,,,,,,,,,,,0.21,0.015,Tax,Local Sales and Use Tax,Taxable,0,14.07
,,,,2024-04-10+19:25:35,2024-04-11+00:00,Amazon.com,,AFN,,,SHIPMENT,MarketplaceFacilitator,Amazon,,1,USD,,,,14.07,FALSE,14.07,,,,,WA,,,480330320,CENTRALIA,WA,US,,480410100,480410100,ShipTo,County,LEWIS,,,,,,,,,,,,,0,0,Tax,Local Sales and Use Tax,NonTaxable,14.07,0
,,,,2024-04-10+19:25:35,2024-04-11+00:00,Amazon.com,,AFN,,,SHIPMENT,MarketplaceFacilitator,Amazon,,1,USD,,,,14.07,FALSE,14.07,,,,,WA,,,480330320,CENTRALIA,WA,US,,480410100,480410100,ShipTo,District,TRANSPORTATION BENEFIT DISTRICT,,,,,,,,,,,,,0.03,0.002,Tax,Local Sales and Use Tax,Taxable,0,14.07
,,,,2024-04-10+14:56:26,2024-04-11+00:00,Amazon.com,,AFN,,,SHIPMENT,MarketplaceFacilitator,Amazon,,1,USD,,,,14.08,FALSE,14.08,0,1.06,,,FL,,,100310660,KISSIMMEE,FL,US,,100970000,100970000,ShipTo,State,FL,,,,,,,,,,,,,0.85,0.06,Tax,Sales and Use Tax,Taxable,0,14.08
,,,,2024-04-10+14:56:26,2024-04-11+00:00,Amazon.com,,AFN,,,SHIPMENT,MarketplaceFacilitator,Amazon,,1,USD,,,,14.08,FALSE,14.08,,,,,FL,,,100310660,KISSIMMEE,FL,US,,100970000,100970000,ShipTo,City,NOT APPLICABLE,,,,,,,,,,,,,0,0,Tax,,ZeroRated,14.08,0
,,,,2024-04-10+14:56:26,2024-04-11+00:00,Amazon.com,,AFN,,,SHIPMENT,MarketplaceFacilitator,Amazon,,1,USD,,,,14.08,FALSE,14.08,,,,,FL,,,100310660,KISSIMMEE,FL,US,,100970000,100970000,ShipTo,County,OSCEOLA,,,,,,,,,,,,,0.21,0.015,Tax,Local Sales and Use Tax (Discretionary Sales Surtax),Taxable,0,14.08
,,,,2024-04-10+14:56:26,2024-04-11+00:00,Amazon.com,,AFN,,,SHIPMENT,MarketplaceFacilitator,Amazon,,1,USD,,,,14.08,FALSE,14.08,,,,,FL,,,100310660,KISSIMMEE,FL,US,,100970000,100970000,ShipTo,District,NOT APPLICABLE,,,,,,,,,,,,,0,0,Tax,,ZeroRated,14.08,0
,,,,2024-04-10+14:56:26,2024-04-11+00:00,Amazon.com,,AFN,,,SHIPMENT,MarketplaceFacilitator,Amazon,,1,USD,,,,1.85,FALSE,1.85,0,0,,,FL,,,100310660,KISSIMMEE,FL,US,,100970000,100970000,ShipTo,State,FL,,,Y,0,0,-1.85,PromotionIdAndCouponCode,0,,Self Funded,ReductionInTaxableBasis,,0,0,Tax,Sales and Use Tax,NonTaxable,0,0
,,,,2024-04-10+14:56:26,2024-04-11+00:00,Amazon.com,,AFN,,,SHIPMENT,MarketplaceFacilitator,Amazon,,1,USD,,,,1.85,FALSE,1.85,,,,,FL,,,100310660,KISSIMMEE,FL,US,,100970000,100970000,ShipTo,City,NOT APPLICABLE,,,Y,0,0,-1.85,PromotionIdAndCouponCode,0,,Self Funded,ReductionInTaxableBasis,,0,0,Tax,,NonTaxable,0,0
,,,,2024-04-10+14:56:26,2024-04-11+00:00,Amazon.com,,AFN,,,SHIPMENT,MarketplaceFacilitator,Amazon,,1,USD,,,,1.85,FALSE,1.85,,,,,FL,,,100310660,KISSIMMEE,FL,US,,100970000,100970000,ShipTo,County,OSCEOLA,,,Y,0,0,-1.85,PromotionIdAndCouponCode,0,,Self Funded,ReductionInTaxableBasis,,0,0,Tax,Local Sales and Use Tax (Discretionary Sales Surtax),NonTaxable,0,0
,,,,2024-04-10+14:56:26,2024-04-11+00:00,Amazon.com,,AFN,,,SHIPMENT,MarketplaceFacilitator,Amazon,,1,USD,,,,1.85,FALSE,1.85,,,,,FL,,,100310660,KISSIMMEE,FL,US,,100970000,100970000,ShipTo,District,NOT APPLICABLE,,,Y,0,0,-1.85,PromotionIdAndCouponCode,0,,Self Funded,ReductionInTaxableBasis,,0,0,Tax,,NonTaxable,0,0
,,,,2024-04-10+22:22:29,2024-04-11+00:00,Amazon.com,,AFN,,,SHIPMENT,Standard,Seller,A_GEN_NOTAX,1,USD,,,,14.07,FALSE,14.07,0,0,,,DE,,,080030000,NEWARK,DE,US,,080030000,080030000,ShipTo,State,DE,,,,,,,,,,,,0,,0,Tax,Occupation Use Tax / No Sales or Use Tax Imposed,NonTaxable,14.07,0
,,,,2024-04-10+22:22:29,2024-04-11+00:00,Amazon.com,,AFN,,,SHIPMENT,Standard,Seller,A_GEN_NOTAX,1,USD,,,,14.07,FALSE,14.07,,,,,DE,,,080030000,NEWARK,DE,US,,080030000,080030000,ShipTo,City,NOT APPLICABLE,,,,,,,,,,,,0,,0,Tax,,ZeroRated,14.07,0
,,,,2024-04-10+22:22:29,2024-04-11+00:00,Amazon.com,,AFN,,,SHIPMENT,Standard,Seller,A_GEN_NOTAX,1,USD,,,,14.07,FALSE,14.07,,,,,DE,,,080030000,NEWARK,DE,US,,080030000,080030000,ShipTo,County,NOT APPLICABLE,,,,,,,,,,,,0,,0,Tax,,ZeroRated,14.07,0
,,,,2024-04-10+22:22:29,2024-04-11+00:00,Amazon.com,,AFN,,,SHIPMENT,Standard,Seller,A_GEN_NOTAX,1,USD,,,,14.07,FALSE,14.07,,,,,DE,,,080030000,NEWARK,DE,US,,080030000,080030000,ShipTo,District,NOT APPLICABLE,,,,,,,,,,,,0,,0,Tax,,ZeroRated,14.07,0
,,,,2024-04-11+02:33:01,2024-04-11+00:00,Amazon.com,,AFN,,,SHIPMENT,MarketplaceFacilitator,Amazon,,1,USD,,,,14.5,FALSE,14.5,0,1.2,,,TX,,,444535425,New Braunfels,TX,US,,440912110,440912110,ShipTo,State,TX,,,,,,,,,,,,,0.91,0.0625,Tax,Sales and Use Tax,Taxable,0,14.5
,,,,2024-04-11+02:33:01,2024-04-11+00:00,Amazon.com,,AFN,,,SHIPMENT,MarketplaceFacilitator,Amazon,,1,USD,,,,14.5,FALSE,14.5,,,,,TX,,,444535425,New Braunfels,TX,US,,440912110,440912110,ShipTo,City,NEW BRAUNFELS,,,,,,,,,,,,,0.22,0.015,Tax,Local Sales and Use Tax,Taxable,0,14.5
,,,,2024-04-11+02:33:01,2024-04-11+00:00,Amazon.com,,AFN,,,SHIPMENT,MarketplaceFacilitator,Amazon,,1,USD,,,,14.5,FALSE,14.5,,,,,TX,,,444535425,New Braunfels,TX,US,,440912110,440912110,ShipTo,County,COMAL,,,,,,,,,,,,,0.07,0.005,Tax,Local Sales and Use Tax,Taxable,0,14.5
,,,,2024-04-11+02:33:01,2024-04-11+00:00,Amazon.com,,AFN,,,SHIPMENT,MarketplaceFacilitator,Amazon,,1,USD,,,,14.5,FALSE,14.5,,,,,TX,,,444535425,New Braunfels,TX,US,,440912110,440912110,ShipTo,District,NOT APPLICABLE,,,,,,,,,,,,,0,0,Tax,,ZeroRated,14.5,0
,,,,2024-04-10+23:21:53,2024-04-11+00:00,Amazon.com,,AFN,,,SHIPMENT,MarketplaceFacilitator,Amazon,,1,USD,,,,14.98,FALSE,14.98,0,1.09,,,UT,,,450350270,SANDY,UT,US,,450350280,450350280,ShipTo,State,UT,,,,,,,,,,,,,0.73,0.0485,Tax,Sales and Use Tax,Taxable,0,14.98
,,,,2024-04-10+23:21:53,2024-04-11+00:00,Amazon.com,,AFN,,,SHIPMENT,MarketplaceFacilitator,Amazon,,1,USD,,,,14.98,FALSE,14.98,,,,,UT,,,450350270,SANDY,UT,US,,450350280,450350280,ShipTo,City,SANDY,,,,,,,,,,,,,0.15,0.01,Tax,Local Sales and Use Tax,Taxable,0,14.98
,,,,2024-04-10+23:21:53,2024-04-11+00:00,Amazon.com,,AFN,,,SHIPMENT,MarketplaceFacilitator,Amazon,,1,USD,,,,14.98,FALSE,14.98,,,,,UT,,,450350270,SANDY,UT,US,,450350280,450350280,ShipTo,County,SALT LAKE,,,,,,,,,,,,,0.13,0.0085,Tax,Local Sales and Use Tax,Taxable,0,14.98
,,,,2024-04-10+23:21:53,2024-04-11+00:00,Amazon.com,,AFN,,,SHIPMENT,MarketplaceFacilitator,Amazon,,1,USD,,,,14.98,FALSE,14.98,,,,,UT,,,450350270,SANDY,UT,US,,450350280,450350280,ShipTo,District,MASS TRANSIT TAX,,,,,,,,,,,,,0.08,0.0055,Tax,Local Sales and Use Tax,Taxable,0,14.98
,,,,2024-04-10+23:21:53,2024-04-11+00:00,Amazon.com,,AFN,,,SHIPMENT,MarketplaceFacilitator,Amazon,,1,USD,,,,1,FALSE,1,0,0,,,UT,,,450350270,SANDY,UT,US,,450350280,450350280,ShipTo,State,UT,,,Y,0,0,-1,PromotionIdAndCouponCode,0,,Self Funded,ReductionInTaxableBasis,,0,0,Tax,Sales and Use Tax,NonTaxable,0,0
,,,,2024-04-10+23:21:53,2024-04-11+00:00,Amazon.com,,AFN,,,SHIPMENT,MarketplaceFacilitator,Amazon,,1,USD,,,,1,FALSE,1,,,,,UT,,,450350270,SANDY,UT,US,,450350280,450350280,ShipTo,City,SANDY,,,Y,0,0,-1,PromotionIdAndCouponCode,0,,Self Funded,ReductionInTaxableBasis,,0,0,Tax,Local Sales and Use Tax,NonTaxable,0,0
,,,,2024-04-10+23:21:53,2024-04-11+00:00,Amazon.com,,AFN,,,SHIPMENT,MarketplaceFacilitator,Amazon,,1,USD,,,,1,FALSE,1,,,,,UT,,,450350270,SANDY,UT,US,,450350280,450350280,ShipTo,County,SALT LAKE,,,Y,0,0,-1,PromotionIdAndCouponCode,0,,Self Funded,ReductionInTaxableBasis,,0,0,Tax,Local Sales and Use Tax,NonTaxable,0,0
,,,,2024-04-10+23:21:53,2024-04-11+00:00,Amazon.com,,AFN,,,SHIPMENT,MarketplaceFacilitator,Amazon,,1,USD,,,,1,FALSE,1,,,,,UT,,,450350270,SANDY,UT,US,,450350280,450350280,ShipTo,District,MASS TRANSIT TAX,,,Y,0,0,-1,PromotionIdAndCouponCode,0,,Self Funded,ReductionInTaxableBasis,,0,0,Tax,Local Sales and Use Tax,NonTaxable,0,0
,,,,2024-04-10+19:32:59,2024-04-11+00:00,Amazon.com,,AFN,,,SHIPMENT,MarketplaceFacilitator,Amazon,,1,USD,,,,14.98,FALSE,14.98,0,1.16,,,CA,,,470590000,FOLSOM,CA,US,,050671230,050671230,ShipTo,State,CA,,,,,,,,,,,,,0.9,0.06,Tax,Sales and Use Tax,Taxable,0,14.98
,,,,2024-04-10+19:32:59,2024-04-11+00:00,Amazon.com,,AFN,,,SHIPMENT,MarketplaceFacilitator,Amazon,,1,USD,,,,14.98,FALSE,14.98,,,,,CA,,,470590000,FOLSOM,CA,US,,050671230,050671230,ShipTo,City,NOT APPLICABLE,,,,,,,,,,,,,0,0,Tax,,ZeroRated,14.98,0
,,,,2024-04-10+19:32:59,2024-04-11+00:00,Amazon.com,,AFN,,,SHIPMENT,MarketplaceFacilitator,Amazon,,1,USD,,,,14.98,FALSE,14.98,,,,,CA,,,470590000,FOLSOM,CA,US,,050671230,050671230,ShipTo,County,SACRAMENTO,,,,,,,,,,,,,0.19,0.0125,Tax,Local Sales and Use Tax,Taxable,0,14.98
,,,,2024-04-10+19:32:59,2024-04-11+00:00,Amazon.com,,AFN,,,SHIPMENT,MarketplaceFacilitator,Amazon,,1,USD,,,,14.98,FALSE,14.98,,,,,CA,,,470590000,FOLSOM,CA,US,,050671230,050671230,ShipTo,District,TRANSPORTATION AUTHORITY (STAT),,,,,,,,,,,,,0.07,0.005,Tax,Local Sales and Use Tax,Taxable,0,14.98
,,,,2024-04-08+14:48:11,2024-04-11+00:00,Amazon.com,,AFN,,,RETURN,MarketplaceFacilitator,Amazon,,1,USD,,,,14.98,FALSE,-14.98,0,-1.09,,,NC,,,341830000,FUQUAY VARINA,NC,US,,341830000,341830000,ShipTo,State,NC,,,,,,,,,,,,,-0.71,0.0475,Tax,Sales and Use Tax,Taxable,0,-14.98
,,,,2024-04-08+14:48:11,2024-04-11+00:00,Amazon.com,,AFN,,,RETURN,MarketplaceFacilitator,Amazon,,1,USD,,,,14.98,FALSE,-14.98,,,,,NC,,,341830000,FUQUAY VARINA,NC,US,,341830000,341830000,ShipTo,City,NOT APPLICABLE,,,,,,,,,,,,,0,0,Tax,,ZeroRated,-14.98,0
,,,,2024-04-08+14:48:11,2024-04-11+00:00,Amazon.com,,AFN,,,RETURN,MarketplaceFacilitator,Amazon,,1,USD,,,,14.98,FALSE,-14.98,,,,,NC,,,341830000,FUQUAY VARINA,NC,US,,341830000,341830000,ShipTo,County,WAKE,,,,,,,,,,,,,-0.3,0.02,Tax,Local Sales and Use Tax,Taxable,0,-14.98
,,,,2024-04-08+14:48:11,2024-04-11+00:00,Amazon.com,,AFN,,,RETURN,MarketplaceFacilitator,Amazon,,1,USD,,,,14.98,FALSE,-14.98,,,,,NC,,,341830000,FUQUAY VARINA,NC,US,,341830000,341830000,ShipTo,District,PUBLIC TRANSPORTATION AUTHORITY,,,,,,,,,,,,,-0.08,0.005,Tax,Local Sales and Use Tax,Taxable,0,-14.98
,,,,2024-04-08+14:48:11,2024-04-11+00:00,Amazon.com,,AFN,,,RETURN,MarketplaceFacilitator,Amazon,,1,USD,,,,0.66,FALSE,-0.66,0,0,,,NC,,,341830000,FUQUAY VARINA,NC,US,,341830000,341830000,ShipTo,State,NC,,,Y,0,0,0.66,PromotionIdAndCouponCode,0,,Self Funded,ReductionInTaxableBasis,,0,0.0475,Tax,Sales and Use Tax,Taxable,0,0
,,,,2024-04-08+14:48:11,2024-04-11+00:00,Amazon.com,,AFN,,,RETURN,MarketplaceFacilitator,Amazon,,1,USD,,,,0.66,FALSE,-0.66,,,,,NC,,,341830000,FUQUAY VARINA,NC,US,,341830000,341830000,ShipTo,City,NOT APPLICABLE,,,Y,0,0,0.66,PromotionIdAndCouponCode,0,,Self Funded,ReductionInTaxableBasis,,0,0,Tax,,NonTaxable,0,0
,,,,2024-04-08+14:48:11,2024-04-11+00:00,Amazon.com,,AFN,,,RETURN,MarketplaceFacilitator,Amazon,,1,USD,,,,0.66,FALSE,-0.66,,,,,NC,,,341830000,FUQUAY VARINA,NC,US,,341830000,341830000,ShipTo,County,WAKE,,,Y,0,0,0.66,PromotionIdAndCouponCode,0,,Self Funded,ReductionInTaxableBasis,,0,0.02,Tax,Local Sales and Use Tax,Taxable,0,0
,,,,2024-04-08+14:48:11,2024-04-11+00:00,Amazon.com,,AFN,,,RETURN,MarketplaceFacilitator,Amazon,,1,USD,,,,0.66,FALSE,-0.66,,,,,NC,,,341830000,FUQUAY VARINA,NC,US,,341830000,341830000,ShipTo,District,PUBLIC TRANSPORTATION AUTHORITY,,,Y,0,0,0.66,PromotionIdAndCouponCode,0,,Self Funded,ReductionInTaxableBasis,,0,0.005,Tax,Local Sales and Use Tax,Taxable,0,0
,,,,2024-04-11+12:43:40,2024-04-11+00:00,Amazon.com,,AFN,,,SHIPMENT,MarketplaceFacilitator,Amazon,,1,USD,,,,14.5,FALSE,14.5,0,1.02,,,TN,,,431570560,RIPLEY,MS,US,,251390590,251390590,ShipTo,State,MS,,,,,,,,,,,,,1.02,0.07,Tax,Sales and Use Tax,Taxable,0,14.5
,,,,2024-04-11+12:43:40,2024-04-11+00:00,Amazon.com,,AFN,,,SHIPMENT,MarketplaceFacilitator,Amazon,,1,USD,,,,14.5,FALSE,14.5,,,,,TN,,,431570560,RIPLEY,MS,US,,251390590,251390590,ShipTo,City,NOT APPLICABLE,,,,,,,,,,,,,0,0,Tax,,ZeroRated,14.5,0
,,,,2024-04-11+12:43:40,2024-04-11+00:00,Amazon.com,,AFN,,,SHIPMENT,MarketplaceFacilitator,Amazon,,1,USD,,,,14.5,FALSE,14.5,,,,,TN,,,431570560,RIPLEY,MS,US,,251390590,251390590,ShipTo,County,NOT APPLICABLE,,,,,,,,,,,,,0,0,Tax,,ZeroRated,14.5,0
,,,,2024-04-11+12:43:40,2024-04-11+00:00,Amazon.com,,AFN,,,SHIPMENT,MarketplaceFacilitator,Amazon,,1,USD,,,,14.5,FALSE,14.5,,,,,TN,,,431570560,RIPLEY,MS,US,,251390590,251390590,ShipTo,District,NOT APPLICABLE,,,,,,,,,,,,,0,0,Tax,,ZeroRated,14.5,0
,,,,2024-04-11+11:50:18,2024-04-11+00:00,Amazon.com,,AFN,,,SHIPMENT,MarketplaceFacilitator,Amazon,,1,USD,,,,14.98,FALSE,14.98,0,1.16,,,OH,,,360350780,FRESNO,OH,US,,360310000,360310000,ShipTo,State,OH,,,,,,,,,,,,,0.86,0.0575,Tax,Sales and Use Tax,Taxable,0,14.98
,,,,2024-04-11+11:50:18,2024-04-11+00:00,Amazon.com,,AFN,,,SHIPMENT,MarketplaceFacilitator,Amazon,,1,USD,,,,14.98,FALSE,14.98,,,,,OH,,,360350780,FRESNO,OH,US,,360310000,360310000,ShipTo,City,NOT APPLICABLE,,,,,,,,,,,,,0,0,Tax,,ZeroRated,14.98,0
,,,,2024-04-11+11:50:18,2024-04-11+00:00,Amazon.com,,AFN,,,SHIPMENT,MarketplaceFacilitator,Amazon,,1,USD,,,,14.98,FALSE,14.98,,,,,OH,,,360350780,FRESNO,OH,US,,360310000,360310000,ShipTo,County,COSHOCTON,,,,,,,,,,,,,0.3,0.02,Tax,Local Sales and Use Tax,Taxable,0,14.98
,,,,2024-04-11+11:50:18,2024-04-11+00:00,Amazon.com,,AFN,,,SHIPMENT,MarketplaceFacilitator,Amazon,,1,USD,,,,14.98,FALSE,14.98,,,,,OH,,,360350780,FRESNO,OH,US,,360310000,360310000,ShipTo,District,NOT APPLICABLE,,,,,,,,,,,,,0,0,Tax,,ZeroRated,14.98,0
,,,,2024-04-11+04:23:55,2024-04-11+00:00,Amazon.com,,AFN,,,SHIPMENT,MarketplaceFacilitator,Amazon,,1,USD,,,,14.08,FALSE,14.08,0,1.21,,,NJ,,,310150000,HUNTINGTON STATION,NY,US,,331030000,331030000,ShipTo,State,NY,,,,,,,,,,,,,0.56,0.04,Tax,Sales and Compensating Use Tax,Taxable,0,14.08
,,,,2024-04-11+04:23:55,2024-04-11+00:00,Amazon.com,,AFN,,,SHIPMENT,MarketplaceFacilitator,Amazon,,1,USD,,,,14.08,FALSE,14.08,,,,,NJ,,,310150000,HUNTINGTON STATION,NY,US,,331030000,331030000,ShipTo,City,NOT APPLICABLE,,,,,,,,,,,,,0,0,Tax,,ZeroRated,14.08,0
,,,,2024-04-11+04:23:55,2024-04-11+00:00,Amazon.com,,AFN,,,SHIPMENT,MarketplaceFacilitator,Amazon,,1,USD,,,,14.08,FALSE,14.08,,,,,NJ,,,310150000,HUNTINGTON STATION,NY,US,,331030000,331030000,ShipTo,County,SUFFOLK,,,,,,,,,,,,,0.6,0.0425,Tax,Local Sales and Use Tax,Taxable,0,14.08
,,,,2024-04-11+04:23:55,2024-04-11+00:00,Amazon.com,,AFN,,,SHIPMENT,MarketplaceFacilitator,Amazon,,1,USD,,,,14.08,FALSE,14.08,,,,,NJ,,,310150000,HUNTINGTON STATION,NY,US,,331030000,331030000,ShipTo,District,METROPOLITAN COMMUTER TRANSPORTATION DISTRICT,,,,,,,,,,,,,0.05,0.00375,Tax,Metropolitan Commuter Transportation District,Taxable,0,14.08
,,,,2024-04-11+06:01:50,2024-04-11+00:00,Amazon.com,,AFN,,,SHIPMENT,MarketplaceFacilitator,Amazon,,1,USD,,,,14.98,FALSE,14.98,0,0.9,,,UT,,,450350270,BRUNEAU,ID,US,,130730000,130730000,ShipTo,State,ID,,,,,,,,,,,,,0.9,0.06,Tax,Sales and Use Tax,Taxable,0,14.98
,,,,2024-04-11+06:01:50,2024-04-11+00:00,Amazon.com,,AFN,,,SHIPMENT,MarketplaceFacilitator,Amazon,,1,USD,,,,14.98,FALSE,14.98,,,,,UT,,,450350270,BRUNEAU,ID,US,,130730000,130730000,ShipTo,City,NOT APPLICABLE,,,,,,,,,,,,,0,0,Tax,,ZeroRated,14.98,0
,,,,2024-04-11+06:01:50,2024-04-11+00:00,Amazon.com,,AFN,,,SHIPMENT,MarketplaceFacilitator,Amazon,,1,USD,,,,14.98,FALSE,14.98,,,,,UT,,,450350270,BRUNEAU,ID,US,,130730000,130730000,ShipTo,County,NOT APPLICABLE,,,,,,,,,,,,,0,0,Tax,,ZeroRated,14.98,0
,,,,2024-04-11+06:01:50,2024-04-11+00:00,Amazon.com,,AFN,,,SHIPMENT,MarketplaceFacilitator,Amazon,,1,USD,,,,14.98,FALSE,14.98,,,,,UT,,,450350270,BRUNEAU,ID,US,,130730000,130730000,ShipTo,District,NOT APPLICABLE,,,,,,,,,,,,,0,0,Tax,,ZeroRated,14.98,0
,,,,2024-04-10+10:45:58,2024-04-11+00:00,Amazon.com,,AFN,,,SHIPMENT,MarketplaceFacilitator,Amazon,,1,USD,,,,15,FALSE,15,0,1.16,,,CA,,,470590000,BUENA PARK,CA,US,,050590420,050590420,ShipTo,State,CA,,,,,,,,,,,,,0.9,0.06,Tax,Sales and Use Tax,Taxable,0,15
,,,,2024-04-10+10:45:58,2024-04-11+00:00,Amazon.com,,AFN,,,SHIPMENT,MarketplaceFacilitator,Amazon,,1,USD,,,,15,FALSE,15,,,,,CA,,,470590000,BUENA PARK,CA,US,,050590420,050590420,ShipTo,City,NOT APPLICABLE,,,,,,,,,,,,,0,0,Tax,,ZeroRated,15,0
,,,,2024-04-10+10:45:58,2024-04-11+00:00,Amazon.com,,AFN,,,SHIPMENT,MarketplaceFacilitator,Amazon,,1,USD,,,,15,FALSE,15,,,,,CA,,,470590000,BUENA PARK,CA,US,,050590420,050590420,ShipTo,County,ORANGE,,,,,,,,,,,,,0.19,0.0125,Tax,Local Sales and Use Tax,Taxable,0,15
,,,,2024-04-10+10:45:58,2024-04-11+00:00,Amazon.com,,AFN,,,SHIPMENT,MarketplaceFacilitator,Amazon,,1,USD,,,,15,FALSE,15,,,,,CA,,,470590000,BUENA PARK,CA,US,,050590420,050590420,ShipTo,District,TRANSPORTATION AUTHORITY (OCTA),,,,,,,,,,,,,0.07,0.005,Tax,Local Sales and Use Tax,Taxable,0,15
,,,,2024-04-11+07:01:47,2024-04-11+00:00,Amazon.com,,AFN,,,SHIPMENT,MarketplaceFacilitator,Amazon,,1,USD,,,,14.07,FALSE,14.07,0,0.98,,,CO,,,060410090,HOSCHTON,GA,US,,111570000,111570000,ShipTo,State,GA,,,,,,,,,,,,,0.56,0.04,Tax,Sales and Use Tax,Taxable,0,14.07
,,,,2024-04-11+07:01:47,2024-04-11+00:00,Amazon.com,,AFN,,,SHIPMENT,MarketplaceFacilitator,Amazon,,1,USD,,,,14.07,FALSE,14.07,,,,,CO,,,060410090,HOSCHTON,GA,US,,111570000,111570000,ShipTo,City,NOT APPLICABLE,,,,,,,,,,,,,0,0,Tax,,ZeroRated,14.07,0
,,,,2024-04-11+07:01:47,2024-04-11+00:00,Amazon.com,,AFN,,,SHIPMENT,MarketplaceFacilitator,Amazon,,1,USD,,,,14.07,FALSE,14.07,,,,,CO,,,060410090,HOSCHTON,GA,US,,111570000,111570000,ShipTo,County,JACKSON,,,,,,,,,,,,,0.42,0.03,Tax,Local Sales and Use Tax,Taxable,0,14.07
,,,,2024-04-11+07:01:47,2024-04-11+00:00,Amazon.com,,AFN,,,SHIPMENT,MarketplaceFacilitator,Amazon,,1,USD,,,,14.07,FALSE,14.07,,,,,CO,,,060410090,HOSCHTON,GA,US,,111570000,111570000,ShipTo,District,NOT APPLICABLE,,,,,,,,,,,,,0,0,Tax,,ZeroRated,14.07,0
,,,,2024-04-11+07:01:47,2024-04-11+00:00,Amazon.com,,AFN,,,SHIPMENT,MarketplaceFacilitator,Amazon,,1,USD,,,,2.74,FALSE,2.74,0,0,,,CO,,,060410090,HOSCHTON,GA,US,,111570000,111570000,ShipTo,State,GA,,,Y,0,0,-2.74,PromotionIdAndCouponCode,0,,Self Funded,ReductionInTaxableBasis,,0,0.04,Tax,Sales and Use Tax,Taxable,0,0
,,,,2024-04-11+07:01:47,2024-04-11+00:00,Amazon.com,,AFN,,,SHIPMENT,MarketplaceFacilitator,Amazon,,1,USD,,,,2.74,FALSE,2.74,,,,,CO,,,060410090,HOSCHTON,GA,US,,111570000,111570000,ShipTo,City,NOT APPLICABLE,,,Y,0,0,-2.74,PromotionIdAndCouponCode,0,,Self Funded,ReductionInTaxableBasis,,0,0,Tax,,NonTaxable,0,0
,,,,2024-04-11+07:01:47,2024-04-11+00:00,Amazon.com,,AFN,,,SHIPMENT,MarketplaceFacilitator,Amazon,,1,USD,,,,2.74,FALSE,2.74,,,,,CO,,,060410090,HOSCHTON,GA,US,,111570000,111570000,ShipTo,County,JACKSON,,,Y,0,0,-2.74,PromotionIdAndCouponCode,0,,Self Funded,ReductionInTaxableBasis,,0,0.03,Tax,Local Sales and Use Tax,Taxable,0,0
,,,,2024-04-11+07:01:47,2024-04-11+00:00,Amazon.com,,AFN,,,SHIPMENT,MarketplaceFacilitator,Amazon,,1,USD,,,,2.74,FALSE,2.74,,,,,CO,,,060410090,HOSCHTON,GA,US,,111570000,111570000,ShipTo,District,NOT APPLICABLE,,,Y,0,0,-2.74,PromotionIdAndCouponCode,0,,Self Funded,ReductionInTaxableBasis,,0,0,Tax,,NonTaxable,0,0
,,,,2024-04-11+18:03:53,2024-04-11+00:00,Amazon.com,,AFN,,,SHIPMENT,MarketplaceFacilitator,Amazon,,1,USD,,,,14.5,FALSE,14.5,0,1.21,,,NJ,,,310150000,SCARSDALE,NY,US,,331199979,331199979,ShipTo,State,NY,,,,,,,,,,,,,0.58,0.04,Tax,Sales and Compensating Use Tax,Taxable,0,14.5
,,,,2024-04-11+18:03:53,2024-04-11+00:00,Amazon.com,,AFN,,,SHIPMENT,MarketplaceFacilitator,Amazon,,1,USD,,,,14.5,FALSE,14.5,,,,,NJ,,,310150000,SCARSDALE,NY,US,,331199979,331199979,ShipTo,City,NOT APPLICABLE,,,,,,,,,,,,,0,0,Tax,,ZeroRated,14.5,0
,,,,2024-04-11+18:03:53,2024-04-11+00:00,Amazon.com,,AFN,,,SHIPMENT,MarketplaceFacilitator,Amazon,,1,USD,,,,14.5,FALSE,14.5,,,,,NJ,,,310150000,SCARSDALE,NY,US,,331199979,331199979,ShipTo,County,WESTCHESTER,,,,,,,,,,,,,0.58,0.04,Tax,Local Sales and Use Tax,Taxable,0,14.5
,,,,2024-04-11+18:03:53,2024-04-11+00:00,Amazon.com,,AFN,,,SHIPMENT,MarketplaceFacilitator,Amazon,,1,USD,,,,14.5,FALSE,14.5,,,,,NJ,,,310150000,SCARSDALE,NY,US,,331199979,331199979,ShipTo,District,METROPOLITAN COMMUTER TRANSPORTATION DISTRICT,,,,,,,,,,,,,0.05,0.00375,Tax,Metropolitan Commuter Transportation District,Taxable,0,14.5
,,,,2024-04-11+13:55:20,2024-04-12+00:00,Amazon.com,,AFN,,,SHIPMENT,MarketplaceFacilitator,Amazon,,1,USD,,,,15,FALSE,15,0,0.9,,,OH,,,361732180,ANN ARBOR,MI,US,,231610080,231610080,ShipTo,State,MI,,,,,,,,,,,,,0.9,0.06,Tax,Sales and Use Tax,Taxable,0,15
,,,,2024-04-11+13:55:20,2024-04-12+00:00,Amazon.com,,AFN,,,SHIPMENT,MarketplaceFacilitator,Amazon,,1,USD,,,,15,FALSE,15,,,,,OH,,,361732180,ANN ARBOR,MI,US,,231610080,231610080,ShipTo,City,NOT APPLICABLE,,,,,,,,,,,,,0,0,Tax,,ZeroRated,15,0
,,,,2024-04-11+13:55:20,2024-04-12+00:00,Amazon.com,,AFN,,,SHIPMENT,MarketplaceFacilitator,Amazon,,1,USD,,,,15,FALSE,15,,,,,OH,,,361732180,ANN ARBOR,MI,US,,231610080,231610080,ShipTo,County,NOT APPLICABLE,,,,,,,,,,,,,0,0,Tax,,ZeroRated,15,0
,,,,2024-04-11+13:55:20,2024-04-12+00:00,Amazon.com,,AFN,,,SHIPMENT,MarketplaceFacilitator,Amazon,,1,USD,,,,15,FALSE,15,,,,,OH,,,361732180,ANN ARBOR,MI,US,,231610080,231610080,ShipTo,District,NOT APPLICABLE,,,,,,,,,,,,,0,0,Tax,,ZeroRated,15,0
,,,,2024-04-11+17:35:26,2024-04-12+00:00,Amazon.com,,AFN,,,SHIPMENT,MarketplaceFacilitator,Amazon,,1,USD,,,,14.45,FALSE,14.45,0,1.29,,,TX,,,441130760,TULSA,OK,US,,371430670,371430670,ShipTo,State,OK,,,,,,,,,,,,,0.65,0.045,Tax,Sales and Use Tax,Taxable,0,14.45
,,,,2024-04-11+17:35:26,2024-04-12+00:00,Amazon.com,,AFN,,,SHIPMENT,MarketplaceFacilitator,Amazon,,1,USD,,,,14.45,FALSE,14.45,,,,,TX,,,441130760,TULSA,OK,US,,371430670,371430670,ShipTo,City,SAND SPRINGS,,,,,,,,,,,,,0.59,0.0405,Tax,Local Sales and Use Tax,Taxable,0,14.45
,,,,2024-04-11+17:35:26,2024-04-12+00:00,Amazon.com,,AFN,,,SHIPMENT,MarketplaceFacilitator,Amazon,,1,USD,,,,14.45,FALSE,14.45,,,,,TX,,,441130760,TULSA,OK,US,,371430670,371430670,ShipTo,County,TULSA,,,,,,,,,,,,,0.05,0.00367,Tax,Local Sales and Use Tax,Taxable,0,14.45
,,,,2024-04-11+17:35:26,2024-04-12+00:00,Amazon.com,,AFN,,,SHIPMENT,MarketplaceFacilitator,Amazon,,1,USD,,,,14.45,FALSE,14.45,,,,,TX,,,441130760,TULSA,OK,US,,371430670,371430670,ShipTo,District,NOT APPLICABLE,,,,,,,,,,,,,0,0,Tax,,ZeroRated,14.45,0
,,,,2024-04-12+00:09:19,2024-04-12+00:00,Amazon.com,,AFN,,,SHIPMENT,MarketplaceFacilitator,Amazon,,1,USD,,,,14.98,FALSE,14.98,0,1.05,,,OH,,,360974726,BROWNSBURG,IN,US,,150630200,150630200,ShipTo,State,IN,,,,,,,,,,,,,1.05,0.07,Tax,Gross Retail and Use Tax,Taxable,0,14.98
,,,,2024-04-12+00:09:19,2024-04-12+00:00,Amazon.com,,AFN,,,SHIPMENT,MarketplaceFacilitator,Amazon,,1,USD,,,,14.98,FALSE,14.98,,,,,OH,,,360974726,BROWNSBURG,IN,US,,150630200,150630200,ShipTo,City,NOT APPLICABLE,,,,,,,,,,,,,0,0,Tax,,ZeroRated,14.98,0
,,,,2024-04-12+00:09:19,2024-04-12+00:00,Amazon.com,,AFN,,,SHIPMENT,MarketplaceFacilitator,Amazon,,1,USD,,,,14.98,FALSE,14.98,,,,,OH,,,360974726,BROWNSBURG,IN,US,,150630200,150630200,ShipTo,County,NOT APPLICABLE,,,,,,,,,,,,,0,0,Tax,,ZeroRated,14.98,0
,,,,2024-04-12+00:09:19,2024-04-12+00:00,Amazon.com,,AFN,,,SHIPMENT,MarketplaceFacilitator,Amazon,,1,USD,,,,14.98,FALSE,14.98,,,,,OH,,,360974726,BROWNSBURG,IN,US,,150630200,150630200,ShipTo,District,NOT APPLICABLE,,,,,,,,,,,,,0,0,Tax,,ZeroRated,14.98,0
,,,,2024-04-11+02:12:20,2024-04-12+00:00,Amazon.com,,AFN,,,SHIPMENT,MarketplaceFacilitator,Amazon,,1,USD,,,,14.98,FALSE,14.98,0,1.05,,,MN,,,241390940,DES MOINES,IA,US,,161530320,161530320,ShipTo,State,IA,,,,,,,,,,,,,0.9,0.06,Tax,Sales and Use Tax,Taxable,0,14.98
,,,,2024-04-11+02:12:20,2024-04-12+00:00,Amazon.com,,AFN,,,SHIPMENT,MarketplaceFacilitator,Amazon,,1,USD,,,,14.98,FALSE,14.98,,,,,MN,,,241390940,DES MOINES,IA,US,,161530320,161530320,ShipTo,City,DES MOINES,,,,,,,,,,,,,0.15,0.01,Tax,Local Option Sales and Services Tax,Taxable,0,14.98
,,,,2024-04-11+02:12:20,2024-04-12+00:00,Amazon.com,,AFN,,,SHIPMENT,MarketplaceFacilitator,Amazon,,1,USD,,,,14.98,FALSE,14.98,,,,,MN,,,241390940,DES MOINES,IA,US,,161530320,161530320,ShipTo,County,NOT APPLICABLE,,,,,,,,,,,,,0,0,Tax,,ZeroRated,14.98,0
,,,,2024-04-11+02:12:20,2024-04-12+00:00,Amazon.com,,AFN,,,SHIPMENT,MarketplaceFacilitator,Amazon,,1,USD,,,,14.98,FALSE,14.98,,,,,MN,,,241390940,DES MOINES,IA,US,,161530320,161530320,ShipTo,District,NOT APPLICABLE,,,,,,,,,,,,,0,0,Tax,,ZeroRated,14.98,0
,,,,2024-04-11+18:24:28,2024-04-12+00:00,Amazon.com,,AFN,,,SHIPMENT,MarketplaceFacilitator,Amazon,,1,USD,,,,15,FALSE,15,0,0.9,,,OH,,,360974726,MCKEESPORT,PA,US,,390032290,390032290,ShipTo,State,PA,,,,,,,,,,,,,0.9,0.06,Tax,Sales and Use Tax,Taxable,0,15
,,,,2024-04-11+18:24:28,2024-04-12+00:00,Amazon.com,,AFN,,,SHIPMENT,MarketplaceFacilitator,Amazon,,1,USD,,,,15,FALSE,15,,,,,OH,,,360974726,MCKEESPORT,PA,US,,390032290,390032290,ShipTo,City,NOT APPLICABLE,,,,,,,,,,,,,0,0,Tax,,ZeroRated,15,0
,,,,2024-04-11+18:24:28,2024-04-12+00:00,Amazon.com,,AFN,,,SHIPMENT,MarketplaceFacilitator,Amazon,,1,USD,,,,15,FALSE,15,,,,,OH,,,360974726,MCKEESPORT,PA,US,,390032290,390032290,ShipTo,County,NOT APPLICABLE,,,,,,,,,,,,,0,0,Tax,,ZeroRated,15,0
,,,,2024-04-11+18:24:28,2024-04-12+00:00,Amazon.com,,AFN,,,SHIPMENT,MarketplaceFacilitator,Amazon,,1,USD,,,,15,FALSE,15,,,,,OH,,,360974726,MCKEESPORT,PA,US,,390032290,390032290,ShipTo,District,NOT APPLICABLE,,,,,,,,,,,,,0,0,Tax,,ZeroRated,15,0
,,,,2024-04-11+16:23:52,2024-04-12+00:00,Amazon.com,,AFN,,,SHIPMENT,MarketplaceFacilitator,Amazon,,1,USD,,,,14.5,FALSE,14.5,0,0.96,,,NJ,,,310150000,MATAWAN,NJ,US,,310236554,310236554,ShipTo,State,NJ,,,,,,,,,,,,,0.96,0.06625,Tax,Sales and Use Tax,Taxable,0,14.5
,,,,2024-04-11+16:23:52,2024-04-12+00:00,Amazon.com,,AFN,,,SHIPMENT,MarketplaceFacilitator,Amazon,,1,USD,,,,14.5,FALSE,14.5,,,,,NJ,,,310150000,MATAWAN,NJ,US,,310236554,310236554,ShipTo,City,NOT APPLICABLE,,,,,,,,,,,,,0,0,Tax,,ZeroRated,14.5,0
,,,,2024-04-11+16:23:52,2024-04-12+00:00,Amazon.com,,AFN,,,SHIPMENT,MarketplaceFacilitator,Amazon,,1,USD,,,,14.5,FALSE,14.5,,,,,NJ,,,310150000,MATAWAN,NJ,US,,310236554,310236554,ShipTo,County,NOT APPLICABLE,,,,,,,,,,,,,0,0,Tax,,ZeroRated,14.5,0
,,,,2024-04-11+16:23:52,2024-04-12+00:00,Amazon.com,,AFN,,,SHIPMENT,MarketplaceFacilitator,Amazon,,1,USD,,,,14.5,FALSE,14.5,,,,,NJ,,,310150000,MATAWAN,NJ,US,,310236554,310236554,ShipTo,District,NOT APPLICABLE,,,,,,,,,,,,,0,0,Tax,,ZeroRated,14.5,0
,,,,2024-04-12+09:36:15,2024-04-12+00:00,Amazon.com,,AFN,,,SHIPMENT,MarketplaceFacilitator,Amazon,,1,USD,,,,13.08,FALSE,13.08,0,0.88,,,OH,,,360350780,AKRON,OH,US,,361530074,361530074,ShipTo,State,OH,,,,,,,,,,,,,0.75,0.0575,Tax,Sales and Use Tax,Taxable,0,13.08
,,,,2024-04-12+09:36:15,2024-04-12+00:00,Amazon.com,,AFN,,,SHIPMENT,MarketplaceFacilitator,Amazon,,1,USD,,,,13.08,FALSE,13.08,,,,,OH,,,360350780,AKRON,OH,US,,361530074,361530074,ShipTo,City,NOT APPLICABLE,,,,,,,,,,,,,0,0,Tax,,ZeroRated,13.08,0
,,,,2024-04-12+09:36:15,2024-04-12+00:00,Amazon.com,,AFN,,,SHIPMENT,MarketplaceFacilitator,Amazon,,1,USD,,,,13.08,FALSE,13.08,,,,,OH,,,360350780,AKRON,OH,US,,361530074,361530074,ShipTo,County,SUMMIT,,,,,,,,,,,,,0.07,0.005,Tax,Local Sales and Use Tax,Taxable,0,13.08
,,,,2024-04-12+09:36:15,2024-04-12+00:00,Amazon.com,,AFN,,,SHIPMENT,MarketplaceFacilitator,Amazon,,1,USD,,,,13.08,FALSE,13.08,,,,,OH,,,360350780,AKRON,OH,US,,361530074,361530074,ShipTo,District,SUMMIT COUNTY METRO TRANSIT AUTHORITY TAX,,,,,,,,,,,,,0.06,0.005,Tax,Local Sales and Use Tax,Taxable,0,13.08
,,,,2024-04-12+09:36:15,2024-04-12+00:00,Amazon.com,,AFN,,,SHIPMENT,MarketplaceFacilitator,Amazon,,1,USD,,,,1.5,FALSE,1.5,0,0,,,OH,,,360350780,AKRON,OH,US,,361530074,361530074,ShipTo,State,OH,,,Y,0,0,-1.5,PromotionIdAndCouponCode,0,,Self Funded,ReductionInTaxableBasis,,0,0.0575,Tax,Sales and Use Tax,Taxable,0,0
,,,,2024-04-12+09:36:15,2024-04-12+00:00,Amazon.com,,AFN,,,SHIPMENT,MarketplaceFacilitator,Amazon,,1,USD,,,,1.5,FALSE,1.5,,,,,OH,,,360350780,AKRON,OH,US,,361530074,361530074,ShipTo,City,NOT APPLICABLE,,,Y,0,0,-1.5,PromotionIdAndCouponCode,0,,Self Funded,ReductionInTaxableBasis,,0,0,Tax,,NonTaxable,0,0
,,,,2024-04-12+09:36:15,2024-04-12+00:00,Amazon.com,,AFN,,,SHIPMENT,MarketplaceFacilitator,Amazon,,1,USD,,,,1.5,FALSE,1.5,,,,,OH,,,360350780,AKRON,OH,US,,361530074,361530074,ShipTo,County,SUMMIT,,,Y,0,0,-1.5,PromotionIdAndCouponCode,0,,Self Funded,ReductionInTaxableBasis,,0,0.005,Tax,Local Sales and Use Tax,Taxable,0,0
,,,,2024-04-12+09:36:15,2024-04-12+00:00,Amazon.com,,AFN,,,SHIPMENT,MarketplaceFacilitator,Amazon,,1,USD,,,,1.5,FALSE,1.5,,,,,OH,,,360350780,AKRON,OH,US,,361530074,361530074,ShipTo,District,SUMMIT COUNTY METRO TRANSIT AUTHORITY TAX,,,Y,0,0,-1.5,PromotionIdAndCouponCode,0,,Self Funded,ReductionInTaxableBasis,,0,0.005,Tax,Local Sales and Use Tax,Taxable,0,0
,,,,2024-04-11+13:18:21,2024-04-12+00:00,Amazon.com,,AFN,,,SHIPMENT,Standard,Seller,A_GEN_NOTAX,1,USD,,,,14.5,FALSE,14.5,0,0,,,CA,,,051112470,TUALATIN,OR,US,,380670828,380670828,ShipTo,State,OR,,,,,,,,,,,,0,,0,Tax,No Sales or Use Tax Imposed,NonTaxable,14.5,0
,,,,2024-04-11+13:18:21,2024-04-12+00:00,Amazon.com,,AFN,,,SHIPMENT,Standard,Seller,A_GEN_NOTAX,1,USD,,,,14.5,FALSE,14.5,,,,,CA,,,051112470,TUALATIN,OR,US,,380670828,380670828,ShipTo,City,NOT APPLICABLE,,,,,,,,,,,,0,,0,Tax,,ZeroRated,14.5,0
,,,,2024-04-11+13:18:21,2024-04-12+00:00,Amazon.com,,AFN,,,SHIPMENT,Standard,Seller,A_GEN_NOTAX,1,USD,,,,14.5,FALSE,14.5,,,,,CA,,,051112470,TUALATIN,OR,US,,380670828,380670828,ShipTo,County,NOT APPLICABLE,,,,,,,,,,,,0,,0,Tax,,ZeroRated,14.5,0
,,,,2024-04-11+13:18:21,2024-04-12+00:00,Amazon.com,,AFN,,,SHIPMENT,Standard,Seller,A_GEN_NOTAX,1,USD,,,,14.5,FALSE,14.5,,,,,CA,,,051112470,TUALATIN,OR,US,,380670828,380670828,ShipTo,District,NOT APPLICABLE,,,,,,,,,,,,0,,0,Tax,,ZeroRated,14.5,0
,,,,2024-04-12+00:53:51,2024-04-12+00:00,Amazon.com,,AFN,,,SHIPMENT,MarketplaceFacilitator,Amazon,,1,USD,,,,13.08,FALSE,13.08,0,0.83,,,NY,,,330550000,DANIELSON,CT,US,,070150100,070150100,ShipTo,State,CT,,,,,,,,,,,,,0.83,0.0635,Tax,Sales and Use Tax,Taxable,0,13.08
,,,,2024-04-12+00:53:51,2024-04-12+00:00,Amazon.com,,AFN,,,SHIPMENT,MarketplaceFacilitator,Amazon,,1,USD,,,,13.08,FALSE,13.08,,,,,NY,,,330550000,DANIELSON,CT,US,,070150100,070150100,ShipTo,City,NOT APPLICABLE,,,,,,,,,,,,,0,0,Tax,,ZeroRated,13.08,0
,,,,2024-04-12+00:53:51,2024-04-12+00:00,Amazon.com,,AFN,,,SHIPMENT,MarketplaceFacilitator,Amazon,,1,USD,,,,13.08,FALSE,13.08,,,,,NY,,,330550000,DANIELSON,CT,US,,070150100,070150100,ShipTo,County,NOT APPLICABLE,,,,,,,,,,,,,0,0,Tax,,ZeroRated,13.08,0
,,,,2024-04-12+00:53:51,2024-04-12+00:00,Amazon.com,,AFN,,,SHIPMENT,MarketplaceFacilitator,Amazon,,1,USD,,,,13.08,FALSE,13.08,,,,,NY,,,330550000,DANIELSON,CT,US,,070150100,070150100,ShipTo,District,NOT APPLICABLE,,,,,,,,,,,,,0,0,Tax,,ZeroRated,13.08,0
,,,,2024-04-12+01:06:28,2024-04-12+00:00,Amazon.com,,AFN,,,SHIPMENT,MarketplaceFacilitator,Amazon,,1,USD,,,,13.08,FALSE,13.08,0,0.92,,,FL,,,100310660,BRUNSWICK,GA,US,,111270000,111270000,ShipTo,State,GA,,,,,,,,,,,,,0.53,0.04,Tax,Sales and Use Tax,Taxable,0,13.08
,,,,2024-04-12+01:06:28,2024-04-12+00:00,Amazon.com,,AFN,,,SHIPMENT,MarketplaceFacilitator,Amazon,,1,USD,,,,13.08,FALSE,13.08,,,,,FL,,,100310660,BRUNSWICK,GA,US,,111270000,111270000,ShipTo,City,NOT APPLICABLE,,,,,,,,,,,,,0,0,Tax,,ZeroRated,13.08,0
,,,,2024-04-12+01:06:28,2024-04-12+00:00,Amazon.com,,AFN,,,SHIPMENT,MarketplaceFacilitator,Amazon,,1,USD,,,,13.08,FALSE,13.08,,,,,FL,,,100310660,BRUNSWICK,GA,US,,111270000,111270000,ShipTo,County,GLYNN,,,,,,,,,,,,,0.39,0.03,Tax,Local Sales and Use Tax,Taxable,0,13.08
,,,,2024-04-12+01:06:28,2024-04-12+00:00,Amazon.com,,AFN,,,SHIPMENT,MarketplaceFacilitator,Amazon,,1,USD,,,,13.08,FALSE,13.08,,,,,FL,,,100310660,BRUNSWICK,GA,US,,111270000,111270000,ShipTo,District,NOT APPLICABLE,,,,,,,,,,,,,0,0,Tax,,ZeroRated,13.08,0
,,,,2024-04-12+02:35:27,2024-04-12+00:00,Amazon.com,,AFN,,,SHIPMENT,MarketplaceFacilitator,Amazon,,1,USD,,,,13.08,FALSE,13.08,0,0.92,,,MS,,,250890090,PANAMA CITY,FL,US,,100051240,100051240,ShipTo,State,FL,,,,,,,,,,,,,0.79,0.06,Tax,Sales and Use Tax,Taxable,0,13.08
,,,,2024-04-12+02:35:27,2024-04-12+00:00,Amazon.com,,AFN,,,SHIPMENT,MarketplaceFacilitator,Amazon,,1,USD,,,,13.08,FALSE,13.08,,,,,MS,,,250890090,PANAMA CITY,FL,US,,100051240,100051240,ShipTo,City,NOT APPLICABLE,,,,,,,,,,,,,0,0,Tax,,ZeroRated,13.08,0
,,,,2024-04-12+02:35:27,2024-04-12+00:00,Amazon.com,,AFN,,,SHIPMENT,MarketplaceFacilitator,Amazon,,1,USD,,,,13.08,FALSE,13.08,,,,,MS,,,250890090,PANAMA CITY,FL,US,,100051240,100051240,ShipTo,County,BAY,,,,,,,,,,,,,0.13,0.01,Tax,Local Sales and Use Tax (Discretionary Sales Surtax),Taxable,0,13.08
,,,,2024-04-12+02:35:27,2024-04-12+00:00,Amazon.com,,AFN,,,SHIPMENT,MarketplaceFacilitator,Amazon,,1,USD,,,,13.08,FALSE,13.08,,,,,MS,,,250890090,PANAMA CITY,FL,US,,100051240,100051240,ShipTo,District,NOT APPLICABLE,,,,,,,,,,,,,0,0,Tax,,ZeroRated,13.08,0
,,,,2024-04-12+06:16:44,2024-04-12+00:00,Amazon.com,,AFN,,,SHIPMENT,MarketplaceFacilitator,Amazon,,1,USD,,,,13.08,FALSE,13.08,0,0.55,,,IL,,,470590000,TROY,MO,US,,261136274,261136274,ShipTo,State,MO,,,,,,,,,,,,,0.55,0.04225,Tax,Sales and Use Tax,Taxable,0,13.08
,,,,2024-04-12+06:16:44,2024-04-12+00:00,Amazon.com,,AFN,,,SHIPMENT,MarketplaceFacilitator,Amazon,,1,USD,,,,13.08,FALSE,13.08,,,,,IL,,,470590000,TROY,MO,US,,261136274,261136274,ShipTo,City,NOT APPLICABLE,,,,,,,,,,,,,0,0,Tax,,ZeroRated,13.08,0
,,,,2024-04-12+06:16:44,2024-04-12+00:00,Amazon.com,,AFN,,,SHIPMENT,MarketplaceFacilitator,Amazon,,1,USD,,,,13.08,FALSE,13.08,,,,,IL,,,470590000,TROY,MO,US,,261136274,261136274,ShipTo,County,NOT APPLICABLE,,,,,,,,,,,,,0,0,Tax,,ZeroRated,13.08,0
,,,,2024-04-12+06:16:44,2024-04-12+00:00,Amazon.com,,AFN,,,SHIPMENT,MarketplaceFacilitator,Amazon,,1,USD,,,,13.08,FALSE,13.08,,,,,IL,,,470590000,TROY,MO,US,,261136274,261136274,ShipTo,District,NOT APPLICABLE,,,,,,,,,,,,,0,0,Tax,,ZeroRated,13.08,0
,,,,2024-04-12+17:44:23,2024-04-13+00:00,Amazon.com,,AFN,,,SHIPMENT,MarketplaceFacilitator,Amazon,,1,USD,,,,13.08,FALSE,13.08,0,1.05,,,OH,,,360974726,BEDFORD,OH,US,,360350150,360350150,ShipTo,State,OH,,,,,,,,,,,,,0.76,0.0575,Tax,Sales and Use Tax,Taxable,0,13.08
,,,,2024-04-12+17:44:23,2024-04-13+00:00,Amazon.com,,AFN,,,SHIPMENT,MarketplaceFacilitator,Amazon,,1,USD,,,,13.08,FALSE,13.08,,,,,OH,,,360974726,BEDFORD,OH,US,,360350150,360350150,ShipTo,City,NOT APPLICABLE,,,,,,,,,,,,,0,0,Tax,,ZeroRated,13.08,0
,,,,2024-04-12+17:44:23,2024-04-13+00:00,Amazon.com,,AFN,,,SHIPMENT,MarketplaceFacilitator,Amazon,,1,USD,,,,13.08,FALSE,13.08,,,,,OH,,,360974726,BEDFORD,OH,US,,360350150,360350150,ShipTo,County,CUYAHOGA,,,,,,,,,,,,,0.16,0.0125,Tax,Local Sales and Use Tax,Taxable,0,13.08
,,,,2024-04-12+17:44:23,2024-04-13+00:00,Amazon.com,,AFN,,,SHIPMENT,MarketplaceFacilitator,Amazon,,1,USD,,,,13.08,FALSE,13.08,,,,,OH,,,360974726,BEDFORD,OH,US,,360350150,360350150,ShipTo,District,GREATER CLEVELAND TRANSIT AUTHORITY TAX,,,,,,,,,,,,,0.13,0.01,Tax,Local Sales and Use Tax,Taxable,0,13.08
,,,,2024-04-12+22:01:55,2024-04-13+00:00,Amazon.com,,AFN,,,SHIPMENT,MarketplaceFacilitator,Amazon,,1,USD,,,,13.08,FALSE,13.08,0,0.77,,,IL,,,141974702,WEST ALLIS,WI,US,,500791270,500791270,ShipTo,State,WI,,,Y,0,0,-1.17,PromotionIdAndCouponCode,0,,Amazon Funded Discount US,NoReductionInTaxabaleBasis,,0.65,0.05,Tax,General Sales and Use Tax,Taxable,0,13.08
,,,,2024-04-12+22:01:55,2024-04-13+00:00,Amazon.com,,AFN,,,SHIPMENT,MarketplaceFacilitator,Amazon,,1,USD,,,,13.08,FALSE,13.08,,,,,IL,,,141974702,WEST ALLIS,WI,US,,500791270,500791270,ShipTo,City,NOT APPLICABLE,,,Y,0,0,-1.17,PromotionIdAndCouponCode,0,,Amazon Funded Discount US,NoReductionInTaxabaleBasis,,0,0,Tax,,ZeroRated,13.08,0
,,,,2024-04-12+22:01:55,2024-04-13+00:00,Amazon.com,,AFN,,,SHIPMENT,MarketplaceFacilitator,Amazon,,1,USD,,,,13.08,FALSE,13.08,,,,,IL,,,141974702,WEST ALLIS,WI,US,,500791270,500791270,ShipTo,County,MILWAUKEE,,,Y,0,0,-1.17,PromotionIdAndCouponCode,0,,Amazon Funded Discount US,NoReductionInTaxabaleBasis,,0.12,0.009,Tax,Local Sales and Use Tax,Taxable,0,13.08
,,,,2024-04-12+22:01:55,2024-04-13+00:00,Amazon.com,,AFN,,,SHIPMENT,MarketplaceFacilitator,Amazon,,1,USD,,,,13.08,FALSE,13.08,,,,,IL,,,141974702,WEST ALLIS,WI,US,,500791270,500791270,ShipTo,District,NOT APPLICABLE,,,Y,0,0,-1.17,PromotionIdAndCouponCode,0,,Amazon Funded Discount US,NoReductionInTaxabaleBasis,,0,0,Tax,,ZeroRated,13.08,0
,,,,2024-04-12+22:01:55,2024-04-13+00:00,Amazon.com,,AFN,,,SHIPMENT,MarketplaceFacilitator,Amazon,,1,USD,,,,13.08,FALSE,13.08,0,0.77,,,IL,,,141974702,WEST ALLIS,WI,US,,500791270,500791270,ShipTo,State,WI,,,Y,0,0,-1.18,PromotionIdAndCouponCode,0,,Amazon Funded Discount US,NoReductionInTaxabaleBasis,,0.65,0.05,Tax,General Sales and Use Tax,Taxable,0,13.08
,,,,2024-04-12+22:01:55,2024-04-13+00:00,Amazon.com,,AFN,,,SHIPMENT,MarketplaceFacilitator,Amazon,,1,USD,,,,13.08,FALSE,13.08,,,,,IL,,,141974702,WEST ALLIS,WI,US,,500791270,500791270,ShipTo,City,NOT APPLICABLE,,,Y,0,0,-1.18,PromotionIdAndCouponCode,0,,Amazon Funded Discount US,NoReductionInTaxabaleBasis,,0,0,Tax,,ZeroRated,13.08,0
,,,,2024-04-12+22:01:55,2024-04-13+00:00,Amazon.com,,AFN,,,SHIPMENT,MarketplaceFacilitator,Amazon,,1,USD,,,,13.08,FALSE,13.08,,,,,IL,,,141974702,WEST ALLIS,WI,US,,500791270,500791270,ShipTo,County,MILWAUKEE,,,Y,0,0,-1.18,PromotionIdAndCouponCode,0,,Amazon Funded Discount US,NoReductionInTaxabaleBasis,,0.12,0.009,Tax,Local Sales and Use Tax,Taxable,0,13.08
,,,,2024-04-12+22:01:55,2024-04-13+00:00,Amazon.com,,AFN,,,SHIPMENT,MarketplaceFacilitator,Amazon,,1,USD,,,,13.08,FALSE,13.08,,,,,IL,,,141974702,WEST ALLIS,WI,US,,500791270,500791270,ShipTo,District,NOT APPLICABLE,,,Y,0,0,-1.18,PromotionIdAndCouponCode,0,,Amazon Funded Discount US,NoReductionInTaxabaleBasis,,0,0,Tax,,ZeroRated,13.08,0
,,,,2024-04-12+11:20:47,2024-04-13+00:00,Amazon.com,,AFN,,,SHIPMENT,MarketplaceFacilitator,Amazon,,1,USD,,,,1.5,FALSE,1.5,0,0,,,WA,,,480330320,Olympia,WA,US,,480670770,480670770,ShipTo,State,WA,,,Y,0,0,-1.5,PromotionIdAndCouponCode,0,,Self Funded,ReductionInTaxableBasis,,0,0.065,Tax,Retail Sales and Use Tax,Taxable,0,0
,,,,2024-04-12+11:20:47,2024-04-13+00:00,Amazon.com,,AFN,,,SHIPMENT,MarketplaceFacilitator,Amazon,,1,USD,,,,1.5,FALSE,1.5,,,,,WA,,,480330320,Olympia,WA,US,,480670770,480670770,ShipTo,City,TUMWATER,,,Y,0,0,-1.5,PromotionIdAndCouponCode,0,,Self Funded,ReductionInTaxableBasis,,0,0.018,Tax,Local Sales and Use Tax,Taxable,0,0
,,,,2024-04-12+11:20:47,2024-04-13+00:00,Amazon.com,,AFN,,,SHIPMENT,MarketplaceFacilitator,Amazon,,1,USD,,,,1.5,FALSE,1.5,,,,,WA,,,480330320,Olympia,WA,US,,480670770,480670770,ShipTo,County,THURSTON,,,Y,0,0,-1.5,PromotionIdAndCouponCode,0,,Self Funded,ReductionInTaxableBasis,,0,0,Tax,Local Sales and Use Tax,NonTaxable,0,0
,,,,2024-04-12+11:20:47,2024-04-13+00:00,Amazon.com,,AFN,,,SHIPMENT,MarketplaceFacilitator,Amazon,,1,USD,,,,1.5,FALSE,1.5,,,,,WA,,,480330320,Olympia,WA,US,,480670770,480670770,ShipTo,District,PUBLIC TRANSPORTATION BENEFIT AREA,,,Y,0,0,-1.5,PromotionIdAndCouponCode,0,,Self Funded,ReductionInTaxableBasis,,0,0.012,Tax,Local Sales and Use Tax,Taxable,0,0
,,,,2024-04-12+11:20:47,2024-04-13+00:00,Amazon.com,,AFN,,,SHIPMENT,MarketplaceFacilitator,Amazon,,1,USD,,,,1.5,FALSE,1.5,,,,,WA,,,480330320,Olympia,WA,US,,480670770,480670770,ShipTo,District,TUMWATER TRANSPORTATION BENEFIT DISTRICT,,,Y,0,0,-1.5,PromotionIdAndCouponCode,0,,Self Funded,ReductionInTaxableBasis,,0,0.002,Tax,Local Sales and Use Tax,Taxable,0,0
,,,,2024-04-12+11:20:47,2024-04-13+00:00,Amazon.com,,AFN,,,SHIPMENT,MarketplaceFacilitator,Amazon,,1,USD,,,,13.08,FALSE,13.08,0,1.27,,,WA,,,480330320,Olympia,WA,US,,480670770,480670770,ShipTo,State,WA,,,,,,,,,,,,,0.85,0.065,Tax,Retail Sales and Use Tax,Taxable,0,13.08
,,,,2024-04-12+11:20:47,2024-04-13+00:00,Amazon.com,,AFN,,,SHIPMENT,MarketplaceFacilitator,Amazon,,1,USD,,,,13.08,FALSE,13.08,,,,,WA,,,480330320,Olympia,WA,US,,480670770,480670770,ShipTo,City,TUMWATER,,,,,,,,,,,,,0.23,0.018,Tax,Local Sales and Use Tax,Taxable,0,13.08
,,,,2024-04-12+11:20:47,2024-04-13+00:00,Amazon.com,,AFN,,,SHIPMENT,MarketplaceFacilitator,Amazon,,1,USD,,,,13.08,FALSE,13.08,,,,,WA,,,480330320,Olympia,WA,US,,480670770,480670770,ShipTo,County,THURSTON,,,,,,,,,,,,,0,0,Tax,Local Sales and Use Tax,NonTaxable,13.08,0
,,,,2024-04-12+11:20:47,2024-04-13+00:00,Amazon.com,,AFN,,,SHIPMENT,MarketplaceFacilitator,Amazon,,1,USD,,,,13.08,FALSE,13.08,,,,,WA,,,480330320,Olympia,WA,US,,480670770,480670770,ShipTo,District,PUBLIC TRANSPORTATION BENEFIT AREA,,,,,,,,,,,,,0.16,0.012,Tax,Local Sales and Use Tax,Taxable,0,13.08
,,,,2024-04-12+11:20:47,2024-04-13+00:00,Amazon.com,,AFN,,,SHIPMENT,MarketplaceFacilitator,Amazon,,1,USD,,,,13.08,FALSE,13.08,,,,,WA,,,480330320,Olympia,WA,US,,480670770,480670770,ShipTo,District,TUMWATER TRANSPORTATION BENEFIT DISTRICT,,,,,,,,,,,,,0.03,0.002,Tax,Local Sales and Use Tax,Taxable,0,13.08
,,,,2024-04-12+19:55:07,2024-04-13+00:00,Amazon.com,,AFN,,,SHIPMENT,MarketplaceFacilitator,Amazon,,1,USD,,,,13.08,FALSE,13.08,0,1.28,,,IL,,,140311790,TINLEY PARK,IL,US,,140312920,140312920,ShipTo,State,IL,,,,,,,,,,,,,0.82,0.0625,Tax,Retailers'/Service Occupation and Use/Service Use Tax,Taxable,0,13.08
,,,,2024-04-12+19:55:07,2024-04-13+00:00,Amazon.com,,AFN,,,SHIPMENT,MarketplaceFacilitator,Amazon,,1,USD,,,,13.08,FALSE,13.08,,,,,IL,,,140311790,TINLEY PARK,IL,US,,140312920,140312920,ShipTo,City,TINLEY PARK,,,,,,,,,,,,,0.1,0.0075,Tax,Local Sales Tax,Taxable,0,13.08
,,,,2024-04-12+19:55:07,2024-04-13+00:00,Amazon.com,,AFN,,,SHIPMENT,MarketplaceFacilitator,Amazon,,1,USD,,,,13.08,FALSE,13.08,,,,,IL,,,140311790,TINLEY PARK,IL,US,,140312920,140312920,ShipTo,County,COOK,,,,,,,,,,,,,0.23,0.0175,Tax,Local Sales and Use Tax,Taxable,0,13.08
,,,,2024-04-12+19:55:07,2024-04-13+00:00,Amazon.com,,AFN,,,SHIPMENT,MarketplaceFacilitator,Amazon,,1,USD,,,,13.08,FALSE,13.08,,,,,IL,,,140311790,TINLEY PARK,IL,US,,140312920,140312920,ShipTo,District,REGIONAL TRANSPORTATION AUTHORITY (COOK),,,,,,,,,,,,,0.13,0.01,Tax,Local Sales and Use Tax,Taxable,0,13.08
,,,,2024-04-12+21:42:45,2024-04-13+00:00,Amazon.com,,AFN,,,SHIPMENT,MarketplaceFacilitator,Amazon,,1,USD,,,,13.08,FALSE,13.08,0,1.08,,,TX,,,441130000,DALLAS,TX,US,,441130760,441130760,ShipTo,State,TX,,,,,,,,,,,,,0.82,0.0625,Tax,Sales and Use Tax,Taxable,0,13.08
,,,,2024-04-12+21:42:45,2024-04-13+00:00,Amazon.com,,AFN,,,SHIPMENT,MarketplaceFacilitator,Amazon,,1,USD,,,,13.08,FALSE,13.08,,,,,TX,,,441130000,DALLAS,TX,US,,441130760,441130760,ShipTo,City,DALLAS,,,,,,,,,,,,,0.13,0.01,Tax,Local Sales and Use Tax,Taxable,0,13.08
,,,,2024-04-12+21:42:45,2024-04-13+00:00,Amazon.com,,AFN,,,SHIPMENT,MarketplaceFacilitator,Amazon,,1,USD,,,,13.08,FALSE,13.08,,,,,TX,,,441130000,DALLAS,TX,US,,441130760,441130760,ShipTo,County,NOT APPLICABLE,,,,,,,,,,,,,0,0,Tax,,ZeroRated,13.08,0
,,,,2024-04-12+21:42:45,2024-04-13+00:00,Amazon.com,,AFN,,,SHIPMENT,MarketplaceFacilitator,Amazon,,1,USD,,,,13.08,FALSE,13.08,,,,,TX,,,441130000,DALLAS,TX,US,,441130760,441130760,ShipTo,District,DALLAS METROPOLITAN TRANSIT AUTHORITY,,,,,,,,,,,,,0.13,0.01,Tax,Local Sales and Use Tax,Taxable,0,13.08
,,,,2024-04-12+20:25:14,2024-04-13+00:00,Amazon.com,,AFN,,,SHIPMENT,MarketplaceFacilitator,Amazon,,1,USD,,,,13.08,FALSE,13.08,0,0.78,,,IL,,,140311790,BROWNSTOWN TWP,MI,US,,231636005,231636005,ShipTo,State,MI,,,,,,,,,,,,,0.78,0.06,Tax,Sales and Use Tax,Taxable,0,13.08
,,,,2024-04-12+20:25:14,2024-04-13+00:00,Amazon.com,,AFN,,,SHIPMENT,MarketplaceFacilitator,Amazon,,1,USD,,,,13.08,FALSE,13.08,,,,,IL,,,140311790,BROWNSTOWN TWP,MI,US,,231636005,231636005,ShipTo,City,NOT APPLICABLE,,,,,,,,,,,,,0,0,Tax,,ZeroRated,13.08,0
,,,,2024-04-12+20:25:14,2024-04-13+00:00,Amazon.com,,AFN,,,SHIPMENT,MarketplaceFacilitator,Amazon,,1,USD,,,,13.08,FALSE,13.08,,,,,IL,,,140311790,BROWNSTOWN TWP,MI,US,,231636005,231636005,ShipTo,County,NOT APPLICABLE,,,,,,,,,,,,,0,0,Tax,,ZeroRated,13.08,0
,,,,2024-04-12+20:25:14,2024-04-13+00:00,Amazon.com,,AFN,,,SHIPMENT,MarketplaceFacilitator,Amazon,,1,USD,,,,13.08,FALSE,13.08,,,,,IL,,,140311790,BROWNSTOWN TWP,MI,US,,231636005,231636005,ShipTo,District,NOT APPLICABLE,,,,,,,,,,,,,0,0,Tax,,ZeroRated,13.08,0
,,,,2024-04-11+21:05:52,2024-04-13+00:00,Amazon.com,,AFN,,,SHIPMENT,MarketplaceFacilitator,Amazon,,1,USD,,,,0.75,FALSE,0.75,0,0,,,WA,,,480330320,KIRKLAND,WA,US,,480330330,480330330,ShipTo,State,WA,,,Y,0,0,-0.75,PromotionIdAndCouponCode,0,,Self Funded,ReductionInTaxableBasis,,0,0.065,Tax,Retail Sales and Use Tax,Taxable,0,0
,,,,2024-04-11+21:05:52,2024-04-13+00:00,Amazon.com,,AFN,,,SHIPMENT,MarketplaceFacilitator,Amazon,,1,USD,,,,0.75,FALSE,0.75,,,,,WA,,,480330320,KIRKLAND,WA,US,,480330330,480330330,ShipTo,City,KIRKLAND,,,Y,0,0,-0.75,PromotionIdAndCouponCode,0,,Self Funded,ReductionInTaxableBasis,,0,0.024,Tax,Local Sales and Use Tax,Taxable,0,0
,,,,2024-04-11+21:05:52,2024-04-13+00:00,Amazon.com,,AFN,,,SHIPMENT,MarketplaceFacilitator,Amazon,,1,USD,,,,0.75,FALSE,0.75,,,,,WA,,,480330320,KIRKLAND,WA,US,,480330330,480330330,ShipTo,County,KING,,,Y,0,0,-0.75,PromotionIdAndCouponCode,0,,Self Funded,ReductionInTaxableBasis,,0,0,Tax,Local Sales and Use Tax,NonTaxable,0,0
,,,,2024-04-11+21:05:52,2024-04-13+00:00,Amazon.com,,AFN,,,SHIPMENT,MarketplaceFacilitator,Amazon,,1,USD,,,,0.75,FALSE,0.75,,,,,WA,,,480330320,KIRKLAND,WA,US,,480330330,480330330,ShipTo,District,REGIONAL TRANSIT AUTHORITY,,,Y,0,0,-0.75,PromotionIdAndCouponCode,0,,Self Funded,ReductionInTaxableBasis,,0,0.014,Tax,Local Sales and Use Tax,Taxable,0,0
,,,,2024-04-11+21:05:52,2024-04-13+00:00,Amazon.com,,AFN,,,SHIPMENT,MarketplaceFacilitator,Amazon,,1,USD,,,,14.08,FALSE,14.08,0,1.45,,,WA,,,480330320,KIRKLAND,WA,US,,480330330,480330330,ShipTo,State,WA,,,,,,,,,,,,,0.91,0.065,Tax,Retail Sales and Use Tax,Taxable,0,14.08
,,,,2024-04-11+21:05:52,2024-04-13+00:00,Amazon.com,,AFN,,,SHIPMENT,MarketplaceFacilitator,Amazon,,1,USD,,,,14.08,FALSE,14.08,,,,,WA,,,480330320,KIRKLAND,WA,US,,480330330,480330330,ShipTo,City,KIRKLAND,,,,,,,,,,,,,0.34,0.024,Tax,Local Sales and Use Tax,Taxable,0,14.08
,,,,2024-04-11+21:05:52,2024-04-13+00:00,Amazon.com,,AFN,,,SHIPMENT,MarketplaceFacilitator,Amazon,,1,USD,,,,14.08,FALSE,14.08,,,,,WA,,,480330320,KIRKLAND,WA,US,,480330330,480330330,ShipTo,County,KING,,,,,,,,,,,,,0,0,Tax,Local Sales and Use Tax,NonTaxable,14.08,0
,,,,2024-04-11+21:05:52,2024-04-13+00:00,Amazon.com,,AFN,,,SHIPMENT,MarketplaceFacilitator,Amazon,,1,USD,,,,14.08,FALSE,14.08,,,,,WA,,,480330320,KIRKLAND,WA,US,,480330330,480330330,ShipTo,District,REGIONAL TRANSIT AUTHORITY,,,,,,,,,,,,,0.2,0.014,Tax,Local Sales and Use Tax,Taxable,0,14.08
,,,,2024-04-12+07:56:08,2024-04-13+00:00,Amazon.com,,AFN,,,SHIPMENT,MarketplaceFacilitator,Amazon,,1,USD,,,,13.08,FALSE,13.08,0,1.11,,,CA,,,470590000,GRASS VALLEY,CA,US,,050571380,050571380,ShipTo,State,CA,,,,,,,,,,,,,0.79,0.06,Tax,Sales and Use Tax,Taxable,0,13.08
,,,,2024-04-12+07:56:08,2024-04-13+00:00,Amazon.com,,AFN,,,SHIPMENT,MarketplaceFacilitator,Amazon,,1,USD,,,,13.08,FALSE,13.08,,,,,CA,,,470590000,GRASS VALLEY,CA,US,,050571380,050571380,ShipTo,City,NOT APPLICABLE,,,,,,,,,,,,,0,0,Tax,,ZeroRated,13.08,0
,,,,2024-04-12+07:56:08,2024-04-13+00:00,Amazon.com,,AFN,,,SHIPMENT,MarketplaceFacilitator,Amazon,,1,USD,,,,13.08,FALSE,13.08,,,,,CA,,,470590000,GRASS VALLEY,CA,US,,050571380,050571380,ShipTo,County,NEVADA,,,,,,,,,,,,,0.16,0.0125,Tax,Local Sales and Use Tax,Taxable,0,13.08
,,,,2024-04-12+07:56:08,2024-04-13+00:00,Amazon.com,,AFN,,,SHIPMENT,MarketplaceFacilitator,Amazon,,1,USD,,,,13.08,FALSE,13.08,,,,,CA,,,470590000,GRASS VALLEY,CA,US,,050571380,050571380,ShipTo,District,TRANSACTIONS AND USE TAX (GRVG),,,,,,,,,,,,,0.13,0.01,Tax,Local Sales and Use Tax,Taxable,0,13.08
,,,,2024-04-12+07:56:08,2024-04-13+00:00,Amazon.com,,AFN,,,SHIPMENT,MarketplaceFacilitator,Amazon,,1,USD,,,,13.08,FALSE,13.08,,,,,CA,,,470590000,GRASS VALLEY,CA,US,,050571380,050571380,ShipTo,District,TRANSACTIONS AND USE TAX (NEVL),,,,,,,,,,,,,0.03,0.0025,Tax,Local Sales and Use Tax,Taxable,0,13.08
,,,,2024-04-13+05:24:25,2024-04-13+00:00,Amazon.com,,AFN,,,SHIPMENT,MarketplaceFacilitator,Amazon,,1,USD,,,,13.08,FALSE,13.08,0,1.14,,,NJ,,,310230066,BUFFALO,NY,US,,330290000,330290000,ShipTo,State,NY,,,,,,,,,,,,,0.52,0.04,Tax,Sales and Compensating Use Tax,Taxable,0,13.08
,,,,2024-04-13+05:24:25,2024-04-13+00:00,Amazon.com,,AFN,,,SHIPMENT,MarketplaceFacilitator,Amazon,,1,USD,,,,13.08,FALSE,13.08,,,,,NJ,,,310230066,BUFFALO,NY,US,,330290000,330290000,ShipTo,City,NOT APPLICABLE,,,,,,,,,,,,,0,0,Tax,,ZeroRated,13.08,0
,,,,2024-04-13+05:24:25,2024-04-13+00:00,Amazon.com,,AFN,,,SHIPMENT,MarketplaceFacilitator,Amazon,,1,USD,,,,13.08,FALSE,13.08,,,,,NJ,,,310230066,BUFFALO,NY,US,,330290000,330290000,ShipTo,County,ERIE,,,,,,,,,,,,,0.62,0.0475,Tax,Local Sales and Use Tax,Taxable,0,13.08
,,,,2024-04-13+05:24:25,2024-04-13+00:00,Amazon.com,,AFN,,,SHIPMENT,MarketplaceFacilitator,Amazon,,1,USD,,,,13.08,FALSE,13.08,,,,,NJ,,,310230066,BUFFALO,NY,US,,330290000,330290000,ShipTo,District,NOT APPLICABLE,,,,,,,,,,,,,0,0,Tax,,ZeroRated,13.08,0
,,,,2024-04-13+07:34:57,2024-04-13+00:00,Amazon.com,,AFN,,,SHIPMENT,MarketplaceFacilitator,Amazon,,1,USD,,,,16.75,FALSE,16.75,0,1.3,,,TX,,,441418718,ROSSMOOR,CA,US,,050590000,050590000,ShipTo,State,CA,,,,,,,,,,,,,1.01,0.06,Tax,Sales and Use Tax,Taxable,0,16.75
,,,,2024-04-13+07:34:57,2024-04-13+00:00,Amazon.com,,AFN,,,SHIPMENT,MarketplaceFacilitator,Amazon,,1,USD,,,,16.75,FALSE,16.75,,,,,TX,,,441418718,ROSSMOOR,CA,US,,050590000,050590000,ShipTo,City,NOT APPLICABLE,,,,,,,,,,,,,0,0,Tax,,ZeroRated,16.75,0
,,,,2024-04-13+07:34:57,2024-04-13+00:00,Amazon.com,,AFN,,,SHIPMENT,MarketplaceFacilitator,Amazon,,1,USD,,,,16.75,FALSE,16.75,,,,,TX,,,441418718,ROSSMOOR,CA,US,,050590000,050590000,ShipTo,County,ORANGE,,,,,,,,,,,,,0.21,0.0125,Tax,Local Sales and Use Tax,Taxable,0,16.75
,,,,2024-04-13+07:34:57,2024-04-13+00:00,Amazon.com,,AFN,,,SHIPMENT,MarketplaceFacilitator,Amazon,,1,USD,,,,16.75,FALSE,16.75,,,,,TX,,,441418718,ROSSMOOR,CA,US,,050590000,050590000,ShipTo,District,TRANSPORTATION AUTHORITY (OCTA),,,,,,,,,,,,,0.08,0.005,Tax,Local Sales and Use Tax,Taxable,0,16.75
,,,,2024-04-13+02:56:02,2024-04-13+00:00,Amazon.com,,AFN,,,SHIPMENT,MarketplaceFacilitator,Amazon,,1,USD,,,,12.08,FALSE,12.08,0,1.15,,,CA,,,470590000,LOS ANGELES,CA,US,,050371900,050371900,ShipTo,State,CA,,,,,,,,,,,,,0.73,0.06,Tax,Sales and Use Tax,Taxable,0,12.08
,,,,2024-04-13+02:56:02,2024-04-13+00:00,Amazon.com,,AFN,,,SHIPMENT,MarketplaceFacilitator,Amazon,,1,USD,,,,12.08,FALSE,12.08,,,,,CA,,,470590000,LOS ANGELES,CA,US,,050371900,050371900,ShipTo,City,NOT APPLICABLE,,,,,,,,,,,,,0,0,Tax,,ZeroRated,12.08,0
,,,,2024-04-13+02:56:02,2024-04-13+00:00,Amazon.com,,AFN,,,SHIPMENT,MarketplaceFacilitator,Amazon,,1,USD,,,,12.08,FALSE,12.08,,,,,CA,,,470590000,LOS ANGELES,CA,US,,050371900,050371900,ShipTo,County,LOS ANGELES,,,,,,,,,,,,,0.15,0.0125,Tax,Local Sales and Use Tax,Taxable,0,12.08
,,,,2024-04-13+02:56:02,2024-04-13+00:00,Amazon.com,,AFN,,,SHIPMENT,MarketplaceFacilitator,Amazon,,1,USD,,,,12.08,FALSE,12.08,,,,,CA,,,470590000,LOS ANGELES,CA,US,,050371900,050371900,ShipTo,District,MEASURE H TRANSACTIONS AND USE TAX (LACH),,,,,,,,,,,,,0.03,0.0025,Tax,Local Sales and Use Tax,Taxable,0,12.08
,,,,2024-04-13+02:56:02,2024-04-13+00:00,Amazon.com,,AFN,,,SHIPMENT,MarketplaceFacilitator,Amazon,,1,USD,,,,12.08,FALSE,12.08,,,,,CA,,,470590000,LOS ANGELES,CA,US,,050371900,050371900,ShipTo,District,METROPOLITAN TRANSIT DISTRICT (LAMT),,,,,,,,,,,,,0.06,0.005,Tax,Local Sales and Use Tax,Taxable,0,12.08
,,,,2024-04-13+02:56:02,2024-04-13+00:00,Amazon.com,,AFN,,,SHIPMENT,MarketplaceFacilitator,Amazon,,1,USD,,,,12.08,FALSE,12.08,,,,,CA,,,470590000,LOS ANGELES,CA,US,,050371900,050371900,ShipTo,District,TRANSACTIONS AND USE TAX (LAMA),,,,,,,,,,,,,0.06,0.005,Tax,Local Sales and Use Tax,Taxable,0,12.08
,,,,2024-04-13+02:56:02,2024-04-13+00:00,Amazon.com,,AFN,,,SHIPMENT,MarketplaceFacilitator,Amazon,,1,USD,,,,12.08,FALSE,12.08,,,,,CA,,,470590000,LOS ANGELES,CA,US,,050371900,050371900,ShipTo,District,TRANSIT DISTRICT (LACT),,,,,,,,,,,,,0.06,0.005,Tax,Local Sales and Use Tax,Taxable,0,12.08
,,,,2024-04-13+02:56:02,2024-04-13+00:00,Amazon.com,,AFN,,,SHIPMENT,MarketplaceFacilitator,Amazon,,1,USD,,,,12.08,FALSE,12.08,,,,,CA,,,470590000,LOS ANGELES,CA,US,,050371900,050371900,ShipTo,District,TRANSPORTATION COMMISSION (LATC),,,,,,,,,,,,,0.06,0.005,Tax,Local Sales and Use Tax,Taxable,0,12.08
,,,,2024-04-13+14:55:58,2024-04-13+00:00,Amazon.com,,AFN,,,SHIPMENT,MarketplaceFacilitator,Amazon,,1,USD,,,,16.75,FALSE,16.75,0,1.38,,,CA,,,470590000,VISTA,CA,US,,050733700,050733700,ShipTo,State,CA,,,,,,,,,,,,,1.01,0.06,Tax,Sales and Use Tax,Taxable,0,16.75
,,,,2024-04-13+14:55:58,2024-04-13+00:00,Amazon.com,,AFN,,,SHIPMENT,MarketplaceFacilitator,Amazon,,1,USD,,,,16.75,FALSE,16.75,,,,,CA,,,470590000,VISTA,CA,US,,050733700,050733700,ShipTo,City,NOT APPLICABLE,,,,,,,,,,,,,0,0,Tax,,ZeroRated,16.75,0
,,,,2024-04-13+14:55:58,2024-04-13+00:00,Amazon.com,,AFN,,,SHIPMENT,MarketplaceFacilitator,Amazon,,1,USD,,,,16.75,FALSE,16.75,,,,,CA,,,470590000,VISTA,CA,US,,050733700,050733700,ShipTo,County,SAN DIEGO,,,,,,,,,,,,,0.21,0.0125,Tax,Local Sales and Use Tax,Taxable,0,16.75
,,,,2024-04-13+14:55:58,2024-04-13+00:00,Amazon.com,,AFN,,,SHIPMENT,MarketplaceFacilitator,Amazon,,1,USD,,,,16.75,FALSE,16.75,,,,,CA,,,470590000,VISTA,CA,US,,050733700,050733700,ShipTo,District,REGIONAL TRANSPORTATION COMMISSION (SDCT),,,,,,,,,,,,,0.08,0.005,Tax,Local Sales and Use Tax,Taxable,0,16.75
,,,,2024-04-13+14:55:58,2024-04-13+00:00,Amazon.com,,AFN,,,SHIPMENT,MarketplaceFacilitator,Amazon,,1,USD,,,,16.75,FALSE,16.75,,,,,CA,,,470590000,VISTA,CA,US,,050733700,050733700,ShipTo,District,TRANSACTIONS AND USE TAX (VSTA),,,,,,,,,,,,,0.08,0.005,Tax,Local Sales and Use Tax,Taxable,0,16.75
,,,,2024-04-13+17:21:47,2024-04-14+00:00,Amazon.com,,AFN,,,SHIPMENT,MarketplaceFacilitator,Amazon,,1,USD,,,,14.99,FALSE,14.99,0,1.53,,,UT,,,450350270,BELLEVUE,WA,US,,480330040,480330040,ShipTo,State,WA,,,,,,,,,,,,,0.98,0.065,Tax,Retail Sales and Use Tax,Taxable,0,14.99
,,,,2024-04-13+17:21:47,2024-04-14+00:00,Amazon.com,,AFN,,,SHIPMENT,MarketplaceFacilitator,Amazon,,1,USD,,,,14.99,FALSE,14.99,,,,,UT,,,450350270,BELLEVUE,WA,US,,480330040,480330040,ShipTo,City,BELLEVUE,,,,,,,,,,,,,0.34,0.023,Tax,Local Sales and Use Tax,Taxable,0,14.99
,,,,2024-04-13+17:21:47,2024-04-14+00:00,Amazon.com,,AFN,,,SHIPMENT,MarketplaceFacilitator,Amazon,,1,USD,,,,14.99,FALSE,14.99,,,,,UT,,,450350270,BELLEVUE,WA,US,,480330040,480330040,ShipTo,County,KING,,,,,,,,,,,,,0,0,Tax,Local Sales and Use Tax,NonTaxable,14.99,0
,,,,2024-04-13+17:21:47,2024-04-14+00:00,Amazon.com,,AFN,,,SHIPMENT,MarketplaceFacilitator,Amazon,,1,USD,,,,14.99,FALSE,14.99,,,,,UT,,,450350270,BELLEVUE,WA,US,,480330040,480330040,ShipTo,District,REGIONAL TRANSIT AUTHORITY,,,,,,,,,,,,,0.21,0.014,Tax,Local Sales and Use Tax,Taxable,0,14.99
,,,,2024-04-13+14:11:58,2024-04-14+00:00,Amazon.com,,AFN,,,SHIPMENT,MarketplaceFacilitator,Amazon,,1,USD,,,,2.58,FALSE,2.58,0,0,,,NC,,,341830000,BOCA RATON,FL,US,,100990110,100990110,ShipTo,State,FL,,,Y,0,0,-2.58,PromotionIdAndCouponCode,0,,Self Funded,ReductionInTaxableBasis,,0,0,Tax,Sales and Use Tax,NonTaxable,0,0
,,,,2024-04-13+14:11:58,2024-04-14+00:00,Amazon.com,,AFN,,,SHIPMENT,MarketplaceFacilitator,Amazon,,1,USD,,,,2.58,FALSE,2.58,,,,,NC,,,341830000,BOCA RATON,FL,US,,100990110,100990110,ShipTo,City,NOT APPLICABLE,,,Y,0,0,-2.58,PromotionIdAndCouponCode,0,,Self Funded,ReductionInTaxableBasis,,0,0,Tax,,NonTaxable,0,0
,,,,2024-04-13+14:11:58,2024-04-14+00:00,Amazon.com,,AFN,,,SHIPMENT,MarketplaceFacilitator,Amazon,,1,USD,,,,2.58,FALSE,2.58,,,,,NC,,,341830000,BOCA RATON,FL,US,,100990110,100990110,ShipTo,County,PALM BEACH,,,Y,0,0,-2.58,PromotionIdAndCouponCode,0,,Self Funded,ReductionInTaxableBasis,,0,0,Tax,Local Sales and Use Tax (Discretionary Sales Surtax),NonTaxable,0,0
,,,,2024-04-13+14:11:58,2024-04-14+00:00,Amazon.com,,AFN,,,SHIPMENT,MarketplaceFacilitator,Amazon,,1,USD,,,,2.58,FALSE,2.58,,,,,NC,,,341830000,BOCA RATON,FL,US,,100990110,100990110,ShipTo,District,NOT APPLICABLE,,,Y,0,0,-2.58,PromotionIdAndCouponCode,0,,Self Funded,ReductionInTaxableBasis,,0,0,Tax,,NonTaxable,0,0
,,,,2024-04-13+14:11:58,2024-04-14+00:00,Amazon.com,,AFN,,,SHIPMENT,MarketplaceFacilitator,Amazon,,1,USD,,,,14.5,FALSE,14.5,0,1.02,,,NC,,,341830000,BOCA RATON,FL,US,,100990110,100990110,ShipTo,State,FL,,,,,,,,,,,,,0.87,0.06,Tax,Sales and Use Tax,Taxable,0,14.5
,,,,2024-04-13+14:11:58,2024-04-14+00:00,Amazon.com,,AFN,,,SHIPMENT,MarketplaceFacilitator,Amazon,,1,USD,,,,14.5,FALSE,14.5,,,,,NC,,,341830000,BOCA RATON,FL,US,,100990110,100990110,ShipTo,City,NOT APPLICABLE,,,,,,,,,,,,,0,0,Tax,,ZeroRated,14.5,0
,,,,2024-04-13+14:11:58,2024-04-14+00:00,Amazon.com,,AFN,,,SHIPMENT,MarketplaceFacilitator,Amazon,,1,USD,,,,14.5,FALSE,14.5,,,,,NC,,,341830000,BOCA RATON,FL,US,,100990110,100990110,ShipTo,County,PALM BEACH,,,,,,,,,,,,,0.15,0.01,Tax,Local Sales and Use Tax (Discretionary Sales Surtax),Taxable,0,14.5
,,,,2024-04-13+14:11:58,2024-04-14+00:00,Amazon.com,,AFN,,,SHIPMENT,MarketplaceFacilitator,Amazon,,1,USD,,,,14.5,FALSE,14.5,,,,,NC,,,341830000,BOCA RATON,FL,US,,100990110,100990110,ShipTo,District,NOT APPLICABLE,,,,,,,,,,,,,0,0,Tax,,ZeroRated,14.5,0
,,,,2024-04-14+04:02:02,2024-04-14+00:00,Amazon.com,,AFN,,,SHIPMENT,MarketplaceFacilitator,Amazon,,1,USD,,,,16.75,FALSE,16.75,0,1.01,,,MD,,,210050000,BALTIMORE,MD,US,,215100040,215100040,ShipTo,State,MD,,,,,,,,,,,,,1.01,0.06,Tax,Sales and Use Tax,Taxable,0,16.75
,,,,2024-04-14+04:02:02,2024-04-14+00:00,Amazon.com,,AFN,,,SHIPMENT,MarketplaceFacilitator,Amazon,,1,USD,,,,16.75,FALSE,16.75,,,,,MD,,,210050000,BALTIMORE,MD,US,,215100040,215100040,ShipTo,City,NOT APPLICABLE,,,,,,,,,,,,,0,0,Tax,,ZeroRated,16.75,0
,,,,2024-04-14+04:02:02,2024-04-14+00:00,Amazon.com,,AFN,,,SHIPMENT,MarketplaceFacilitator,Amazon,,1,USD,,,,16.75,FALSE,16.75,,,,,MD,,,210050000,BALTIMORE,MD,US,,215100040,215100040,ShipTo,County,NOT APPLICABLE,,,,,,,,,,,,,0,0,Tax,,ZeroRated,16.75,0
,,,,2024-04-14+04:02:02,2024-04-14+00:00,Amazon.com,,AFN,,,SHIPMENT,MarketplaceFacilitator,Amazon,,1,USD,,,,16.75,FALSE,16.75,,,,,MD,,,210050000,BALTIMORE,MD,US,,215100040,215100040,ShipTo,District,NOT APPLICABLE,,,,,,,,,,,,,0,0,Tax,,ZeroRated,16.75,0
,,,,2024-04-13+19:43:52,2024-04-14+00:00,Amazon.com,,AFN,,,SHIPMENT,MarketplaceFacilitator,Amazon,,1,USD,,,,16.75,FALSE,16.75,0,1.38,,,TX,,,444535425,AUSTIN,TX,US,,444530150,444530150,ShipTo,State,TX,,,,,,,,,,,,,1.04,0.0625,Tax,Sales and Use Tax,Taxable,0,16.75
,,,,2024-04-13+19:43:52,2024-04-14+00:00,Amazon.com,,AFN,,,SHIPMENT,MarketplaceFacilitator,Amazon,,1,USD,,,,16.75,FALSE,16.75,,,,,TX,,,444535425,AUSTIN,TX,US,,444530150,444530150,ShipTo,City,AUSTIN,,,,,,,,,,,,,0.17,0.01,Tax,Local Sales and Use Tax,Taxable,0,16.75
,,,,2024-04-13+19:43:52,2024-04-14+00:00,Amazon.com,,AFN,,,SHIPMENT,MarketplaceFacilitator,Amazon,,1,USD,,,,16.75,FALSE,16.75,,,,,TX,,,444535425,AUSTIN,TX,US,,444530150,444530150,ShipTo,County,NOT APPLICABLE,,,,,,,,,,,,,0,0,Tax,,ZeroRated,16.75,0
,,,,2024-04-13+19:43:52,2024-04-14+00:00,Amazon.com,,AFN,,,SHIPMENT,MarketplaceFacilitator,Amazon,,1,USD,,,,16.75,FALSE,16.75,,,,,TX,,,444535425,AUSTIN,TX,US,,444530150,444530150,ShipTo,District,AUSTIN METROPOLITAN TRANSIT AUTHORITY,,,,,,,,,,,,,0.17,0.01,Tax,Local Sales and Use Tax,Taxable,0,16.75
,,,,2024-04-13+15:45:09,2024-04-14+00:00,Amazon.com,,AFN,,,SHIPMENT,MarketplaceFacilitator,Amazon,,1,USD,,,,16.75,FALSE,16.75,0,1.25,,,SD,,,470590000,KANSAS CITY,MO,US,,260955900,260955900,ShipTo,State,MO,,,,,,,,,,,,,0.71,0.04225,Tax,Sales and Use Tax,Taxable,0,16.75
,,,,2024-04-13+15:45:09,2024-04-14+00:00,Amazon.com,,AFN,,,SHIPMENT,MarketplaceFacilitator,Amazon,,1,USD,,,,16.75,FALSE,16.75,,,,,SD,,,470590000,KANSAS CITY,MO,US,,260955900,260955900,ShipTo,City,KANSAS CITY,,,,,,,,,,,,,0.54,0.0325,Tax,Local Sales and Use Tax,Taxable,0,16.75
,,,,2024-04-13+15:45:09,2024-04-14+00:00,Amazon.com,,AFN,,,SHIPMENT,MarketplaceFacilitator,Amazon,,1,USD,,,,16.75,FALSE,16.75,,,,,SD,,,470590000,KANSAS CITY,MO,US,,260955900,260955900,ShipTo,County,NOT APPLICABLE,,,,,,,,,,,,,0,0,Tax,,ZeroRated,16.75,0
,,,,2024-04-13+15:45:09,2024-04-14+00:00,Amazon.com,,AFN,,,SHIPMENT,MarketplaceFacilitator,Amazon,,1,USD,,,,16.75,FALSE,16.75,,,,,SD,,,470590000,KANSAS CITY,MO,US,,260955900,260955900,ShipTo,District,NOT APPLICABLE,,,,,,,,,,,,,0,0,Tax,,ZeroRated,16.75,0
,,,,2024-04-14+01:26:24,2024-04-14+00:00,Amazon.com,,AFN,,,SHIPMENT,MarketplaceFacilitator,Amazon,,1,USD,,,,13.08,FALSE,13.08,0,1.1,,,CA,,,470590000,FAIRFIELD,CA,US,,050951170,050951170,ShipTo,State,CA,,,,,,,,,,,,,0.79,0.06,Tax,Sales and Use Tax,Taxable,0,13.08
,,,,2024-04-14+01:26:24,2024-04-14+00:00,Amazon.com,,AFN,,,SHIPMENT,MarketplaceFacilitator,Amazon,,1,USD,,,,13.08,FALSE,13.08,,,,,CA,,,470590000,FAIRFIELD,CA,US,,050951170,050951170,ShipTo,City,NOT APPLICABLE,,,,,,,,,,,,,0,0,Tax,,ZeroRated,13.08,0
,,,,2024-04-14+01:26:24,2024-04-14+00:00,Amazon.com,,AFN,,,SHIPMENT,MarketplaceFacilitator,Amazon,,1,USD,,,,13.08,FALSE,13.08,,,,,CA,,,470590000,FAIRFIELD,CA,US,,050951170,050951170,ShipTo,County,SOLANO,,,,,,,,,,,,,0.16,0.0125,Tax,Local Sales and Use Tax,Taxable,0,13.08
,,,,2024-04-14+01:26:24,2024-04-14+00:00,Amazon.com,,AFN,,,SHIPMENT,MarketplaceFacilitator,Amazon,,1,USD,,,,13.08,FALSE,13.08,,,,,CA,,,470590000,FAIRFIELD,CA,US,,050951170,050951170,ShipTo,District,PUBLIC LIBRARY DISTRICT (SLPL),,,,,,,,,,,,,0.02,0.00125,Tax,Local Sales and Use Tax,Taxable,0,13.08
,,,,2024-04-14+01:26:24,2024-04-14+00:00,Amazon.com,,AFN,,,SHIPMENT,MarketplaceFacilitator,Amazon,,1,USD,,,,13.08,FALSE,13.08,,,,,CA,,,470590000,FAIRFIELD,CA,US,,050951170,050951170,ShipTo,District,TRANSACTIONS AND USE TAX (FLDG),,,,,,,,,,,,,0.13,0.01,Tax,Local Sales and Use Tax,Taxable,0,13.08
,,,,2024-04-14+14:33:49,2024-04-14+00:00,Amazon.com,,AFN,,,SHIPMENT,MarketplaceFacilitator,Amazon,,1,USD,,,,16.75,FALSE,16.75,0,1.05,,,NJ,,,310150000,BOSTON,MA,US,,220250100,220250100,ShipTo,State,MA,,,,,,,,,,,,,1.05,0.0625,Tax,Sales and Use Tax,Taxable,0,16.75
,,,,2024-04-14+14:33:49,2024-04-14+00:00,Amazon.com,,AFN,,,SHIPMENT,MarketplaceFacilitator,Amazon,,1,USD,,,,16.75,FALSE,16.75,,,,,NJ,,,310150000,BOSTON,MA,US,,220250100,220250100,ShipTo,City,NOT APPLICABLE,,,,,,,,,,,,,0,0,Tax,,ZeroRated,16.75,0
,,,,2024-04-14+14:33:49,2024-04-14+00:00,Amazon.com,,AFN,,,SHIPMENT,MarketplaceFacilitator,Amazon,,1,USD,,,,16.75,FALSE,16.75,,,,,NJ,,,310150000,BOSTON,MA,US,,220250100,220250100,ShipTo,County,NOT APPLICABLE,,,,,,,,,,,,,0,0,Tax,,ZeroRated,16.75,0
,,,,2024-04-14+14:33:49,2024-04-14+00:00,Amazon.com,,AFN,,,SHIPMENT,MarketplaceFacilitator,Amazon,,1,USD,,,,16.75,FALSE,16.75,,,,,NJ,,,310150000,BOSTON,MA,US,,220250100,220250100,ShipTo,District,NOT APPLICABLE,,,,,,,,,,,,,0,0,Tax,,ZeroRated,16.75,0
,,,,2024-04-13+05:36:08,2024-04-15+00:00,Amazon.com,,AFN,,,SHIPMENT,MarketplaceFacilitator,Amazon,,1,USD,,,,1.63,FALSE,1.63,0,0,,,CA,,,470590000,CHINO,CA,US,,050710600,050710600,ShipTo,State,CA,,,Y,0,0,-1.63,PromotionIdAndCouponCode,0,,Self Funded,ReductionInTaxableBasis,,0,0.06,Tax,Sales and Use Tax,Taxable,0,0
,,,,2024-04-13+05:36:08,2024-04-15+00:00,Amazon.com,,AFN,,,SHIPMENT,MarketplaceFacilitator,Amazon,,1,USD,,,,1.63,FALSE,1.63,,,,,CA,,,470590000,CHINO,CA,US,,050710600,050710600,ShipTo,City,NOT APPLICABLE,,,Y,0,0,-1.63,PromotionIdAndCouponCode,0,,Self Funded,ReductionInTaxableBasis,,0,0,Tax,,NonTaxable,0,0
,,,,2024-04-13+05:36:08,2024-04-15+00:00,Amazon.com,,AFN,,,SHIPMENT,MarketplaceFacilitator,Amazon,,1,USD,,,,1.63,FALSE,1.63,,,,,CA,,,470590000,CHINO,CA,US,,050710600,050710600,ShipTo,County,SAN BERNARDINO,,,Y,0,0,-1.63,PromotionIdAndCouponCode,0,,Self Funded,ReductionInTaxableBasis,,0,0.0125,Tax,Local Sales and Use Tax,Taxable,0,0
,,,,2024-04-13+05:36:08,2024-04-15+00:00,Amazon.com,,AFN,,,SHIPMENT,MarketplaceFacilitator,Amazon,,1,USD,,,,1.63,FALSE,1.63,,,,,CA,,,470590000,CHINO,CA,US,,050710600,050710600,ShipTo,District,TRANSPORTATION AUTHORITY (SBER),,,Y,0,0,-1.63,PromotionIdAndCouponCode,0,,Self Funded,ReductionInTaxableBasis,,0,0.005,Tax,Local Sales and Use Tax,Taxable,0,0
,,,,2024-04-13+05:36:08,2024-04-15+00:00,Amazon.com,,AFN,,,SHIPMENT,MarketplaceFacilitator,Amazon,,1,USD,,,,14.08,FALSE,14.08,0,1.09,,,CA,,,470590000,CHINO,CA,US,,050710600,050710600,ShipTo,State,CA,,,,,,,,,,,,,0.84,0.06,Tax,Sales and Use Tax,Taxable,0,14.08
,,,,2024-04-13+05:36:08,2024-04-15+00:00,Amazon.com,,AFN,,,SHIPMENT,MarketplaceFacilitator,Amazon,,1,USD,,,,14.08,FALSE,14.08,,,,,CA,,,470590000,CHINO,CA,US,,050710600,050710600,ShipTo,City,NOT APPLICABLE,,,,,,,,,,,,,0,0,Tax,,ZeroRated,14.08,0
,,,,2024-04-13+05:36:08,2024-04-15+00:00,Amazon.com,,AFN,,,SHIPMENT,MarketplaceFacilitator,Amazon,,1,USD,,,,14.08,FALSE,14.08,,,,,CA,,,470590000,CHINO,CA,US,,050710600,050710600,ShipTo,County,SAN BERNARDINO,,,,,,,,,,,,,0.18,0.0125,Tax,Local Sales and Use Tax,Taxable,0,14.08
,,,,2024-04-13+05:36:08,2024-04-15+00:00,Amazon.com,,AFN,,,SHIPMENT,MarketplaceFacilitator,Amazon,,1,USD,,,,14.08,FALSE,14.08,,,,,CA,,,470590000,CHINO,CA,US,,050710600,050710600,ShipTo,District,TRANSPORTATION AUTHORITY (SBER),,,,,,,,,,,,,0.07,0.005,Tax,Local Sales and Use Tax,Taxable,0,14.08
,,,,2024-04-14+19:33:53,2024-04-15+00:00,Amazon.com,,AFN,,,SHIPMENT,MarketplaceFacilitator,Amazon,,1,USD,,,,16.75,FALSE,16.75,0,1.38,,,TX,,,444535425,TEXAS CITY,TX,US,,441672960,441672960,ShipTo,State,TX,,,,,,,,,,,,,1.05,0.0625,Tax,Sales and Use Tax,Taxable,0,16.75
,,,,2024-04-14+19:33:53,2024-04-15+00:00,Amazon.com,,AFN,,,SHIPMENT,MarketplaceFacilitator,Amazon,,1,USD,,,,16.75,FALSE,16.75,,,,,TX,,,444535425,TEXAS CITY,TX,US,,441672960,441672960,ShipTo,City,TEXAS CITY,,,,,,,,,,,,,0.33,0.02,Tax,Local Sales and Use Tax,Taxable,0,16.75
,,,,2024-04-14+19:33:53,2024-04-15+00:00,Amazon.com,,AFN,,,SHIPMENT,MarketplaceFacilitator,Amazon,,1,USD,,,,16.75,FALSE,16.75,,,,,TX,,,444535425,TEXAS CITY,TX,US,,441672960,441672960,ShipTo,County,NOT APPLICABLE,,,,,,,,,,,,,0,0,Tax,,ZeroRated,16.75,0
,,,,2024-04-14+19:33:53,2024-04-15+00:00,Amazon.com,,AFN,,,SHIPMENT,MarketplaceFacilitator,Amazon,,1,USD,,,,16.75,FALSE,16.75,,,,,TX,,,444535425,TEXAS CITY,TX,US,,441672960,441672960,ShipTo,District,NOT APPLICABLE,,,,,,,,,,,,,0,0,Tax,,ZeroRated,16.75,0
,,,,2024-04-14+19:01:46,2024-04-15+00:00,Amazon.com,,AFN,,,SHIPMENT,MarketplaceFacilitator,Amazon,,1,USD,,,,16.75,FALSE,16.75,0,1.17,,,GA,,,110511914,SAVANNAH,GA,US,,110510000,110510000,ShipTo,State,GA,,,,,,,,,,,,,0.67,0.04,Tax,Sales and Use Tax,Taxable,0,16.75
,,,,2024-04-14+19:01:46,2024-04-15+00:00,Amazon.com,,AFN,,,SHIPMENT,MarketplaceFacilitator,Amazon,,1,USD,,,,16.75,FALSE,16.75,,,,,GA,,,110511914,SAVANNAH,GA,US,,110510000,110510000,ShipTo,City,NOT APPLICABLE,,,,,,,,,,,,,0,0,Tax,,ZeroRated,16.75,0
,,,,2024-04-14+19:01:46,2024-04-15+00:00,Amazon.com,,AFN,,,SHIPMENT,MarketplaceFacilitator,Amazon,,1,USD,,,,16.75,FALSE,16.75,,,,,GA,,,110511914,SAVANNAH,GA,US,,110510000,110510000,ShipTo,County,CHATHAM,,,,,,,,,,,,,0.5,0.03,Tax,Local Sales and Use Tax,Taxable,0,16.75
,,,,2024-04-14+19:01:46,2024-04-15+00:00,Amazon.com,,AFN,,,SHIPMENT,MarketplaceFacilitator,Amazon,,1,USD,,,,16.75,FALSE,16.75,,,,,GA,,,110511914,SAVANNAH,GA,US,,110510000,110510000,ShipTo,District,NOT APPLICABLE,,,,,,,,,,,,,0,0,Tax,,ZeroRated,16.75,0
,,,,2024-04-14+19:22:32,2024-04-15+00:00,Amazon.com,,AFN,,,SHIPMENT,MarketplaceFacilitator,Amazon,,1,USD,,,,16.75,FALSE,16.75,0,1.06,,,NE,,,470590000,SPRINGFIELD,MO,US,,260771210,260771210,ShipTo,State,MO,,,,,,,,,,,,,0.71,0.04225,Tax,Sales and Use Tax,Taxable,0,16.75
,,,,2024-04-14+19:22:32,2024-04-15+00:00,Amazon.com,,AFN,,,SHIPMENT,MarketplaceFacilitator,Amazon,,1,USD,,,,16.75,FALSE,16.75,,,,,NE,,,470590000,SPRINGFIELD,MO,US,,260771210,260771210,ShipTo,City,SPRINGFIELD,,,,,,,,,,,,,0.35,0.02125,Tax,Local Sales and Use Tax,Taxable,0,16.75
,,,,2024-04-14+19:22:32,2024-04-15+00:00,Amazon.com,,AFN,,,SHIPMENT,MarketplaceFacilitator,Amazon,,1,USD,,,,16.75,FALSE,16.75,,,,,NE,,,470590000,SPRINGFIELD,MO,US,,260771210,260771210,ShipTo,County,NOT APPLICABLE,,,,,,,,,,,,,0,0,Tax,,ZeroRated,16.75,0
,,,,2024-04-14+19:22:32,2024-04-15+00:00,Amazon.com,,AFN,,,SHIPMENT,MarketplaceFacilitator,Amazon,,1,USD,,,,16.75,FALSE,16.75,,,,,NE,,,470590000,SPRINGFIELD,MO,US,,260771210,260771210,ShipTo,District,NOT APPLICABLE,,,,,,,,,,,,,0,0,Tax,,ZeroRated,16.75,0
,,,,2024-04-15+09:51:47,2024-04-15+00:00,Amazon.com,,AFN,,,SHIPMENT,MarketplaceFacilitator,Amazon,,1,USD,,,,16.75,FALSE,16.75,0,1.24,,,UT,,,450350270,ERIE,CO,US,,061231962,061231962,ShipTo,State,CO,,,,,,,,,,,,,0.48,0.029,Tax,Sales and Use Tax,Taxable,0,16.75
,,,,2024-04-15+09:51:47,2024-04-15+00:00,Amazon.com,,AFN,,,SHIPMENT,MarketplaceFacilitator,Amazon,,1,USD,,,,16.75,FALSE,16.75,,,,,UT,,,450350270,ERIE,CO,US,,061231962,061231962,ShipTo,City,ERIE,,,,,,,,,,,,,0.59,0.035,Tax,Local Sales and Use Tax,Taxable,0,16.75
,,,,2024-04-15+09:51:47,2024-04-15+00:00,Amazon.com,,AFN,,,SHIPMENT,MarketplaceFacilitator,Amazon,,1,USD,,,,16.75,FALSE,16.75,,,,,UT,,,450350270,ERIE,CO,US,,061231962,061231962,ShipTo,County,NOT APPLICABLE,,,,,,,,,,,,,0,0,Tax,,ZeroRated,16.75,0
,,,,2024-04-15+09:51:47,2024-04-15+00:00,Amazon.com,,AFN,,,SHIPMENT,MarketplaceFacilitator,Amazon,,1,USD,,,,16.75,FALSE,16.75,,,,,UT,,,450350270,ERIE,CO,US,,061231962,061231962,ShipTo,District,REGIONAL TRANSPORTATION DISTRICT,,,,,,,,,,,,,0.17,0.01,Tax,Local Sales and Use Tax,Taxable,0,16.75
,,,,2024-04-15+06:24:02,2024-04-15+00:00,Amazon.com,,AFN,,,SHIPMENT,MarketplaceFacilitator,Amazon,,1,USD,,,,16.75,FALSE,16.75,0,1.38,,,TX,,,444535425,HARLINGEN,TX,US,,440611320,440611320,ShipTo,State,TX,,,,,,,,,,,,,1.05,0.0625,Tax,Sales and Use Tax,Taxable,0,16.75
,,,,2024-04-15+06:24:02,2024-04-15+00:00,Amazon.com,,AFN,,,SHIPMENT,MarketplaceFacilitator,Amazon,,1,USD,,,,16.75,FALSE,16.75,,,,,TX,,,444535425,HARLINGEN,TX,US,,440611320,440611320,ShipTo,City,HARLINGEN,,,,,,,,,,,,,0.33,0.02,Tax,Local Sales and Use Tax,Taxable,0,16.75
,,,,2024-04-15+06:24:02,2024-04-15+00:00,Amazon.com,,AFN,,,SHIPMENT,MarketplaceFacilitator,Amazon,,1,USD,,,,16.75,FALSE,16.75,,,,,TX,,,444535425,HARLINGEN,TX,US,,440611320,440611320,ShipTo,County,NOT APPLICABLE,,,,,,,,,,,,,0,0,Tax,,ZeroRated,16.75,0
,,,,2024-04-15+06:24:02,2024-04-15+00:00,Amazon.com,,AFN,,,SHIPMENT,MarketplaceFacilitator,Amazon,,1,USD,,,,16.75,FALSE,16.75,,,,,TX,,,444535425,HARLINGEN,TX,US,,440611320,440611320,ShipTo,District,NOT APPLICABLE,,,,,,,,,,,,,0,0,Tax,,ZeroRated,16.75,0
,,,,2024-04-15+05:44:02,2024-04-15+00:00,Amazon.com,,AFN,,,SHIPMENT,MarketplaceFacilitator,Amazon,,1,USD,,,,16.75,FALSE,16.75,0,1.01,,,NJ,,,310150000,ANNAPOLIS,MD,US,,210030000,210030000,ShipTo,State,MD,,,,,,,,,,,,,1.01,0.06,Tax,Sales and Use Tax,Taxable,0,16.75
,,,,2024-04-15+05:44:02,2024-04-15+00:00,Amazon.com,,AFN,,,SHIPMENT,MarketplaceFacilitator,Amazon,,1,USD,,,,16.75,FALSE,16.75,,,,,NJ,,,310150000,ANNAPOLIS,MD,US,,210030000,210030000,ShipTo,City,NOT APPLICABLE,,,,,,,,,,,,,0,0,Tax,,ZeroRated,16.75,0
,,,,2024-04-15+05:44:02,2024-04-15+00:00,Amazon.com,,AFN,,,SHIPMENT,MarketplaceFacilitator,Amazon,,1,USD,,,,16.75,FALSE,16.75,,,,,NJ,,,310150000,ANNAPOLIS,MD,US,,210030000,210030000,ShipTo,County,NOT APPLICABLE,,,,,,,,,,,,,0,0,Tax,,ZeroRated,16.75,0
,,,,2024-04-15+05:44:02,2024-04-15+00:00,Amazon.com,,AFN,,,SHIPMENT,MarketplaceFacilitator,Amazon,,1,USD,,,,16.75,FALSE,16.75,,,,,NJ,,,310150000,ANNAPOLIS,MD,US,,210030000,210030000,ShipTo,District,NOT APPLICABLE,,,,,,,,,,,,,0,0,Tax,,ZeroRated,16.75,0
,,,,2024-04-15+13:02:08,2024-04-15+00:00,Amazon.com,,AFN,,,SHIPMENT,MarketplaceFacilitator,Amazon,,1,USD,,,,16.75,FALSE,16.75,0,1.01,,,NC,,,341830000,SILVER SPRING,MD,US,,210310000,210310000,ShipTo,State,MD,,,,,,,,,,,,,1.01,0.06,Tax,Sales and Use Tax,Taxable,0,16.75
,,,,2024-04-15+13:02:08,2024-04-15+00:00,Amazon.com,,AFN,,,SHIPMENT,MarketplaceFacilitator,Amazon,,1,USD,,,,16.75,FALSE,16.75,,,,,NC,,,341830000,SILVER SPRING,MD,US,,210310000,210310000,ShipTo,City,NOT APPLICABLE,,,,,,,,,,,,,0,0,Tax,,ZeroRated,16.75,0
,,,,2024-04-15+13:02:08,2024-04-15+00:00,Amazon.com,,AFN,,,SHIPMENT,MarketplaceFacilitator,Amazon,,1,USD,,,,16.75,FALSE,16.75,,,,,NC,,,341830000,SILVER SPRING,MD,US,,210310000,210310000,ShipTo,County,NOT APPLICABLE,,,,,,,,,,,,,0,0,Tax,,ZeroRated,16.75,0
,,,,2024-04-15+13:02:08,2024-04-15+00:00,Amazon.com,,AFN,,,SHIPMENT,MarketplaceFacilitator,Amazon,,1,USD,,,,16.75,FALSE,16.75,,,,,NC,,,341830000,SILVER SPRING,MD,US,,210310000,210310000,ShipTo,District,NOT APPLICABLE,,,,,,,,,,,,,0,0,Tax,,ZeroRated,16.75,0
,,,,2024-04-15+13:22:59,2024-04-15+00:00,Amazon.com,,AFN,,,SHIPMENT,MarketplaceFacilitator,Amazon,,1,USD,,,,16.75,FALSE,16.75,0,1.17,,,NY,,,330852010,WEST GREENWICH,RI,US,,400030573,400030573,ShipTo,State,RI,,,,,,,,,,,,,1.17,0.07,Tax,Sales and Use Tax,Taxable,0,16.75
,,,,2024-04-15+13:22:59,2024-04-15+00:00,Amazon.com,,AFN,,,SHIPMENT,MarketplaceFacilitator,Amazon,,1,USD,,,,16.75,FALSE,16.75,,,,,NY,,,330852010,WEST GREENWICH,RI,US,,400030573,400030573,ShipTo,City,NOT APPLICABLE,,,,,,,,,,,,,0,0,Tax,,ZeroRated,16.75,0
,,,,2024-04-15+13:22:59,2024-04-15+00:00,Amazon.com,,AFN,,,SHIPMENT,MarketplaceFacilitator,Amazon,,1,USD,,,,16.75,FALSE,16.75,,,,,NY,,,330852010,WEST GREENWICH,RI,US,,400030573,400030573,ShipTo,County,NOT APPLICABLE,,,,,,,,,,,,,0,0,Tax,,ZeroRated,16.75,0
,,,,2024-04-15+13:22:59,2024-04-15+00:00,Amazon.com,,AFN,,,SHIPMENT,MarketplaceFacilitator,Amazon,,1,USD,,,,16.75,FALSE,16.75,,,,,NY,,,330852010,WEST GREENWICH,RI,US,,400030573,400030573,ShipTo,District,NOT APPLICABLE,,,,,,,,,,,,,0,0,Tax,,ZeroRated,16.75,0
,,,,2024-04-15+17:12:42,2024-04-16+00:00,Amazon.com,,AFN,,,SHIPMENT,MarketplaceFacilitator,Amazon,,1,USD,,,,16.75,FALSE,16.75,0,1.31,,,NV,,,290030090,CHANDLER,AZ,US,,030130050,030130050,ShipTo,State,AZ,,,,,,,,,,,,,0.94,0.056,Tax,Transaction Privilege and Use Tax,Taxable,0,16.75
,,,,2024-04-15+17:12:42,2024-04-16+00:00,Amazon.com,,AFN,,,SHIPMENT,MarketplaceFacilitator,Amazon,,1,USD,,,,16.75,FALSE,16.75,,,,,NV,,,290030090,CHANDLER,AZ,US,,030130050,030130050,ShipTo,City,CHANDLER,,,,,,,,,,,,,0.25,0.015,Tax,Local Transaction Privilege and Use Tax,Taxable,0,16.75
,,,,2024-04-15+17:12:42,2024-04-16+00:00,Amazon.com,,AFN,,,SHIPMENT,MarketplaceFacilitator,Amazon,,1,USD,,,,16.75,FALSE,16.75,,,,,NV,,,290030090,CHANDLER,AZ,US,,030130050,030130050,ShipTo,County,MARICOPA,,,,,,,,,,,,,0.12,0.007,Tax,Local Transaction Privilege and Use Tax,Taxable,0,16.75
,,,,2024-04-15+17:12:42,2024-04-16+00:00,Amazon.com,,AFN,,,SHIPMENT,MarketplaceFacilitator,Amazon,,1,USD,,,,16.75,FALSE,16.75,,,,,NV,,,290030090,CHANDLER,AZ,US,,030130050,030130050,ShipTo,District,NOT APPLICABLE,,,,,,,,,,,,,0,0,Tax,,ZeroRated,16.75,0
,,,,2024-04-15+14:22:00,2024-04-16+00:00,Amazon.com,,AFN,,,SHIPMENT,MarketplaceFacilitator,Amazon,,1,USD,,,,16.75,FALSE,16.75,0,1.21,,,NC,,,341830000,RALEIGH,NC,US,,341830000,341830000,ShipTo,State,NC,,,,,,,,,,,,,0.8,0.0475,Tax,Sales and Use Tax,Taxable,0,16.75
,,,,2024-04-15+14:22:00,2024-04-16+00:00,Amazon.com,,AFN,,,SHIPMENT,MarketplaceFacilitator,Amazon,,1,USD,,,,16.75,FALSE,16.75,,,,,NC,,,341830000,RALEIGH,NC,US,,341830000,341830000,ShipTo,City,NOT APPLICABLE,,,,,,,,,,,,,0,0,Tax,,ZeroRated,16.75,0
,,,,2024-04-15+14:22:00,2024-04-16+00:00,Amazon.com,,AFN,,,SHIPMENT,MarketplaceFacilitator,Amazon,,1,USD,,,,16.75,FALSE,16.75,,,,,NC,,,341830000,RALEIGH,NC,US,,341830000,341830000,ShipTo,County,WAKE,,,,,,,,,,,,,0.33,0.02,Tax,Local Sales and Use Tax,Taxable,0,16.75
,,,,2024-04-15+14:22:00,2024-04-16+00:00,Amazon.com,,AFN,,,SHIPMENT,MarketplaceFacilitator,Amazon,,1,USD,,,,16.75,FALSE,16.75,,,,,NC,,,341830000,RALEIGH,NC,US,,341830000,341830000,ShipTo,District,PUBLIC TRANSPORTATION AUTHORITY,,,,,,,,,,,,,0.08,0.005,Tax,Local Sales and Use Tax,Taxable,0,16.75
,,,,2024-04-15+20:20:47,2024-04-16+00:00,Amazon.com,,AFN,,,SHIPMENT,MarketplaceFacilitator,Amazon,,1,USD,,,,2.63,FALSE,2.63,0,0,,,CA,,,470590000,VAN NUYS,CA,US,,050371900,050371900,ShipTo,State,CA,,,Y,0,0,-2.63,PromotionIdAndCouponCode,0,,Self Funded,ReductionInTaxableBasis,,0,0.06,Tax,Sales and Use Tax,Taxable,0,0
,,,,2024-04-15+20:20:47,2024-04-16+00:00,Amazon.com,,AFN,,,SHIPMENT,MarketplaceFacilitator,Amazon,,1,USD,,,,2.63,FALSE,2.63,,,,,CA,,,470590000,VAN NUYS,CA,US,,050371900,050371900,ShipTo,City,NOT APPLICABLE,,,Y,0,0,-2.63,PromotionIdAndCouponCode,0,,Self Funded,ReductionInTaxableBasis,,0,0,Tax,,NonTaxable,0,0
,,,,2024-04-15+20:20:47,2024-04-16+00:00,Amazon.com,,AFN,,,SHIPMENT,MarketplaceFacilitator,Amazon,,1,USD,,,,2.63,FALSE,2.63,,,,,CA,,,470590000,VAN NUYS,CA,US,,050371900,050371900,ShipTo,County,LOS ANGELES,,,Y,0,0,-2.63,PromotionIdAndCouponCode,0,,Self Funded,ReductionInTaxableBasis,,0,0.0125,Tax,Local Sales and Use Tax,Taxable,0,0
,,,,2024-04-15+20:20:47,2024-04-16+00:00,Amazon.com,,AFN,,,SHIPMENT,MarketplaceFacilitator,Amazon,,1,USD,,,,2.63,FALSE,2.63,,,,,CA,,,470590000,VAN NUYS,CA,US,,050371900,050371900,ShipTo,District,MEASURE H TRANSACTIONS AND USE TAX (LACH),,,Y,0,0,-2.63,PromotionIdAndCouponCode,0,,Self Funded,ReductionInTaxableBasis,,0,0.0025,Tax,Local Sales and Use Tax,Taxable,0,0
,,,,2024-04-15+20:20:47,2024-04-16+00:00,Amazon.com,,AFN,,,SHIPMENT,MarketplaceFacilitator,Amazon,,1,USD,,,,2.63,FALSE,2.63,,,,,CA,,,470590000,VAN NUYS,CA,US,,050371900,050371900,ShipTo,District,METROPOLITAN TRANSIT DISTRICT (LAMT),,,Y,0,0,-2.63,PromotionIdAndCouponCode,0,,Self Funded,ReductionInTaxableBasis,,0,0.005,Tax,Local Sales and Use Tax,Taxable,0,0
,,,,2024-04-15+20:20:47,2024-04-16+00:00,Amazon.com,,AFN,,,SHIPMENT,MarketplaceFacilitator,Amazon,,1,USD,,,,2.63,FALSE,2.63,,,,,CA,,,470590000,VAN NUYS,CA,US,,050371900,050371900,ShipTo,District,TRANSACTIONS AND USE TAX (LAMA),,,Y,0,0,-2.63,PromotionIdAndCouponCode,0,,Self Funded,ReductionInTaxableBasis,,0,0.005,Tax,Local Sales and Use Tax,Taxable,0,0
,,,,2024-04-15+20:20:47,2024-04-16+00:00,Amazon.com,,AFN,,,SHIPMENT,MarketplaceFacilitator,Amazon,,1,USD,,,,2.63,FALSE,2.63,,,,,CA,,,470590000,VAN NUYS,CA,US,,050371900,050371900,ShipTo,District,TRANSIT DISTRICT (LACT),,,Y,0,0,-2.63,PromotionIdAndCouponCode,0,,Self Funded,ReductionInTaxableBasis,,0,0.005,Tax,Local Sales and Use Tax,Taxable,0,0
,,,,2024-04-15+20:20:47,2024-04-16+00:00,Amazon.com,,AFN,,,SHIPMENT,MarketplaceFacilitator,Amazon,,1,USD,,,,2.63,FALSE,2.63,,,,,CA,,,470590000,VAN NUYS,CA,US,,050371900,050371900,ShipTo,District,TRANSPORTATION COMMISSION (LATC),,,Y,0,0,-2.63,PromotionIdAndCouponCode,0,,Self Funded,ReductionInTaxableBasis,,0,0.005,Tax,Local Sales and Use Tax,Taxable,0,0
,,,,2024-04-15+20:20:47,2024-04-16+00:00,Amazon.com,,AFN,,,SHIPMENT,MarketplaceFacilitator,Amazon,,1,USD,,,,13.08,FALSE,13.08,0,1.24,,,CA,,,470590000,VAN NUYS,CA,US,,050371900,050371900,ShipTo,State,CA,,,,,,,,,,,,,0.78,0.06,Tax,Sales and Use Tax,Taxable,0,13.08
,,,,2024-04-15+20:20:47,2024-04-16+00:00,Amazon.com,,AFN,,,SHIPMENT,MarketplaceFacilitator,Amazon,,1,USD,,,,13.08,FALSE,13.08,,,,,CA,,,470590000,VAN NUYS,CA,US,,050371900,050371900,ShipTo,City,NOT APPLICABLE,,,,,,,,,,,,,0,0,Tax,,ZeroRated,13.08,0
,,,,2024-04-15+20:20:47,2024-04-16+00:00,Amazon.com,,AFN,,,SHIPMENT,MarketplaceFacilitator,Amazon,,1,USD,,,,13.08,FALSE,13.08,,,,,CA,,,470590000,VAN NUYS,CA,US,,050371900,050371900,ShipTo,County,LOS ANGELES,,,,,,,,,,,,,0.16,0.0125,Tax,Local Sales and Use Tax,Taxable,0,13.08
,,,,2024-04-15+20:20:47,2024-04-16+00:00,Amazon.com,,AFN,,,SHIPMENT,MarketplaceFacilitator,Amazon,,1,USD,,,,13.08,FALSE,13.08,,,,,CA,,,470590000,VAN NUYS,CA,US,,050371900,050371900,ShipTo,District,MEASURE H TRANSACTIONS AND USE TAX (LACH),,,,,,,,,,,,,0.03,0.0025,Tax,Local Sales and Use Tax,Taxable,0,13.08
,,,,2024-04-15+20:20:47,2024-04-16+00:00,Amazon.com,,AFN,,,SHIPMENT,MarketplaceFacilitator,Amazon,,1,USD,,,,13.08,FALSE,13.08,,,,,CA,,,470590000,VAN NUYS,CA,US,,050371900,050371900,ShipTo,District,METROPOLITAN TRANSIT DISTRICT (LAMT),,,,,,,,,,,,,0.07,0.005,Tax,Local Sales and Use Tax,Taxable,0,13.08
,,,,2024-04-15+20:20:47,2024-04-16+00:00,Amazon.com,,AFN,,,SHIPMENT,MarketplaceFacilitator,Amazon,,1,USD,,,,13.08,FALSE,13.08,,,,,CA,,,470590000,VAN NUYS,CA,US,,050371900,050371900,ShipTo,District,TRANSACTIONS AND USE TAX (LAMA),,,,,,,,,,,,,0.06,0.005,Tax,Local Sales and Use Tax,Taxable,0,13.08
,,,,2024-04-15+20:20:47,2024-04-16+00:00,Amazon.com,,AFN,,,SHIPMENT,MarketplaceFacilitator,Amazon,,1,USD,,,,13.08,FALSE,13.08,,,,,CA,,,470590000,VAN NUYS,CA,US,,050371900,050371900,ShipTo,District,TRANSIT DISTRICT (LACT),,,,,,,,,,,,,0.07,0.005,Tax,Local Sales and Use Tax,Taxable,0,13.08
,,,,2024-04-15+20:20:47,2024-04-16+00:00,Amazon.com,,AFN,,,SHIPMENT,MarketplaceFacilitator,Amazon,,1,USD,,,,13.08,FALSE,13.08,,,,,CA,,,470590000,VAN NUYS,CA,US,,050371900,050371900,ShipTo,District,TRANSPORTATION COMMISSION (LATC),,,,,,,,,,,,,0.07,0.005,Tax,Local Sales and Use Tax,Taxable,0,13.08
,,,,2024-04-15+14:02:28,2024-04-16+00:00,Amazon.com,,AFN,,,SHIPMENT,MarketplaceFacilitator,Amazon,,1,USD,,,,16.75,FALSE,16.75,0,1.26,,,NC,,,341830000,DURHAM,NC,US,,340630270,340630270,ShipTo,State,NC,,,,,,,,,,,,,0.8,0.0475,Tax,Sales and Use Tax,Taxable,0,16.75
,,,,2024-04-15+14:02:28,2024-04-16+00:00,Amazon.com,,AFN,,,SHIPMENT,MarketplaceFacilitator,Amazon,,1,USD,,,,16.75,FALSE,16.75,,,,,NC,,,341830000,DURHAM,NC,US,,340630270,340630270,ShipTo,City,NOT APPLICABLE,,,,,,,,,,,,,0,0,Tax,,ZeroRated,16.75,0
,,,,2024-04-15+14:02:28,2024-04-16+00:00,Amazon.com,,AFN,,,SHIPMENT,MarketplaceFacilitator,Amazon,,1,USD,,,,16.75,FALSE,16.75,,,,,NC,,,341830000,DURHAM,NC,US,,340630270,340630270,ShipTo,County,DURHAM,,,,,,,,,,,,,0.38,0.0225,Tax,Local Sales and Use Tax,Taxable,0,16.75
,,,,2024-04-15+14:02:28,2024-04-16+00:00,Amazon.com,,AFN,,,SHIPMENT,MarketplaceFacilitator,Amazon,,1,USD,,,,16.75,FALSE,16.75,,,,,NC,,,341830000,DURHAM,NC,US,,340630270,340630270,ShipTo,District,PUBLIC TRANSPORTATION AUTHORITY,,,,,,,,,,,,,0.08,0.005,Tax,Local Sales and Use Tax,Taxable,0,16.75
,,,,2024-04-15+20:06:06,2024-04-16+00:00,Amazon.com,,AFN,,,SHIPMENT,MarketplaceFacilitator,Amazon,,1,USD,,,,16.75,FALSE,16.75,0,0.79,,,CA,,,050290000,HONOLULU,HI,US,,120030050,120030050,ShipTo,State,HI,,,,,,,,,,,,,0.7,0.041885,Tax,General Excise and Use Tax,Taxable,0,16.75
,,,,2024-04-15+20:06:06,2024-04-16+00:00,Amazon.com,,AFN,,,SHIPMENT,MarketplaceFacilitator,Amazon,,1,USD,,,,16.75,FALSE,16.75,,,,,CA,,,050290000,HONOLULU,HI,US,,120030050,120030050,ShipTo,City,NOT APPLICABLE,,,,,,,,,,,,,0,0,Tax,,ZeroRated,16.75,0
,,,,2024-04-15+20:06:06,2024-04-16+00:00,Amazon.com,,AFN,,,SHIPMENT,MarketplaceFacilitator,Amazon,,1,USD,,,,16.75,FALSE,16.75,,,,,CA,,,050290000,HONOLULU,HI,US,,120030050,120030050,ShipTo,County,HONOLULU,,,,,,,,,,,,,0.09,0.005235,Tax,County Surcharge Tax,Taxable,0,16.75
,,,,2024-04-15+20:06:06,2024-04-16+00:00,Amazon.com,,AFN,,,SHIPMENT,MarketplaceFacilitator,Amazon,,1,USD,,,,16.75,FALSE,16.75,,,,,CA,,,050290000,HONOLULU,HI,US,,120030050,120030050,ShipTo,District,NOT APPLICABLE,,,,,,,,,,,,,0,0,Tax,,ZeroRated,16.75,0
,,,,2024-04-15+14:46:24,2024-04-16+00:00,Amazon.com,,AFN,,,SHIPMENT,MarketplaceFacilitator,Amazon,,1,USD,,,,16.75,FALSE,16.75,0,1.26,,,FL,,,100310660,SEBRING,FL,US,,100550000,100550000,ShipTo,State,FL,,,,,,,,,,,,,1.01,0.06,Tax,Sales and Use Tax,Taxable,0,16.75
,,,,2024-04-15+14:46:24,2024-04-16+00:00,Amazon.com,,AFN,,,SHIPMENT,MarketplaceFacilitator,Amazon,,1,USD,,,,16.75,FALSE,16.75,,,,,FL,,,100310660,SEBRING,FL,US,,100550000,100550000,ShipTo,City,NOT APPLICABLE,,,,,,,,,,,,,0,0,Tax,,ZeroRated,16.75,0
,,,,2024-04-15+14:46:24,2024-04-16+00:00,Amazon.com,,AFN,,,SHIPMENT,MarketplaceFacilitator,Amazon,,1,USD,,,,16.75,FALSE,16.75,,,,,FL,,,100310660,SEBRING,FL,US,,100550000,100550000,ShipTo,County,HIGHLANDS,,,,,,,,,,,,,0.25,0.015,Tax,Local Sales and Use Tax (Discretionary Sales Surtax),Taxable,0,16.75
,,,,2024-04-15+14:46:24,2024-04-16+00:00,Amazon.com,,AFN,,,SHIPMENT,MarketplaceFacilitator,Amazon,,1,USD,,,,16.75,FALSE,16.75,,,,,FL,,,100310660,SEBRING,FL,US,,100550000,100550000,ShipTo,District,NOT APPLICABLE,,,,,,,,,,,,,0,0,Tax,,ZeroRated,16.75,0
,,,,2024-04-16+13:02:28,2024-04-16+00:00,Amazon.com,,AFN,,,SHIPMENT,MarketplaceFacilitator,Amazon,,1,USD,,,,1.49,FALSE,1.49,0,0,,,IL,,,141974702,CROWN POINT,IN,US,,150890000,150890000,ShipTo,State,IN,,,Y,0,0,-1.49,PromotionIdAndCouponCode,0,,Self Funded,ReductionInTaxableBasis,,0,0,Tax,Gross Retail and Use Tax,NonTaxable,0,0
,,,,2024-04-16+13:02:28,2024-04-16+00:00,Amazon.com,,AFN,,,SHIPMENT,MarketplaceFacilitator,Amazon,,1,USD,,,,1.49,FALSE,1.49,,,,,IL,,,141974702,CROWN POINT,IN,US,,150890000,150890000,ShipTo,City,NOT APPLICABLE,,,Y,0,0,-1.49,PromotionIdAndCouponCode,0,,Self Funded,ReductionInTaxableBasis,,0,0,Tax,,NonTaxable,0,0
,,,,2024-04-16+13:02:28,2024-04-16+00:00,Amazon.com,,AFN,,,SHIPMENT,MarketplaceFacilitator,Amazon,,1,USD,,,,1.49,FALSE,1.49,,,,,IL,,,141974702,CROWN POINT,IN,US,,150890000,150890000,ShipTo,County,NOT APPLICABLE,,,Y,0,0,-1.49,PromotionIdAndCouponCode,0,,Self Funded,ReductionInTaxableBasis,,0,0,Tax,,NonTaxable,0,0
,,,,2024-04-16+13:02:28,2024-04-16+00:00,Amazon.com,,AFN,,,SHIPMENT,MarketplaceFacilitator,Amazon,,1,USD,,,,1.49,FALSE,1.49,,,,,IL,,,141974702,CROWN POINT,IN,US,,150890000,150890000,ShipTo,District,NOT APPLICABLE,,,Y,0,0,-1.49,PromotionIdAndCouponCode,0,,Self Funded,ReductionInTaxableBasis,,0,0,Tax,,NonTaxable,0,0
,,,,2024-04-16+13:02:28,2024-04-16+00:00,Amazon.com,,AFN,,,SHIPMENT,MarketplaceFacilitator,Amazon,,1,USD,,,,16.75,FALSE,16.75,0,1.17,,,IL,,,141974702,CROWN POINT,IN,US,,150890000,150890000,ShipTo,State,IN,,,,,,,,,,,,,1.17,0.07,Tax,Gross Retail and Use Tax,Taxable,0,16.75
,,,,2024-04-16+13:02:28,2024-04-16+00:00,Amazon.com,,AFN,,,SHIPMENT,MarketplaceFacilitator,Amazon,,1,USD,,,,16.75,FALSE,16.75,,,,,IL,,,141974702,CROWN POINT,IN,US,,150890000,150890000,ShipTo,City,NOT APPLICABLE,,,,,,,,,,,,,0,0,Tax,,ZeroRated,16.75,0
,,,,2024-04-16+13:02:28,2024-04-16+00:00,Amazon.com,,AFN,,,SHIPMENT,MarketplaceFacilitator,Amazon,,1,USD,,,,16.75,FALSE,16.75,,,,,IL,,,141974702,CROWN POINT,IN,US,,150890000,150890000,ShipTo,County,NOT APPLICABLE,,,,,,,,,,,,,0,0,Tax,,ZeroRated,16.75,0
,,,,2024-04-16+13:02:28,2024-04-16+00:00,Amazon.com,,AFN,,,SHIPMENT,MarketplaceFacilitator,Amazon,,1,USD,,,,16.75,FALSE,16.75,,,,,IL,,,141974702,CROWN POINT,IN,US,,150890000,150890000,ShipTo,District,NOT APPLICABLE,,,,,,,,,,,,,0,0,Tax,,ZeroRated,16.75,0
,,,,2024-04-16+02:16:40,2024-04-16+00:00,Amazon.com,,AFN,,,SHIPMENT,MarketplaceFacilitator,Amazon,,1,USD,,,,16.75,FALSE,16.75,0,0.99,,,IL,,,140311740,GREENFIELD,WI,US,,500790380,500790380,ShipTo,State,WI,,,,,,,,,,,,,0.84,0.05,Tax,General Sales and Use Tax,Taxable,0,16.75
,,,,2024-04-16+02:16:40,2024-04-16+00:00,Amazon.com,,AFN,,,SHIPMENT,MarketplaceFacilitator,Amazon,,1,USD,,,,16.75,FALSE,16.75,,,,,IL,,,140311740,GREENFIELD,WI,US,,500790380,500790380,ShipTo,City,NOT APPLICABLE,,,,,,,,,,,,,0,0,Tax,,ZeroRated,16.75,0
,,,,2024-04-16+02:16:40,2024-04-16+00:00,Amazon.com,,AFN,,,SHIPMENT,MarketplaceFacilitator,Amazon,,1,USD,,,,16.75,FALSE,16.75,,,,,IL,,,140311740,GREENFIELD,WI,US,,500790380,500790380,ShipTo,County,MILWAUKEE,,,,,,,,,,,,,0.15,0.009,Tax,Local Sales and Use Tax,Taxable,0,16.75
,,,,2024-04-16+02:16:40,2024-04-16+00:00,Amazon.com,,AFN,,,SHIPMENT,MarketplaceFacilitator,Amazon,,1,USD,,,,16.75,FALSE,16.75,,,,,IL,,,140311740,GREENFIELD,WI,US,,500790380,500790380,ShipTo,District,NOT APPLICABLE,,,,,,,,,,,,,0,0,Tax,,ZeroRated,16.75,0
,,,,2024-04-15+20:35:35,2024-04-16+00:00,Amazon.com,,AFN,,,SHIPMENT,MarketplaceFacilitator,Amazon,,1,USD,,,,12.08,FALSE,12.08,0,0.73,,,WA,,,480330320,BOISE,ID,US,,130010030,130010030,ShipTo,State,ID,,,,,,,,,,,,,0.73,0.06,Tax,Sales and Use Tax,Taxable,0,12.08
,,,,2024-04-15+20:35:35,2024-04-16+00:00,Amazon.com,,AFN,,,SHIPMENT,MarketplaceFacilitator,Amazon,,1,USD,,,,12.08,FALSE,12.08,,,,,WA,,,480330320,BOISE,ID,US,,130010030,130010030,ShipTo,City,NOT APPLICABLE,,,,,,,,,,,,,0,0,Tax,,ZeroRated,12.08,0
,,,,2024-04-15+20:35:35,2024-04-16+00:00,Amazon.com,,AFN,,,SHIPMENT,MarketplaceFacilitator,Amazon,,1,USD,,,,12.08,FALSE,12.08,,,,,WA,,,480330320,BOISE,ID,US,,130010030,130010030,ShipTo,County,NOT APPLICABLE,,,,,,,,,,,,,0,0,Tax,,ZeroRated,12.08,0
,,,,2024-04-15+20:35:35,2024-04-16+00:00,Amazon.com,,AFN,,,SHIPMENT,MarketplaceFacilitator,Amazon,,1,USD,,,,12.08,FALSE,12.08,,,,,WA,,,480330320,BOISE,ID,US,,130010030,130010030,ShipTo,District,NOT APPLICABLE,,,,,,,,,,,,,0,0,Tax,,ZeroRated,12.08,0
,,,,2024-04-15+20:35:35,2024-04-16+00:00,Amazon.com,,AFN,,,SHIPMENT,MarketplaceFacilitator,Amazon,,1,USD,,,,2,FALSE,2,0,0,,,WA,,,480330320,BOISE,ID,US,,130010030,130010030,ShipTo,State,ID,,,Y,0,0,-2,PromotionIdAndCouponCode,0,,Self Funded,ReductionInTaxableBasis,,0,0,Tax,Sales and Use Tax,NonTaxable,0,0
,,,,2024-04-15+20:35:35,2024-04-16+00:00,Amazon.com,,AFN,,,SHIPMENT,MarketplaceFacilitator,Amazon,,1,USD,,,,2,FALSE,2,,,,,WA,,,480330320,BOISE,ID,US,,130010030,130010030,ShipTo,City,NOT APPLICABLE,,,Y,0,0,-2,PromotionIdAndCouponCode,0,,Self Funded,ReductionInTaxableBasis,,0,0,Tax,,NonTaxable,0,0
,,,,2024-04-15+20:35:35,2024-04-16+00:00,Amazon.com,,AFN,,,SHIPMENT,MarketplaceFacilitator,Amazon,,1,USD,,,,2,FALSE,2,,,,,WA,,,480330320,BOISE,ID,US,,130010030,130010030,ShipTo,County,NOT APPLICABLE,,,Y,0,0,-2,PromotionIdAndCouponCode,0,,Self Funded,ReductionInTaxableBasis,,0,0,Tax,,NonTaxable,0,0
,,,,2024-04-15+20:35:35,2024-04-16+00:00,Amazon.com,,AFN,,,SHIPMENT,MarketplaceFacilitator,Amazon,,1,USD,,,,2,FALSE,2,,,,,WA,,,480330320,BOISE,ID,US,,130010030,130010030,ShipTo,District,NOT APPLICABLE,,,Y,0,0,-2,PromotionIdAndCouponCode,0,,Self Funded,ReductionInTaxableBasis,,0,0,Tax,,NonTaxable,0,0
,,,,2024-04-16+19:37:03,2024-04-17+00:00,Amazon.com,,AFN,,,SHIPMENT,MarketplaceFacilitator,Amazon,,1,USD,,,,15.5,FALSE,15.5,0,1.16,,,IN,,,150030000,COLUMBUS,OH,US,,360490570,360490570,ShipTo,State,OH,,,,,,,,,,,,,0.89,0.0575,Tax,Sales and Use Tax,Taxable,0,15.5
,,,,2024-04-16+19:37:03,2024-04-17+00:00,Amazon.com,,AFN,,,SHIPMENT,MarketplaceFacilitator,Amazon,,1,USD,,,,15.5,FALSE,15.5,,,,,IN,,,150030000,COLUMBUS,OH,US,,360490570,360490570,ShipTo,City,NOT APPLICABLE,,,,,,,,,,,,,0,0,Tax,,ZeroRated,15.5,0
,,,,2024-04-16+19:37:03,2024-04-17+00:00,Amazon.com,,AFN,,,SHIPMENT,MarketplaceFacilitator,Amazon,,1,USD,,,,15.5,FALSE,15.5,,,,,IN,,,150030000,COLUMBUS,OH,US,,360490570,360490570,ShipTo,County,FRANKLIN,,,,,,,,,,,,,0.19,0.0125,Tax,Local Sales and Use Tax,Taxable,0,15.5
,,,,2024-04-16+19:37:03,2024-04-17+00:00,Amazon.com,,AFN,,,SHIPMENT,MarketplaceFacilitator,Amazon,,1,USD,,,,15.5,FALSE,15.5,,,,,IN,,,150030000,COLUMBUS,OH,US,,360490570,360490570,ShipTo,District,CENTRAL OHIO TRANSIT AUTHORITY,,,,,,,,,,,,,0.08,0.005,Tax,Local Sales and Use Tax,Taxable,0,15.5
,,,,2024-04-16+17:55:58,2024-04-17+00:00,Amazon.com,,AFN,,,SHIPMENT,MarketplaceFacilitator,Amazon,,1,USD,,,,0.43,FALSE,0.43,0,0,,,TX,,,444535425,AUSTIN,TX,US,,444530150,444530150,ShipTo,State,TX,,,Y,0,0,-0.43,PromotionIdAndCouponCode,0,,Self Funded,ReductionInTaxableBasis,,0,0.0625,Tax,Sales and Use Tax,Taxable,0,0
,,,,2024-04-16+17:55:58,2024-04-17+00:00,Amazon.com,,AFN,,,SHIPMENT,MarketplaceFacilitator,Amazon,,1,USD,,,,0.43,FALSE,0.43,,,,,TX,,,444535425,AUSTIN,TX,US,,444530150,444530150,ShipTo,City,AUSTIN,,,Y,0,0,-0.43,PromotionIdAndCouponCode,0,,Self Funded,ReductionInTaxableBasis,,0,0.01,Tax,Local Sales and Use Tax,Taxable,0,0
,,,,2024-04-16+17:55:58,2024-04-17+00:00,Amazon.com,,AFN,,,SHIPMENT,MarketplaceFacilitator,Amazon,,1,USD,,,,0.43,FALSE,0.43,,,,,TX,,,444535425,AUSTIN,TX,US,,444530150,444530150,ShipTo,County,NOT APPLICABLE,,,Y,0,0,-0.43,PromotionIdAndCouponCode,0,,Self Funded,ReductionInTaxableBasis,,0,0,Tax,,NonTaxable,0,0
,,,,2024-04-16+17:55:58,2024-04-17+00:00,Amazon.com,,AFN,,,SHIPMENT,MarketplaceFacilitator,Amazon,,1,USD,,,,0.43,FALSE,0.43,,,,,TX,,,444535425,AUSTIN,TX,US,,444530150,444530150,ShipTo,District,AUSTIN METROPOLITAN TRANSIT AUTHORITY,,,Y,0,0,-0.43,PromotionIdAndCouponCode,0,,Self Funded,ReductionInTaxableBasis,,0,0.01,Tax,Local Sales and Use Tax,Taxable,0,0
,,,,2024-04-16+17:55:58,2024-04-17+00:00,Amazon.com,,AFN,,,SHIPMENT,MarketplaceFacilitator,Amazon,,1,USD,,,,15.5,FALSE,15.5,0,1.28,,,TX,,,444535425,AUSTIN,TX,US,,444530150,444530150,ShipTo,State,TX,,,,,,,,,,,,,0.97,0.0625,Tax,Sales and Use Tax,Taxable,0,15.5
,,,,2024-04-16+17:55:58,2024-04-17+00:00,Amazon.com,,AFN,,,SHIPMENT,MarketplaceFacilitator,Amazon,,1,USD,,,,15.5,FALSE,15.5,,,,,TX,,,444535425,AUSTIN,TX,US,,444530150,444530150,ShipTo,City,AUSTIN,,,,,,,,,,,,,0.16,0.01,Tax,Local Sales and Use Tax,Taxable,0,15.5
,,,,2024-04-16+17:55:58,2024-04-17+00:00,Amazon.com,,AFN,,,SHIPMENT,MarketplaceFacilitator,Amazon,,1,USD,,,,15.5,FALSE,15.5,,,,,TX,,,444535425,AUSTIN,TX,US,,444530150,444530150,ShipTo,County,NOT APPLICABLE,,,,,,,,,,,,,0,0,Tax,,ZeroRated,15.5,0
,,,,2024-04-16+17:55:58,2024-04-17+00:00,Amazon.com,,AFN,,,SHIPMENT,MarketplaceFacilitator,Amazon,,1,USD,,,,15.5,FALSE,15.5,,,,,TX,,,444535425,AUSTIN,TX,US,,444530150,444530150,ShipTo,District,AUSTIN METROPOLITAN TRANSIT AUTHORITY,,,,,,,,,,,,,0.15,0.01,Tax,Local Sales and Use Tax,Taxable,0,15.5
,,,,2024-04-16+19:50:08,2024-04-17+00:00,Amazon.com,,AFN,,,SHIPMENT,MarketplaceFacilitator,Amazon,,1,USD,,,,15.5,FALSE,15.5,0,0.93,,,IN,,,150030000,WOLVERINE LAKE,MI,US,,231252723,231252723,ShipTo,State,MI,,,,,,,,,,,,,0.93,0.06,Tax,Sales and Use Tax,Taxable,0,15.5
,,,,2024-04-16+19:50:08,2024-04-17+00:00,Amazon.com,,AFN,,,SHIPMENT,MarketplaceFacilitator,Amazon,,1,USD,,,,15.5,FALSE,15.5,,,,,IN,,,150030000,WOLVERINE LAKE,MI,US,,231252723,231252723,ShipTo,City,NOT APPLICABLE,,,,,,,,,,,,,0,0,Tax,,ZeroRated,15.5,0
,,,,2024-04-16+19:50:08,2024-04-17+00:00,Amazon.com,,AFN,,,SHIPMENT,MarketplaceFacilitator,Amazon,,1,USD,,,,15.5,FALSE,15.5,,,,,IN,,,150030000,WOLVERINE LAKE,MI,US,,231252723,231252723,ShipTo,County,NOT APPLICABLE,,,,,,,,,,,,,0,0,Tax,,ZeroRated,15.5,0
,,,,2024-04-16+19:50:08,2024-04-17+00:00,Amazon.com,,AFN,,,SHIPMENT,MarketplaceFacilitator,Amazon,,1,USD,,,,15.5,FALSE,15.5,,,,,IN,,,150030000,WOLVERINE LAKE,MI,US,,231252723,231252723,ShipTo,District,NOT APPLICABLE,,,,,,,,,,,,,0,0,Tax,,ZeroRated,15.5,0
,,,,2024-04-16+15:03:02,2024-04-17+00:00,Amazon.com,,AFN,,,SHIPMENT,MarketplaceFacilitator,Amazon,,1,USD,,,,16.75,FALSE,16.75,0,1.38,,,OH,,,360890000,WIMBERLEY,TX,US,,442090082,442090082,ShipTo,State,TX,,,,,,,,,,,,,1.05,0.0625,Tax,Sales and Use Tax,Taxable,0,16.75
,,,,2024-04-16+15:03:02,2024-04-17+00:00,Amazon.com,,AFN,,,SHIPMENT,MarketplaceFacilitator,Amazon,,1,USD,,,,16.75,FALSE,16.75,,,,,OH,,,360890000,WIMBERLEY,TX,US,,442090082,442090082,ShipTo,City,WIMBERLEY,,,,,,,,,,,,,0.17,0.01,Tax,Local Sales and Use Tax,Taxable,0,16.75
,,,,2024-04-16+15:03:02,2024-04-17+00:00,Amazon.com,,AFN,,,SHIPMENT,MarketplaceFacilitator,Amazon,,1,USD,,,,16.75,FALSE,16.75,,,,,OH,,,360890000,WIMBERLEY,TX,US,,442090082,442090082,ShipTo,County,HAYS,,,,,,,,,,,,,0.08,0.005,Tax,Local Sales and Use Tax,Taxable,0,16.75
,,,,2024-04-16+15:03:02,2024-04-17+00:00,Amazon.com,,AFN,,,SHIPMENT,MarketplaceFacilitator,Amazon,,1,USD,,,,16.75,FALSE,16.75,,,,,OH,,,360890000,WIMBERLEY,TX,US,,442090082,442090082,ShipTo,District,WIMBERLEY VILLAGE LIBRARY DISTRICT,,,,,,,,,,,,,0.08,0.005,Tax,Local Sales and Use Tax,Taxable,0,16.75
,,,,2024-04-17+01:02:31,2024-04-17+00:00,Amazon.com,,AFN,,,SHIPMENT,MarketplaceFacilitator,Amazon,,1,USD,,,,16.75,FALSE,16.75,0,1.63,,,TN,,,431570560,BARTLETT,TN,US,,431571230,431571230,ShipTo,State,TN,,,,,,,,,,,,,1.17,0.07,Tax,Sales and Use Tax,Taxable,0,16.75
,,,,2024-04-17+01:02:31,2024-04-17+00:00,Amazon.com,,AFN,,,SHIPMENT,MarketplaceFacilitator,Amazon,,1,USD,,,,16.75,FALSE,16.75,,,,,TN,,,431570560,BARTLETT,TN,US,,431571230,431571230,ShipTo,State,TN,,,,,,,,,,,,,0,0,Tax,State Single Article Tax,NonTaxable,16.75,0
,,,,2024-04-17+01:02:31,2024-04-17+00:00,Amazon.com,,AFN,,,SHIPMENT,MarketplaceFacilitator,Amazon,,1,USD,,,,16.75,FALSE,16.75,,,,,TN,,,431570560,BARTLETT,TN,US,,431571230,431571230,ShipTo,City,BARTLETT,,,,,,,,,,,,,0.08,0.005,Tax,Local Sales and Use Tax,Taxable,0,16.75
,,,,2024-04-17+01:02:31,2024-04-17+00:00,Amazon.com,,AFN,,,SHIPMENT,MarketplaceFacilitator,Amazon,,1,USD,,,,16.75,FALSE,16.75,,,,,TN,,,431570560,BARTLETT,TN,US,,431571230,431571230,ShipTo,County,SHELBY,,,,,,,,,,,,,0.38,0.0225,Tax,Local Sales and Use Tax,Taxable,0,16.75
,,,,2024-04-17+01:02:31,2024-04-17+00:00,Amazon.com,,AFN,,,SHIPMENT,MarketplaceFacilitator,Amazon,,1,USD,,,,16.75,FALSE,16.75,,,,,TN,,,431570560,BARTLETT,TN,US,,431571230,431571230,ShipTo,District,NOT APPLICABLE,,,,,,,,,,,,,0,0,Tax,,ZeroRated,16.75,0
,,,,2024-04-17+02:23:54,2024-04-17+00:00,Amazon.com,,AFN,,,SHIPMENT,MarketplaceFacilitator,Amazon,,1,USD,,,,15.5,FALSE,15.5,0,1.34,,,TX,,,444535425,OKLAHOMA CITY,OK,US,,371090550,371090550,ShipTo,State,OK,,,,,,,,,,,,,0.7,0.045,Tax,Sales and Use Tax,Taxable,0,15.5
,,,,2024-04-17+02:23:54,2024-04-17+00:00,Amazon.com,,AFN,,,SHIPMENT,MarketplaceFacilitator,Amazon,,1,USD,,,,15.5,FALSE,15.5,,,,,TX,,,444535425,OKLAHOMA CITY,OK,US,,371090550,371090550,ShipTo,City,OKLAHOMA CITY,,,,,,,,,,,,,0.64,0.04125,Tax,Local Sales and Use Tax,Taxable,0,15.5
,,,,2024-04-17+02:23:54,2024-04-17+00:00,Amazon.com,,AFN,,,SHIPMENT,MarketplaceFacilitator,Amazon,,1,USD,,,,15.5,FALSE,15.5,,,,,TX,,,444535425,OKLAHOMA CITY,OK,US,,371090550,371090550,ShipTo,County,NOT APPLICABLE,,,,,,,,,,,,,0,0,Tax,,ZeroRated,15.5,0
,,,,2024-04-17+02:23:54,2024-04-17+00:00,Amazon.com,,AFN,,,SHIPMENT,MarketplaceFacilitator,Amazon,,1,USD,,,,15.5,FALSE,15.5,,,,,TX,,,444535425,OKLAHOMA CITY,OK,US,,371090550,371090550,ShipTo,District,NOT APPLICABLE,,,,,,,,,,,,,0,0,Tax,,ZeroRated,15.5,0
,,,,2024-04-17+03:52:58,2024-04-17+00:00,Amazon.com,,AFN,,,SHIPMENT,MarketplaceFacilitator,Amazon,,1,USD,,,,15.5,FALSE,15.5,0,1.36,,,CA,,,470590000,RIVERSIDE,CA,US,,050652870,050652870,ShipTo,State,CA,,,,,,,,,,,,,0.93,0.06,Tax,Sales and Use Tax,Taxable,0,15.5
,,,,2024-04-17+03:52:58,2024-04-17+00:00,Amazon.com,,AFN,,,SHIPMENT,MarketplaceFacilitator,Amazon,,1,USD,,,,15.5,FALSE,15.5,,,,,CA,,,470590000,RIVERSIDE,CA,US,,050652870,050652870,ShipTo,City,NOT APPLICABLE,,,,,,,,,,,,,0,0,Tax,,ZeroRated,15.5,0
,,,,2024-04-17+03:52:58,2024-04-17+00:00,Amazon.com,,AFN,,,SHIPMENT,MarketplaceFacilitator,Amazon,,1,USD,,,,15.5,FALSE,15.5,,,,,CA,,,470590000,RIVERSIDE,CA,US,,050652870,050652870,ShipTo,County,RIVERSIDE,,,,,,,,,,,,,0.19,0.0125,Tax,Local Sales and Use Tax,Taxable,0,15.5
,,,,2024-04-17+03:52:58,2024-04-17+00:00,Amazon.com,,AFN,,,SHIPMENT,MarketplaceFacilitator,Amazon,,1,USD,,,,15.5,FALSE,15.5,,,,,CA,,,470590000,RIVERSIDE,CA,US,,050652870,050652870,ShipTo,District,TRANSACTIONS AND USE TAX (RIVG),,,,,,,,,,,,,0.16,0.01,Tax,Local Sales and Use Tax,Taxable,0,15.5
,,,,2024-04-17+03:52:58,2024-04-17+00:00,Amazon.com,,AFN,,,SHIPMENT,MarketplaceFacilitator,Amazon,,1,USD,,,,15.5,FALSE,15.5,,,,,CA,,,470590000,RIVERSIDE,CA,US,,050652870,050652870,ShipTo,District,TRANSPORTATION COMMISSION (RCTC),,,,,,,,,,,,,0.08,0.005,Tax,Local Sales and Use Tax,Taxable,0,15.5
,,,,2024-04-16+17:03:40,2024-04-17+00:00,Amazon.com,,AFN,,,SHIPMENT,MarketplaceFacilitator,Amazon,,1,USD,,,,16.75,FALSE,16.75,0,1.63,,,TN,,,431570560,OAK RIDGE,TN,US,,430010660,430010660,ShipTo,State,TN,,,,,,,,,,,,,1.17,0.07,Tax,Sales and Use Tax,Taxable,0,16.75
,,,,2024-04-16+17:03:40,2024-04-17+00:00,Amazon.com,,AFN,,,SHIPMENT,MarketplaceFacilitator,Amazon,,1,USD,,,,16.75,FALSE,16.75,,,,,TN,,,431570560,OAK RIDGE,TN,US,,430010660,430010660,ShipTo,State,TN,,,,,,,,,,,,,0,0,Tax,State Single Article Tax,NonTaxable,16.75,0
,,,,2024-04-16+17:03:40,2024-04-17+00:00,Amazon.com,,AFN,,,SHIPMENT,MarketplaceFacilitator,Amazon,,1,USD,,,,16.75,FALSE,16.75,,,,,TN,,,431570560,OAK RIDGE,TN,US,,430010660,430010660,ShipTo,City,OAK RIDGE,,,,,,,,,,,,,0,0,Tax,Local Sales and Use Tax,NonTaxable,16.75,0
,,,,2024-04-16+17:03:40,2024-04-17+00:00,Amazon.com,,AFN,,,SHIPMENT,MarketplaceFacilitator,Amazon,,1,USD,,,,16.75,FALSE,16.75,,,,,TN,,,431570560,OAK RIDGE,TN,US,,430010660,430010660,ShipTo,County,ANDERSON,,,,,,,,,,,,,0.46,0.0275,Tax,Local Sales and Use Tax,Taxable,0,16.75
,,,,2024-04-16+17:03:40,2024-04-17+00:00,Amazon.com,,AFN,,,SHIPMENT,MarketplaceFacilitator,Amazon,,1,USD,,,,16.75,FALSE,16.75,,,,,TN,,,431570560,OAK RIDGE,TN,US,,430010660,430010660,ShipTo,District,NOT APPLICABLE,,,,,,,,,,,,,0,0,Tax,,ZeroRated,16.75,0
,,,,2024-04-16+18:36:22,2024-04-17+00:00,Amazon.com,,AFN,,,SHIPMENT,MarketplaceFacilitator,Amazon,,1,USD,,,,15.5,FALSE,15.5,0,1.3,,,IL,,,141974702,WOODBURY,MN,US,,241631740,241631740,ShipTo,State,MN,,,,,,,,,,,,,1.06,0.06875,Tax,General Sales and Use Tax,Taxable,0,15.5
,,,,2024-04-16+18:36:22,2024-04-17+00:00,Amazon.com,,AFN,,,SHIPMENT,MarketplaceFacilitator,Amazon,,1,USD,,,,15.5,FALSE,15.5,,,,,IL,,,141974702,WOODBURY,MN,US,,241631740,241631740,ShipTo,City,NOT APPLICABLE,,,,,,,,,,,,,0,0,Tax,,ZeroRated,15.5,0
,,,,2024-04-16+18:36:22,2024-04-17+00:00,Amazon.com,,AFN,,,SHIPMENT,MarketplaceFacilitator,Amazon,,1,USD,,,,15.5,FALSE,15.5,,,,,IL,,,141974702,WOODBURY,MN,US,,241631740,241631740,ShipTo,County,NOT APPLICABLE,,,,,,,,,,,,,0,0,Tax,,ZeroRated,15.5,0
,,,,2024-04-16+18:36:22,2024-04-17+00:00,Amazon.com,,AFN,,,SHIPMENT,MarketplaceFacilitator,Amazon,,1,USD,,,,15.5,FALSE,15.5,,,,,IL,,,141974702,WOODBURY,MN,US,,241631740,241631740,ShipTo,District,METRO AREA HOUSING DISTRICT,,,,,,,,,,,,,0.04,0.0025,Tax,Local Sales and Use Tax,Taxable,0,15.5
,,,,2024-04-16+18:36:22,2024-04-17+00:00,Amazon.com,,AFN,,,SHIPMENT,MarketplaceFacilitator,Amazon,,1,USD,,,,15.5,FALSE,15.5,,,,,IL,,,141974702,WOODBURY,MN,US,,241631740,241631740,ShipTo,District,METRO AREA TRANSPORTATION DISTRICT,,,,,,,,,,,,,0.12,0.0075,Tax,Local Sales and Use Tax,Taxable,0,15.5
,,,,2024-04-16+18:36:22,2024-04-17+00:00,Amazon.com,,AFN,,,SHIPMENT,MarketplaceFacilitator,Amazon,,1,USD,,,,15.5,FALSE,15.5,,,,,IL,,,141974702,WOODBURY,MN,US,,241631740,241631740,ShipTo,District,WASHINGTON COUNTY TRANSIT TAX AREA,,,,,,,,,,,,,0.08,0.005,Tax,Local Sales and Use Tax,Taxable,0,15.5
,,,,2024-04-17+17:27:48,2024-04-17+00:00,Amazon.com,,AFN,,,SHIPMENT,MarketplaceFacilitator,Amazon,,1,USD,,,,14.99,FALSE,14.99,0,1.28,,,TX,,,444535425,TULSA,OK,US,,371430790,371430790,ShipTo,State,OK,,,,,,,,,,,,,0.67,0.045,Tax,Sales and Use Tax,Taxable,0,14.99
,,,,2024-04-17+17:27:48,2024-04-17+00:00,Amazon.com,,AFN,,,SHIPMENT,MarketplaceFacilitator,Amazon,,1,USD,,,,14.99,FALSE,14.99,,,,,TX,,,444535425,TULSA,OK,US,,371430790,371430790,ShipTo,City,TULSA,,,,,,,,,,,,,0.55,0.0365,Tax,Local Sales and Use Tax,Taxable,0,14.99
,,,,2024-04-17+17:27:48,2024-04-17+00:00,Amazon.com,,AFN,,,SHIPMENT,MarketplaceFacilitator,Amazon,,1,USD,,,,14.99,FALSE,14.99,,,,,TX,,,444535425,TULSA,OK,US,,371430790,371430790,ShipTo,County,TULSA,,,,,,,,,,,,,0.06,0.00367,Tax,Local Sales and Use Tax,Taxable,0,14.99
,,,,2024-04-17+17:27:48,2024-04-17+00:00,Amazon.com,,AFN,,,SHIPMENT,MarketplaceFacilitator,Amazon,,1,USD,,,,14.99,FALSE,14.99,,,,,TX,,,444535425,TULSA,OK,US,,371430790,371430790,ShipTo,District,NOT APPLICABLE,,,,,,,,,,,,,0,0,Tax,,ZeroRated,14.99,0
,,,,2024-04-16+18:53:42,2024-04-17+00:00,Amazon.com,,AFN,,,SHIPMENT,MarketplaceFacilitator,Amazon,,1,USD,,,,15.5,FALSE,15.5,0,1.09,,,TN,,,431570560,BYRAM,MS,US,,250490005,250490005,ShipTo,State,MS,,,,,,,,,,,,,1.09,0.07,Tax,Sales and Use Tax,Taxable,0,15.5
,,,,2024-04-16+18:53:42,2024-04-17+00:00,Amazon.com,,AFN,,,SHIPMENT,MarketplaceFacilitator,Amazon,,1,USD,,,,15.5,FALSE,15.5,,,,,TN,,,431570560,BYRAM,MS,US,,250490005,250490005,ShipTo,City,NOT APPLICABLE,,,,,,,,,,,,,0,0,Tax,,ZeroRated,15.5,0
,,,,2024-04-16+18:53:42,2024-04-17+00:00,Amazon.com,,AFN,,,SHIPMENT,MarketplaceFacilitator,Amazon,,1,USD,,,,15.5,FALSE,15.5,,,,,TN,,,431570560,BYRAM,MS,US,,250490005,250490005,ShipTo,County,NOT APPLICABLE,,,,,,,,,,,,,0,0,Tax,,ZeroRated,15.5,0
,,,,2024-04-16+18:53:42,2024-04-17+00:00,Amazon.com,,AFN,,,SHIPMENT,MarketplaceFacilitator,Amazon,,1,USD,,,,15.5,FALSE,15.5,,,,,TN,,,431570560,BYRAM,MS,US,,250490005,250490005,ShipTo,District,NOT APPLICABLE,,,,,,,,,,,,,0,0,Tax,,ZeroRated,15.5,0
,,,,2024-04-17+17:35:07,2024-04-18+00:00,Amazon.com,,AFN,,,SHIPMENT,MarketplaceFacilitator,Amazon,,1,USD,,,,15.5,FALSE,15.5,0,1.09,,,IL,,,140311790,MISHAWAKA,IN,US,,151410860,151410860,ShipTo,State,IN,,,,,,,,,,,,,1.09,0.07,Tax,Gross Retail and Use Tax,Taxable,0,15.5
,,,,2024-04-17+17:35:07,2024-04-18+00:00,Amazon.com,,AFN,,,SHIPMENT,MarketplaceFacilitator,Amazon,,1,USD,,,,15.5,FALSE,15.5,,,,,IL,,,140311790,MISHAWAKA,IN,US,,151410860,151410860,ShipTo,City,NOT APPLICABLE,,,,,,,,,,,,,0,0,Tax,,ZeroRated,15.5,0
,,,,2024-04-17+17:35:07,2024-04-18+00:00,Amazon.com,,AFN,,,SHIPMENT,MarketplaceFacilitator,Amazon,,1,USD,,,,15.5,FALSE,15.5,,,,,IL,,,140311790,MISHAWAKA,IN,US,,151410860,151410860,ShipTo,County,NOT APPLICABLE,,,,,,,,,,,,,0,0,Tax,,ZeroRated,15.5,0
,,,,2024-04-17+17:35:07,2024-04-18+00:00,Amazon.com,,AFN,,,SHIPMENT,MarketplaceFacilitator,Amazon,,1,USD,,,,15.5,FALSE,15.5,,,,,IL,,,140311790,MISHAWAKA,IN,US,,151410860,151410860,ShipTo,District,NOT APPLICABLE,,,,,,,,,,,,,0,0,Tax,,ZeroRated,15.5,0
,,,,2024-04-17+08:55:52,2024-04-18+00:00,Amazon.com,,AFN,,,SHIPMENT,MarketplaceFacilitator,Amazon,,1,USD,,,,1.08,FALSE,1.08,0,0,,,GA,,,111350000,MOUNT PLEASANT,TN,US,,431190000,431190000,ShipTo,State,TN,,,Y,0,0,-1.08,PromotionIdAndCouponCode,0,,Self Funded,ReductionInTaxableBasis,,0,0.07,Tax,Sales and Use Tax,Taxable,0,0
,,,,2024-04-17+08:55:52,2024-04-18+00:00,Amazon.com,,AFN,,,SHIPMENT,MarketplaceFacilitator,Amazon,,1,USD,,,,1.08,FALSE,1.08,,,,,GA,,,111350000,MOUNT PLEASANT,TN,US,,431190000,431190000,ShipTo,State,TN,,,Y,0,0,-1.08,PromotionIdAndCouponCode,0,,Self Funded,ReductionInTaxableBasis,,0,0,Tax,State Single Article Tax,NonTaxable,0,0
,,,,2024-04-17+08:55:52,2024-04-18+00:00,Amazon.com,,AFN,,,SHIPMENT,MarketplaceFacilitator,Amazon,,1,USD,,,,1.08,FALSE,1.08,,,,,GA,,,111350000,MOUNT PLEASANT,TN,US,,431190000,431190000,ShipTo,City,NOT APPLICABLE,,,Y,0,0,-1.08,PromotionIdAndCouponCode,0,,Self Funded,ReductionInTaxableBasis,,0,0,Tax,,NonTaxable,0,0
,,,,2024-04-17+08:55:52,2024-04-18+00:00,Amazon.com,,AFN,,,SHIPMENT,MarketplaceFacilitator,Amazon,,1,USD,,,,1.08,FALSE,1.08,,,,,GA,,,111350000,MOUNT PLEASANT,TN,US,,431190000,431190000,ShipTo,County,MAURY,,,Y,0,0,-1.08,PromotionIdAndCouponCode,0,,Self Funded,ReductionInTaxableBasis,,0,0,Tax,Local Sales and Use Tax,NonTaxable,0,0
,,,,2024-04-17+08:55:52,2024-04-18+00:00,Amazon.com,,AFN,,,SHIPMENT,MarketplaceFacilitator,Amazon,,1,USD,,,,1.08,FALSE,1.08,,,,,GA,,,111350000,MOUNT PLEASANT,TN,US,,431190000,431190000,ShipTo,District,NOT APPLICABLE,,,Y,0,0,-1.08,PromotionIdAndCouponCode,0,,Self Funded,ReductionInTaxableBasis,,0,0,Tax,,NonTaxable,0,0
,,,,2024-04-17+08:55:52,2024-04-18+00:00,Amazon.com,,AFN,,,SHIPMENT,MarketplaceFacilitator,Amazon,,1,USD,,,,16.75,FALSE,16.75,0,1.63,,,GA,,,111350000,MOUNT PLEASANT,TN,US,,431190000,431190000,ShipTo,State,TN,,,,,,,,,,,,,1.17,0.07,Tax,Sales and Use Tax,Taxable,0,16.75
,,,,2024-04-17+08:55:52,2024-04-18+00:00,Amazon.com,,AFN,,,SHIPMENT,MarketplaceFacilitator,Amazon,,1,USD,,,,16.75,FALSE,16.75,,,,,GA,,,111350000,MOUNT PLEASANT,TN,US,,431190000,431190000,ShipTo,State,TN,,,,,,,,,,,,,0,0,Tax,State Single Article Tax,NonTaxable,16.75,0
,,,,2024-04-17+08:55:52,2024-04-18+00:00,Amazon.com,,AFN,,,SHIPMENT,MarketplaceFacilitator,Amazon,,1,USD,,,,16.75,FALSE,16.75,,,,,GA,,,111350000,MOUNT PLEASANT,TN,US,,431190000,431190000,ShipTo,City,NOT APPLICABLE,,,,,,,,,,,,,0,0,Tax,,ZeroRated,16.75,0
,,,,2024-04-17+08:55:52,2024-04-18+00:00,Amazon.com,,AFN,,,SHIPMENT,MarketplaceFacilitator,Amazon,,1,USD,,,,16.75,FALSE,16.75,,,,,GA,,,111350000,MOUNT PLEASANT,TN,US,,431190000,431190000,ShipTo,County,MAURY,,,,,,,,,,,,,0.46,0.0275,Tax,Local Sales and Use Tax,Taxable,0,16.75
,,,,2024-04-17+08:55:52,2024-04-18+00:00,Amazon.com,,AFN,,,SHIPMENT,MarketplaceFacilitator,Amazon,,1,USD,,,,16.75,FALSE,16.75,,,,,GA,,,111350000,MOUNT PLEASANT,TN,US,,431190000,431190000,ShipTo,District,NOT APPLICABLE,,,,,,,,,,,,,0,0,Tax,,ZeroRated,16.75,0
,,,,2024-04-18+16:00:54,2024-04-18+00:00,Amazon.com,,AFN,,,SHIPMENT,MarketplaceFacilitator,Amazon,,1,USD,,,,14.99,FALSE,14.99,0,1.12,,,GA,,,110511914,VALRICO,FL,US,,100570000,100570000,ShipTo,State,FL,,,,,,,,,,,,,0.9,0.06,Tax,Sales and Use Tax,Taxable,0,14.99
,,,,2024-04-18+16:00:54,2024-04-18+00:00,Amazon.com,,AFN,,,SHIPMENT,MarketplaceFacilitator,Amazon,,1,USD,,,,14.99,FALSE,14.99,,,,,GA,,,110511914,VALRICO,FL,US,,100570000,100570000,ShipTo,City,NOT APPLICABLE,,,,,,,,,,,,,0,0,Tax,,ZeroRated,14.99,0
,,,,2024-04-18+16:00:54,2024-04-18+00:00,Amazon.com,,AFN,,,SHIPMENT,MarketplaceFacilitator,Amazon,,1,USD,,,,14.99,FALSE,14.99,,,,,GA,,,110511914,VALRICO,FL,US,,100570000,100570000,ShipTo,County,HILLSBOROUGH,,,,,,,,,,,,,0.22,0.015,Tax,Local Sales and Use Tax (Discretionary Sales Surtax),Taxable,0,14.99
,,,,2024-04-18+16:00:54,2024-04-18+00:00,Amazon.com,,AFN,,,SHIPMENT,MarketplaceFacilitator,Amazon,,1,USD,,,,14.99,FALSE,14.99,,,,,GA,,,110511914,VALRICO,FL,US,,100570000,100570000,ShipTo,District,NOT APPLICABLE,,,,,,,,,,,,,0,0,Tax,,ZeroRated,14.99,0
,,,,2024-04-18+12:54:49,2024-04-18+00:00,Amazon.com,,AFN,,,SHIPMENT,MarketplaceFacilitator,Amazon,,1,USD,,,,14.99,FALSE,14.99,0,0.9,,,NC,,,341830000,COLUMBIA,MD,US,,210270000,210270000,ShipTo,State,MD,,,,,,,,,,,,,0.9,0.06,Tax,Sales and Use Tax,Taxable,0,14.99
,,,,2024-04-18+12:54:49,2024-04-18+00:00,Amazon.com,,AFN,,,SHIPMENT,MarketplaceFacilitator,Amazon,,1,USD,,,,14.99,FALSE,14.99,,,,,NC,,,341830000,COLUMBIA,MD,US,,210270000,210270000,ShipTo,City,NOT APPLICABLE,,,,,,,,,,,,,0,0,Tax,,ZeroRated,14.99,0
,,,,2024-04-18+12:54:49,2024-04-18+00:00,Amazon.com,,AFN,,,SHIPMENT,MarketplaceFacilitator,Amazon,,1,USD,,,,14.99,FALSE,14.99,,,,,NC,,,341830000,COLUMBIA,MD,US,,210270000,210270000,ShipTo,County,NOT APPLICABLE,,,,,,,,,,,,,0,0,Tax,,ZeroRated,14.99,0
,,,,2024-04-18+12:54:49,2024-04-18+00:00,Amazon.com,,AFN,,,SHIPMENT,MarketplaceFacilitator,Amazon,,1,USD,,,,14.99,FALSE,14.99,,,,,NC,,,341830000,COLUMBIA,MD,US,,210270000,210270000,ShipTo,District,NOT APPLICABLE,,,,,,,,,,,,,0,0,Tax,,ZeroRated,14.99,0
,,,,2024-04-18+20:18:29,2024-04-19+00:00,Amazon.com,,AFN,,,SHIPMENT,MarketplaceFacilitator,Amazon,,1,USD,,,,14.9,FALSE,14.9,0,1.53,,,IL,,,140311740,CHICAGO,IL,US,,140310510,140310510,ShipTo,State,IL,,,,,,,,,,,,,0.93,0.0625,Tax,Retailers'/Service Occupation and Use/Service Use Tax,Taxable,0,14.9
,,,,2024-04-18+20:18:29,2024-04-19+00:00,Amazon.com,,AFN,,,SHIPMENT,MarketplaceFacilitator,Amazon,,1,USD,,,,14.9,FALSE,14.9,,,,,IL,,,140311740,CHICAGO,IL,US,,140310510,140310510,ShipTo,City,CHICAGO,,,,,,,,,,,,,0.19,0.0125,Tax,Local Sales and Use Tax,Taxable,0,14.9
,,,,2024-04-18+20:18:29,2024-04-19+00:00,Amazon.com,,AFN,,,SHIPMENT,MarketplaceFacilitator,Amazon,,1,USD,,,,14.9,FALSE,14.9,,,,,IL,,,140311740,CHICAGO,IL,US,,140310510,140310510,ShipTo,County,COOK,,,,,,,,,,,,,0.26,0.0175,Tax,Local Sales and Use Tax,Taxable,0,14.9
,,,,2024-04-18+20:18:29,2024-04-19+00:00,Amazon.com,,AFN,,,SHIPMENT,MarketplaceFacilitator,Amazon,,1,USD,,,,14.9,FALSE,14.9,,,,,IL,,,140311740,CHICAGO,IL,US,,140310510,140310510,ShipTo,District,REGIONAL TRANSPORTATION AUTHORITY (COOK),,,,,,,,,,,,,0.15,0.01,Tax,Local Sales and Use Tax,Taxable,0,14.9
,,,,2024-04-18+05:12:09,2024-04-19+00:00,Amazon.com,,AFN,,,SHIPMENT,MarketplaceFacilitator,Amazon,,1,USD,,,,14.99,FALSE,14.99,0,1.16,,,CA,,,470590000,RANCHO CUCAMONGA,CA,US,,050719898,050719898,ShipTo,State,CA,,,,,,,,,,,,,0.9,0.06,Tax,Sales and Use Tax,Taxable,0,14.99
,,,,2024-04-18+05:12:09,2024-04-19+00:00,Amazon.com,,AFN,,,SHIPMENT,MarketplaceFacilitator,Amazon,,1,USD,,,,14.99,FALSE,14.99,,,,,CA,,,470590000,RANCHO CUCAMONGA,CA,US,,050719898,050719898,ShipTo,City,NOT APPLICABLE,,,,,,,,,,,,,0,0,Tax,,ZeroRated,14.99,0
,,,,2024-04-18+05:12:09,2024-04-19+00:00,Amazon.com,,AFN,,,SHIPMENT,MarketplaceFacilitator,Amazon,,1,USD,,,,14.99,FALSE,14.99,,,,,CA,,,470590000,RANCHO CUCAMONGA,CA,US,,050719898,050719898,ShipTo,County,SAN BERNARDINO,,,,,,,,,,,,,0.19,0.0125,Tax,Local Sales and Use Tax,Taxable,0,14.99
,,,,2024-04-18+05:12:09,2024-04-19+00:00,Amazon.com,,AFN,,,SHIPMENT,MarketplaceFacilitator,Amazon,,1,USD,,,,14.99,FALSE,14.99,,,,,CA,,,470590000,RANCHO CUCAMONGA,CA,US,,050719898,050719898,ShipTo,District,TRANSPORTATION AUTHORITY (SBER),,,,,,,,,,,,,0.07,0.005,Tax,Local Sales and Use Tax,Taxable,0,14.99
,,,,2024-04-18+16:15:29,2024-04-19+00:00,Amazon.com,,AFN,,,SHIPMENT,MarketplaceFacilitator,Amazon,,1,USD,,,,14.99,FALSE,14.99,0,1.38,,,WA,,,480330320,PORT ORCHARD,WA,US,,480350000,480350000,ShipTo,State,WA,,,,,,,,,,,,,0.98,0.065,Tax,Retail Sales and Use Tax,Taxable,0,14.99
,,,,2024-04-18+16:15:29,2024-04-19+00:00,Amazon.com,,AFN,,,SHIPMENT,MarketplaceFacilitator,Amazon,,1,USD,,,,14.99,FALSE,14.99,,,,,WA,,,480330320,PORT ORCHARD,WA,US,,480350000,480350000,ShipTo,City,NOT APPLICABLE,,,,,,,,,,,,,0,0,Tax,,ZeroRated,14.99,0
,,,,2024-04-18+16:15:29,2024-04-19+00:00,Amazon.com,,AFN,,,SHIPMENT,MarketplaceFacilitator,Amazon,,1,USD,,,,14.99,FALSE,14.99,,,,,WA,,,480330320,PORT ORCHARD,WA,US,,480350000,480350000,ShipTo,County,KITSAP,,,,,,,,,,,,,0.4,0.027,Tax,Local Sales and Use Tax,Taxable,0,14.99
,,,,2024-04-18+16:15:29,2024-04-19+00:00,Amazon.com,,AFN,,,SHIPMENT,MarketplaceFacilitator,Amazon,,1,USD,,,,14.99,FALSE,14.99,,,,,WA,,,480330320,PORT ORCHARD,WA,US,,480350000,480350000,ShipTo,District,NOT APPLICABLE,,,,,,,,,,,,,0,0,Tax,,ZeroRated,14.99,0
,,,,2024-04-18+16:15:29,2024-04-19+00:00,Amazon.com,,AFN,,,SHIPMENT,MarketplaceFacilitator,Amazon,,1,USD,,,,1.11,FALSE,1.11,0,0,,,WA,,,480330320,PORT ORCHARD,WA,US,,480350000,480350000,ShipTo,State,WA,,,Y,0,0,-1.11,PromotionIdAndCouponCode,0,,Self Funded,ReductionInTaxableBasis,,0,0.065,Tax,Retail Sales and Use Tax,Taxable,0,0
,,,,2024-04-18+16:15:29,2024-04-19+00:00,Amazon.com,,AFN,,,SHIPMENT,MarketplaceFacilitator,Amazon,,1,USD,,,,1.11,FALSE,1.11,,,,,WA,,,480330320,PORT ORCHARD,WA,US,,480350000,480350000,ShipTo,City,NOT APPLICABLE,,,Y,0,0,-1.11,PromotionIdAndCouponCode,0,,Self Funded,ReductionInTaxableBasis,,0,0,Tax,,NonTaxable,0,0
,,,,2024-04-18+16:15:29,2024-04-19+00:00,Amazon.com,,AFN,,,SHIPMENT,MarketplaceFacilitator,Amazon,,1,USD,,,,1.11,FALSE,1.11,,,,,WA,,,480330320,PORT ORCHARD,WA,US,,480350000,480350000,ShipTo,County,KITSAP,,,Y,0,0,-1.11,PromotionIdAndCouponCode,0,,Self Funded,ReductionInTaxableBasis,,0,0.027,Tax,Local Sales and Use Tax,Taxable,0,0
,,,,2024-04-18+16:15:29,2024-04-19+00:00,Amazon.com,,AFN,,,SHIPMENT,MarketplaceFacilitator,Amazon,,1,USD,,,,1.11,FALSE,1.11,,,,,WA,,,480330320,PORT ORCHARD,WA,US,,480350000,480350000,ShipTo,District,NOT APPLICABLE,,,Y,0,0,-1.11,PromotionIdAndCouponCode,0,,Self Funded,ReductionInTaxableBasis,,0,0,Tax,,NonTaxable,0,0
,,,,2024-04-19+02:19:15,2024-04-19+00:00,Amazon.com,,AFN,,,SHIPMENT,MarketplaceFacilitator,Amazon,,1,USD,,,,14.9,FALSE,14.9,0,0.89,,,NC,,,341830000,SEVERNA PARK,MD,US,,210030000,210030000,ShipTo,State,MD,,,,,,,,,,,,,0.89,0.06,Tax,Sales and Use Tax,Taxable,0,14.9
,,,,2024-04-19+02:19:15,2024-04-19+00:00,Amazon.com,,AFN,,,SHIPMENT,MarketplaceFacilitator,Amazon,,1,USD,,,,14.9,FALSE,14.9,,,,,NC,,,341830000,SEVERNA PARK,MD,US,,210030000,210030000,ShipTo,City,NOT APPLICABLE,,,,,,,,,,,,,0,0,Tax,,ZeroRated,14.9,0
,,,,2024-04-19+02:19:15,2024-04-19+00:00,Amazon.com,,AFN,,,SHIPMENT,MarketplaceFacilitator,Amazon,,1,USD,,,,14.9,FALSE,14.9,,,,,NC,,,341830000,SEVERNA PARK,MD,US,,210030000,210030000,ShipTo,County,NOT APPLICABLE,,,,,,,,,,,,,0,0,Tax,,ZeroRated,14.9,0
,,,,2024-04-19+02:19:15,2024-04-19+00:00,Amazon.com,,AFN,,,SHIPMENT,MarketplaceFacilitator,Amazon,,1,USD,,,,14.9,FALSE,14.9,,,,,NC,,,341830000,SEVERNA PARK,MD,US,,210030000,210030000,ShipTo,District,NOT APPLICABLE,,,,,,,,,,,,,0,0,Tax,,ZeroRated,14.9,0
,,,,2024-04-19+08:05:28,2024-04-19+00:00,Amazon.com,,AFN,,,SHIPMENT,Standard,Seller,A_GEN_NOTAX,1,USD,,,,14.9,FALSE,14.9,0,0,,,WA,,,480330320,SALEM,OR,US,,380470500,380470500,ShipTo,State,OR,,,,,,,,,,,,0,,0,Tax,No Sales or Use Tax Imposed,NonTaxable,14.9,0
,,,,2024-04-19+08:05:28,2024-04-19+00:00,Amazon.com,,AFN,,,SHIPMENT,Standard,Seller,A_GEN_NOTAX,1,USD,,,,14.9,FALSE,14.9,,,,,WA,,,480330320,SALEM,OR,US,,380470500,380470500,ShipTo,City,NOT APPLICABLE,,,,,,,,,,,,0,,0,Tax,,ZeroRated,14.9,0
,,,,2024-04-19+08:05:28,2024-04-19+00:00,Amazon.com,,AFN,,,SHIPMENT,Standard,Seller,A_GEN_NOTAX,1,USD,,,,14.9,FALSE,14.9,,,,,WA,,,480330320,SALEM,OR,US,,380470500,380470500,ShipTo,County,NOT APPLICABLE,,,,,,,,,,,,0,,0,Tax,,ZeroRated,14.9,0
,,,,2024-04-19+08:05:28,2024-04-19+00:00,Amazon.com,,AFN,,,SHIPMENT,Standard,Seller,A_GEN_NOTAX,1,USD,,,,14.9,FALSE,14.9,,,,,WA,,,480330320,SALEM,OR,US,,380470500,380470500,ShipTo,District,NOT APPLICABLE,,,,,,,,,,,,0,,0,Tax,,ZeroRated,14.9,0
,,,,2024-04-19+09:42:59,2024-04-19+00:00,Amazon.com,,AFN,,,SHIPMENT,MarketplaceFacilitator,Amazon,,1,USD,,,,14.9,FALSE,14.9,0,1.08,,,IN,,,150030000,Painesville,OH,US,,360852000,360852000,ShipTo,State,OH,,,,,,,,,,,,,0.85,0.0575,Tax,Sales and Use Tax,Taxable,0,14.9
,,,,2024-04-19+09:42:59,2024-04-19+00:00,Amazon.com,,AFN,,,SHIPMENT,MarketplaceFacilitator,Amazon,,1,USD,,,,14.9,FALSE,14.9,,,,,IN,,,150030000,Painesville,OH,US,,360852000,360852000,ShipTo,City,NOT APPLICABLE,,,,,,,,,,,,,0,0,Tax,,ZeroRated,14.9,0
,,,,2024-04-19+09:42:59,2024-04-19+00:00,Amazon.com,,AFN,,,SHIPMENT,MarketplaceFacilitator,Amazon,,1,USD,,,,14.9,FALSE,14.9,,,,,IN,,,150030000,Painesville,OH,US,,360852000,360852000,ShipTo,County,LAKE,,,,,,,,,,,,,0.19,0.0125,Tax,Local Sales and Use Tax,Taxable,0,14.9
,,,,2024-04-19+09:42:59,2024-04-19+00:00,Amazon.com,,AFN,,,SHIPMENT,MarketplaceFacilitator,Amazon,,1,USD,,,,14.9,FALSE,14.9,,,,,IN,,,150030000,Painesville,OH,US,,360852000,360852000,ShipTo,District,LAKETRAN TRANSIT AUTHORITY TAX,,,,,,,,,,,,,0.04,0.0025,Tax,Local Sales and Use Tax,Taxable,0,14.9
,,,,2024-04-19+14:10:29,2024-04-19+00:00,Amazon.com,,AFN,,,SHIPMENT,MarketplaceFacilitator,Amazon,,1,USD,,,,0.93,FALSE,0.93,0,0,,,GA,,,110511914,MIAMI,FL,US,,100250920,100250920,ShipTo,State,FL,,,Y,0,0,-0.93,PromotionIdAndCouponCode,0,,Self Funded,ReductionInTaxableBasis,,0,0,Tax,Sales and Use Tax,NonTaxable,0,0
,,,,2024-04-19+14:10:29,2024-04-19+00:00,Amazon.com,,AFN,,,SHIPMENT,MarketplaceFacilitator,Amazon,,1,USD,,,,0.93,FALSE,0.93,,,,,GA,,,110511914,MIAMI,FL,US,,100250920,100250920,ShipTo,City,NOT APPLICABLE,,,Y,0,0,-0.93,PromotionIdAndCouponCode,0,,Self Funded,ReductionInTaxableBasis,,0,0,Tax,,NonTaxable,0,0
,,,,2024-04-19+14:10:29,2024-04-19+00:00,Amazon.com,,AFN,,,SHIPMENT,MarketplaceFacilitator,Amazon,,1,USD,,,,0.93,FALSE,0.93,,,,,GA,,,110511914,MIAMI,FL,US,,100250920,100250920,ShipTo,County,MIAMI-DADE,,,Y,0,0,-0.93,PromotionIdAndCouponCode,0,,Self Funded,ReductionInTaxableBasis,,0,0,Tax,Local Sales and Use Tax (Discretionary Sales Surtax),NonTaxable,0,0
,,,,2024-04-19+14:10:29,2024-04-19+00:00,Amazon.com,,AFN,,,SHIPMENT,MarketplaceFacilitator,Amazon,,1,USD,,,,0.93,FALSE,0.93,,,,,GA,,,110511914,MIAMI,FL,US,,100250920,100250920,ShipTo,District,NOT APPLICABLE,,,Y,0,0,-0.93,PromotionIdAndCouponCode,0,,Self Funded,ReductionInTaxableBasis,,0,0,Tax,,NonTaxable,0,0
,,,,2024-04-19+14:10:29,2024-04-19+00:00,Amazon.com,,AFN,,,SHIPMENT,MarketplaceFacilitator,Amazon,,1,USD,,,,0.93,FALSE,0.93,0,0,,,GA,,,110511914,MIAMI,FL,US,,100250920,100250920,ShipTo,State,FL,,,Y,0,0,-0.93,PromotionIdAndCouponCode,0,,Self Funded,ReductionInTaxableBasis,,0,0,Tax,Sales and Use Tax,NonTaxable,0,0
,,,,2024-04-19+14:10:29,2024-04-19+00:00,Amazon.com,,AFN,,,SHIPMENT,MarketplaceFacilitator,Amazon,,1,USD,,,,0.93,FALSE,0.93,,,,,GA,,,110511914,MIAMI,FL,US,,100250920,100250920,ShipTo,City,NOT APPLICABLE,,,Y,0,0,-0.93,PromotionIdAndCouponCode,0,,Self Funded,ReductionInTaxableBasis,,0,0,Tax,,NonTaxable,0,0
,,,,2024-04-19+14:10:29,2024-04-19+00:00,Amazon.com,,AFN,,,SHIPMENT,MarketplaceFacilitator,Amazon,,1,USD,,,,0.93,FALSE,0.93,,,,,GA,,,110511914,MIAMI,FL,US,,100250920,100250920,ShipTo,County,MIAMI-DADE,,,Y,0,0,-0.93,PromotionIdAndCouponCode,0,,Self Funded,ReductionInTaxableBasis,,0,0,Tax,Local Sales and Use Tax (Discretionary Sales Surtax),NonTaxable,0,0
,,,,2024-04-19+14:10:29,2024-04-19+00:00,Amazon.com,,AFN,,,SHIPMENT,MarketplaceFacilitator,Amazon,,1,USD,,,,0.93,FALSE,0.93,,,,,GA,,,110511914,MIAMI,FL,US,,100250920,100250920,ShipTo,District,NOT APPLICABLE,,,Y,0,0,-0.93,PromotionIdAndCouponCode,0,,Self Funded,ReductionInTaxableBasis,,0,0,Tax,,NonTaxable,0,0
,,,,2024-04-19+14:10:29,2024-04-19+00:00,Amazon.com,,AFN,,,SHIPMENT,MarketplaceFacilitator,Amazon,,1,USD,,,,14.99,FALSE,14.99,0,0.97,,,GA,,,110511914,MIAMI,FL,US,,100250920,100250920,ShipTo,State,FL,,,Y,0,0,-1.2,PromotionIdAndCouponCode,0,,Amazon Funded Discount US,ReductionInTaxableBasis,,0.83,0.06,Tax,Sales and Use Tax,Taxable,0,13.79
,,,,2024-04-19+14:10:29,2024-04-19+00:00,Amazon.com,,AFN,,,SHIPMENT,MarketplaceFacilitator,Amazon,,1,USD,,,,14.99,FALSE,14.99,,,,,GA,,,110511914,MIAMI,FL,US,,100250920,100250920,ShipTo,City,NOT APPLICABLE,,,Y,0,0,-1.2,PromotionIdAndCouponCode,0,,Amazon Funded Discount US,ReductionInTaxableBasis,,0,0,Tax,,ZeroRated,13.79,0
,,,,2024-04-19+14:10:29,2024-04-19+00:00,Amazon.com,,AFN,,,SHIPMENT,MarketplaceFacilitator,Amazon,,1,USD,,,,14.99,FALSE,14.99,,,,,GA,,,110511914,MIAMI,FL,US,,100250920,100250920,ShipTo,County,MIAMI-DADE,,,Y,0,0,-1.2,PromotionIdAndCouponCode,0,,Amazon Funded Discount US,ReductionInTaxableBasis,,0.14,0.01,Tax,Local Sales and Use Tax (Discretionary Sales Surtax),Taxable,0,13.79
,,,,2024-04-19+14:10:29,2024-04-19+00:00,Amazon.com,,AFN,,,SHIPMENT,MarketplaceFacilitator,Amazon,,1,USD,,,,14.99,FALSE,14.99,,,,,GA,,,110511914,MIAMI,FL,US,,100250920,100250920,ShipTo,District,NOT APPLICABLE,,,Y,0,0,-1.2,PromotionIdAndCouponCode,0,,Amazon Funded Discount US,ReductionInTaxableBasis,,0,0,Tax,,ZeroRated,13.79,0
,,,,2024-04-19+14:10:29,2024-04-19+00:00,Amazon.com,,AFN,,,SHIPMENT,MarketplaceFacilitator,Amazon,,1,USD,,,,14.99,FALSE,14.99,0,0.97,,,GA,,,110511914,MIAMI,FL,US,,100250920,100250920,ShipTo,State,FL,,,Y,0,0,-1.2,PromotionIdAndCouponCode,0,,Amazon Funded Discount US,ReductionInTaxableBasis,,0.83,0.06,Tax,Sales and Use Tax,Taxable,0,13.79
,,,,2024-04-19+14:10:29,2024-04-19+00:00,Amazon.com,,AFN,,,SHIPMENT,MarketplaceFacilitator,Amazon,,1,USD,,,,14.99,FALSE,14.99,,,,,GA,,,110511914,MIAMI,FL,US,,100250920,100250920,ShipTo,City,NOT APPLICABLE,,,Y,0,0,-1.2,PromotionIdAndCouponCode,0,,Amazon Funded Discount US,ReductionInTaxableBasis,,0,0,Tax,,ZeroRated,13.79,0
,,,,2024-04-19+14:10:29,2024-04-19+00:00,Amazon.com,,AFN,,,SHIPMENT,MarketplaceFacilitator,Amazon,,1,USD,,,,14.99,FALSE,14.99,,,,,GA,,,110511914,MIAMI,FL,US,,100250920,100250920,ShipTo,County,MIAMI-DADE,,,Y,0,0,-1.2,PromotionIdAndCouponCode,0,,Amazon Funded Discount US,ReductionInTaxableBasis,,0.14,0.01,Tax,Local Sales and Use Tax (Discretionary Sales Surtax),Taxable,0,13.79
,,,,2024-04-19+14:10:29,2024-04-19+00:00,Amazon.com,,AFN,,,SHIPMENT,MarketplaceFacilitator,Amazon,,1,USD,,,,14.99,FALSE,14.99,,,,,GA,,,110511914,MIAMI,FL,US,,100250920,100250920,ShipTo,District,NOT APPLICABLE,,,Y,0,0,-1.2,PromotionIdAndCouponCode,0,,Amazon Funded Discount US,ReductionInTaxableBasis,,0,0,Tax,,ZeroRated,13.79,0
,,,,2024-04-19+12:33:53,2024-04-20+00:00,Amazon.com,,AFN,,,SHIPMENT,MarketplaceFacilitator,Amazon,,1,USD,,,,14.9,FALSE,14.9,0,0.99,,,NJ,,,310150000,HOBOKEN,NJ,US,,310171020,310171020,ShipTo,State,NJ,,,,,,,,,,,,,0.99,0.06625,Tax,Sales and Use Tax,Taxable,0,14.9
,,,,2024-04-19+12:33:53,2024-04-20+00:00,Amazon.com,,AFN,,,SHIPMENT,MarketplaceFacilitator,Amazon,,1,USD,,,,14.9,FALSE,14.9,,,,,NJ,,,310150000,HOBOKEN,NJ,US,,310171020,310171020,ShipTo,City,NOT APPLICABLE,,,,,,,,,,,,,0,0,Tax,,ZeroRated,14.9,0
,,,,2024-04-19+12:33:53,2024-04-20+00:00,Amazon.com,,AFN,,,SHIPMENT,MarketplaceFacilitator,Amazon,,1,USD,,,,14.9,FALSE,14.9,,,,,NJ,,,310150000,HOBOKEN,NJ,US,,310171020,310171020,ShipTo,County,NOT APPLICABLE,,,,,,,,,,,,,0,0,Tax,,ZeroRated,14.9,0
,,,,2024-04-19+12:33:53,2024-04-20+00:00,Amazon.com,,AFN,,,SHIPMENT,MarketplaceFacilitator,Amazon,,1,USD,,,,14.9,FALSE,14.9,,,,,NJ,,,310150000,HOBOKEN,NJ,US,,310171020,310171020,ShipTo,District,NOT APPLICABLE,,,,,,,,,,,,,0,0,Tax,,ZeroRated,14.9,0
,,,,2024-04-13+14:55:58,2024-04-20+00:00,Amazon.com,,AFN,,,RETURN,MarketplaceFacilitator,Amazon,,1,USD,,,,16.75,FALSE,-16.75,0,-1.38,,,CA,,,470590000,VISTA,CA,US,,050733700,050733700,ShipTo,State,CA,,,,,,,,,,,,,-1.01,0.06,Tax,Sales and Use Tax,Taxable,0,-16.75
,,,,2024-04-13+14:55:58,2024-04-20+00:00,Amazon.com,,AFN,,,RETURN,MarketplaceFacilitator,Amazon,,1,USD,,,,16.75,FALSE,-16.75,,,,,CA,,,470590000,VISTA,CA,US,,050733700,050733700,ShipTo,City,NOT APPLICABLE,,,,,,,,,,,,,0,0,Tax,,ZeroRated,-16.75,0
,,,,2024-04-13+14:55:58,2024-04-20+00:00,Amazon.com,,AFN,,,RETURN,MarketplaceFacilitator,Amazon,,1,USD,,,,16.75,FALSE,-16.75,,,,,CA,,,470590000,VISTA,CA,US,,050733700,050733700,ShipTo,County,SAN DIEGO,,,,,,,,,,,,,-0.21,0.0125,Tax,Local Sales and Use Tax,Taxable,0,-16.75
,,,,2024-04-13+14:55:58,2024-04-20+00:00,Amazon.com,,AFN,,,RETURN,MarketplaceFacilitator,Amazon,,1,USD,,,,16.75,FALSE,-16.75,,,,,CA,,,470590000,VISTA,CA,US,,050733700,050733700,ShipTo,District,REGIONAL TRANSPORTATION COMMISSION (SDCT),,,,,,,,,,,,,-0.08,0.005,Tax,Local Sales and Use Tax,Taxable,0,-16.75
,,,,2024-04-13+14:55:58,2024-04-20+00:00,Amazon.com,,AFN,,,RETURN,MarketplaceFacilitator,Amazon,,1,USD,,,,16.75,FALSE,-16.75,,,,,CA,,,470590000,VISTA,CA,US,,050733700,050733700,ShipTo,District,TRANSACTIONS AND USE TAX (VSTA),,,,,,,,,,,,,-0.08,0.005,Tax,Local Sales and Use Tax,Taxable,0,-16.75
,,,,2024-04-19+17:25:33,2024-04-20+00:00,Amazon.com,,AFN,,,SHIPMENT,MarketplaceFacilitator,Amazon,,1,USD,,,,14.9,FALSE,14.9,0,0.89,,,WA,,,480330320,COEUR D ALENE,ID,US,,130550070,130550070,ShipTo,State,ID,,,,,,,,,,,,,0.89,0.06,Tax,Sales and Use Tax,Taxable,0,14.9
,,,,2024-04-19+17:25:33,2024-04-20+00:00,Amazon.com,,AFN,,,SHIPMENT,MarketplaceFacilitator,Amazon,,1,USD,,,,14.9,FALSE,14.9,,,,,WA,,,480330320,COEUR D ALENE,ID,US,,130550070,130550070,ShipTo,City,NOT APPLICABLE,,,,,,,,,,,,,0,0,Tax,,ZeroRated,14.9,0
,,,,2024-04-19+17:25:33,2024-04-20+00:00,Amazon.com,,AFN,,,SHIPMENT,MarketplaceFacilitator,Amazon,,1,USD,,,,14.9,FALSE,14.9,,,,,WA,,,480330320,COEUR D ALENE,ID,US,,130550070,130550070,ShipTo,County,NOT APPLICABLE,,,,,,,,,,,,,0,0,Tax,,ZeroRated,14.9,0
,,,,2024-04-19+17:25:33,2024-04-20+00:00,Amazon.com,,AFN,,,SHIPMENT,MarketplaceFacilitator,Amazon,,1,USD,,,,14.9,FALSE,14.9,,,,,WA,,,480330320,COEUR D ALENE,ID,US,,130550070,130550070,ShipTo,District,NOT APPLICABLE,,,,,,,,,,,,,0,0,Tax,,ZeroRated,14.9,0
,,,,2024-04-20+15:03:39,2024-04-20+00:00,Amazon.com,,AFN,,,SHIPMENT,MarketplaceFacilitator,Amazon,,1,USD,,,,19.99,FALSE,19.99,0,1.85,,,TN,,,431570560,NASHVILLE,TN,US,,430370620,430370620,ShipTo,State,TN,,,,,,,,,,,,,1.4,0.07,Tax,Sales and Use Tax,Taxable,0,19.99
,,,,2024-04-20+15:03:39,2024-04-20+00:00,Amazon.com,,AFN,,,SHIPMENT,MarketplaceFacilitator,Amazon,,1,USD,,,,19.99,FALSE,19.99,,,,,TN,,,431570560,NASHVILLE,TN,US,,430370620,430370620,ShipTo,State,TN,,,,,,,,,,,,,0,0,Tax,State Single Article Tax,NonTaxable,19.99,0
,,,,2024-04-20+15:03:39,2024-04-20+00:00,Amazon.com,,AFN,,,SHIPMENT,MarketplaceFacilitator,Amazon,,1,USD,,,,19.99,FALSE,19.99,,,,,TN,,,431570560,NASHVILLE,TN,US,,430370620,430370620,ShipTo,City,NOT APPLICABLE,,,,,,,,,,,,,0,0,Tax,,ZeroRated,19.99,0
,,,,2024-04-20+15:03:39,2024-04-20+00:00,Amazon.com,,AFN,,,SHIPMENT,MarketplaceFacilitator,Amazon,,1,USD,,,,19.99,FALSE,19.99,,,,,TN,,,431570560,NASHVILLE,TN,US,,430370620,430370620,ShipTo,County,DAVIDSON,,,,,,,,,,,,,0.45,0.0225,Tax,Local Sales and Use Tax,Taxable,0,19.99
,,,,2024-04-20+15:03:39,2024-04-20+00:00,Amazon.com,,AFN,,,SHIPMENT,MarketplaceFacilitator,Amazon,,1,USD,,,,19.99,FALSE,19.99,,,,,TN,,,431570560,NASHVILLE,TN,US,,430370620,430370620,ShipTo,District,NOT APPLICABLE,,,,,,,,,,,,,0,0,Tax,,ZeroRated,19.99,0
,,,,2024-04-19+23:43:16,2024-04-20+00:00,Amazon.com,,AFN,,,SHIPMENT,MarketplaceFacilitator,Amazon,,1,USD,,,,19.99,FALSE,19.99,0,1.56,,,WA,,,480330320,RIDGEFIELD,WA,US,,480110000,480110000,ShipTo,State,WA,,,,,,,,,,,,,1.3,0.065,Tax,Retail Sales and Use Tax,Taxable,0,19.99
,,,,2024-04-19+23:43:16,2024-04-20+00:00,Amazon.com,,AFN,,,SHIPMENT,MarketplaceFacilitator,Amazon,,1,USD,,,,19.99,FALSE,19.99,,,,,WA,,,480330320,RIDGEFIELD,WA,US,,480110000,480110000,ShipTo,City,NOT APPLICABLE,,,,,,,,,,,,,0,0,Tax,,ZeroRated,19.99,0
,,,,2024-04-19+23:43:16,2024-04-20+00:00,Amazon.com,,AFN,,,SHIPMENT,MarketplaceFacilitator,Amazon,,1,USD,,,,19.99,FALSE,19.99,,,,,WA,,,480330320,RIDGEFIELD,WA,US,,480110000,480110000,ShipTo,County,CLARK,,,,,,,,,,,,,0.26,0.013,Tax,Local Sales and Use Tax,Taxable,0,19.99
,,,,2024-04-19+23:43:16,2024-04-20+00:00,Amazon.com,,AFN,,,SHIPMENT,MarketplaceFacilitator,Amazon,,1,USD,,,,19.99,FALSE,19.99,,,,,WA,,,480330320,RIDGEFIELD,WA,US,,480110000,480110000,ShipTo,District,NOT APPLICABLE,,,,,,,,,,,,,0,0,Tax,,ZeroRated,19.99,0
,,,,2024-04-20+23:48:39,2024-04-21+00:00,Amazon.com,,AFN,,,SHIPMENT,MarketplaceFacilitator,Amazon,,1,USD,,,,19.99,FALSE,19.99,0,1.72,,,NY,,,330852010,PORT WASHINGTON,NY,US,,330590000,330590000,ShipTo,State,NY,,,,,,,,,,,,,0.8,0.04,Tax,Sales and Compensating Use Tax,Taxable,0,19.99
,,,,2024-04-20+23:48:39,2024-04-21+00:00,Amazon.com,,AFN,,,SHIPMENT,MarketplaceFacilitator,Amazon,,1,USD,,,,19.99,FALSE,19.99,,,,,NY,,,330852010,PORT WASHINGTON,NY,US,,330590000,330590000,ShipTo,City,NOT APPLICABLE,,,,,,,,,,,,,0,0,Tax,,ZeroRated,19.99,0
,,,,2024-04-20+23:48:39,2024-04-21+00:00,Amazon.com,,AFN,,,SHIPMENT,MarketplaceFacilitator,Amazon,,1,USD,,,,19.99,FALSE,19.99,,,,,NY,,,330852010,PORT WASHINGTON,NY,US,,330590000,330590000,ShipTo,County,NASSAU,,,,,,,,,,,,,0.85,0.0425,Tax,Local Sales and Use Tax,Taxable,0,19.99
,,,,2024-04-20+23:48:39,2024-04-21+00:00,Amazon.com,,AFN,,,SHIPMENT,MarketplaceFacilitator,Amazon,,1,USD,,,,19.99,FALSE,19.99,,,,,NY,,,330852010,PORT WASHINGTON,NY,US,,330590000,330590000,ShipTo,District,METROPOLITAN COMMUTER TRANSPORTATION DISTRICT,,,,,,,,,,,,,0.07,0.00375,Tax,Metropolitan Commuter Transportation District,Taxable,0,19.99
,,,,2024-04-21+02:31:42,2024-04-21+00:00,Amazon.com,,AFN,,,SHIPMENT,MarketplaceFacilitator,Amazon,,1,USD,,,,19.99,FALSE,19.99,0,1.5,,,GA,,,110511914,TAMPA,FL,US,,100571570,100571570,ShipTo,State,FL,,,,,,,,,,,,,1.2,0.06,Tax,Sales and Use Tax,Taxable,0,19.99
,,,,2024-04-21+02:31:42,2024-04-21+00:00,Amazon.com,,AFN,,,SHIPMENT,MarketplaceFacilitator,Amazon,,1,USD,,,,19.99,FALSE,19.99,,,,,GA,,,110511914,TAMPA,FL,US,,100571570,100571570,ShipTo,City,NOT APPLICABLE,,,,,,,,,,,,,0,0,Tax,,ZeroRated,19.99,0
,,,,2024-04-21+02:31:42,2024-04-21+00:00,Amazon.com,,AFN,,,SHIPMENT,MarketplaceFacilitator,Amazon,,1,USD,,,,19.99,FALSE,19.99,,,,,GA,,,110511914,TAMPA,FL,US,,100571570,100571570,ShipTo,County,HILLSBOROUGH,,,,,,,,,,,,,0.3,0.015,Tax,Local Sales and Use Tax (Discretionary Sales Surtax),Taxable,0,19.99
,,,,2024-04-21+02:31:42,2024-04-21+00:00,Amazon.com,,AFN,,,SHIPMENT,MarketplaceFacilitator,Amazon,,1,USD,,,,19.99,FALSE,19.99,,,,,GA,,,110511914,TAMPA,FL,US,,100571570,100571570,ShipTo,District,NOT APPLICABLE,,,,,,,,,,,,,0,0,Tax,,ZeroRated,19.99,0
,,,,2024-04-21+06:13:50,2024-04-21+00:00,Amazon.com,,AFN,,,SHIPMENT,MarketplaceFacilitator,Amazon,,1,USD,,,,19.99,FALSE,19.99,0,1.2,,,NY,,,330550000,EASTON,PA,US,,390950000,390950000,ShipTo,State,PA,,,,,,,,,,,,,1.2,0.06,Tax,Sales and Use Tax,Taxable,0,19.99
,,,,2024-04-21+06:13:50,2024-04-21+00:00,Amazon.com,,AFN,,,SHIPMENT,MarketplaceFacilitator,Amazon,,1,USD,,,,19.99,FALSE,19.99,,,,,NY,,,330550000,EASTON,PA,US,,390950000,390950000,ShipTo,City,NOT APPLICABLE,,,,,,,,,,,,,0,0,Tax,,ZeroRated,19.99,0
,,,,2024-04-21+06:13:50,2024-04-21+00:00,Amazon.com,,AFN,,,SHIPMENT,MarketplaceFacilitator,Amazon,,1,USD,,,,19.99,FALSE,19.99,,,,,NY,,,330550000,EASTON,PA,US,,390950000,390950000,ShipTo,County,NOT APPLICABLE,,,,,,,,,,,,,0,0,Tax,,ZeroRated,19.99,0
,,,,2024-04-21+06:13:50,2024-04-21+00:00,Amazon.com,,AFN,,,SHIPMENT,MarketplaceFacilitator,Amazon,,1,USD,,,,19.99,FALSE,19.99,,,,,NY,,,330550000,EASTON,PA,US,,390950000,390950000,ShipTo,District,NOT APPLICABLE,,,,,,,,,,,,,0,0,Tax,,ZeroRated,19.99,0
,,,,2024-04-21+14:03:43,2024-04-22+00:00,Amazon.com,,AFN,,,SHIPMENT,MarketplaceFacilitator,Amazon,,1,USD,,,,19.99,FALSE,19.99,0,1.65,,,TX,,,444535425,AUSTIN,TX,US,,444535427,444535427,ShipTo,State,TX,,,,,,,,,,,,,1.25,0.0625,Tax,Sales and Use Tax,Taxable,0,19.99
,,,,2024-04-21+14:03:43,2024-04-22+00:00,Amazon.com,,AFN,,,SHIPMENT,MarketplaceFacilitator,Amazon,,1,USD,,,,19.99,FALSE,19.99,,,,,TX,,,444535425,AUSTIN,TX,US,,444535427,444535427,ShipTo,City,NOT APPLICABLE,,,,,,,,,,,,,0,0,Tax,,ZeroRated,19.99,0
,,,,2024-04-21+14:03:43,2024-04-22+00:00,Amazon.com,,AFN,,,SHIPMENT,MarketplaceFacilitator,Amazon,,1,USD,,,,19.99,FALSE,19.99,,,,,TX,,,444535425,AUSTIN,TX,US,,444535427,444535427,ShipTo,County,NOT APPLICABLE,,,,,,,,,,,,,0,0,Tax,,ZeroRated,19.99,0
,,,,2024-04-21+14:03:43,2024-04-22+00:00,Amazon.com,,AFN,,,SHIPMENT,MarketplaceFacilitator,Amazon,,1,USD,,,,19.99,FALSE,19.99,,,,,TX,,,444535425,AUSTIN,TX,US,,444535427,444535427,ShipTo,District,AUSTIN METROPOLITAN TRANSIT AUTHORITY,,,,,,,,,,,,,0.2,0.01,Tax,Local Sales and Use Tax,Taxable,0,19.99
,,,,2024-04-21+14:03:43,2024-04-22+00:00,Amazon.com,,AFN,,,SHIPMENT,MarketplaceFacilitator,Amazon,,1,USD,,,,19.99,FALSE,19.99,,,,,TX,,,444535425,AUSTIN,TX,US,,444535427,444535427,ShipTo,District,TRAVIS COUNTY EMERGENCY SERVICES DISTRICT NO. 4,,,,,,,,,,,,,0.2,0.01,Tax,Local Sales and Use Tax,Taxable,0,19.99
,,,,2024-04-22+16:24:32,2024-04-22+00:00,Amazon.com,,AFN,,,SHIPMENT,MarketplaceFacilitator,Amazon,,1,USD,,,,15.99,FALSE,15.99,0,0.96,,,OH,,,361132610,BATTLE CREEK,MI,US,,230150000,230150000,ShipTo,State,MI,,,,,,,,,,,,,0.96,0.06,Tax,Sales and Use Tax,Taxable,0,15.99
,,,,2024-04-22+16:24:32,2024-04-22+00:00,Amazon.com,,AFN,,,SHIPMENT,MarketplaceFacilitator,Amazon,,1,USD,,,,15.99,FALSE,15.99,,,,,OH,,,361132610,BATTLE CREEK,MI,US,,230150000,230150000,ShipTo,City,NOT APPLICABLE,,,,,,,,,,,,,0,0,Tax,,ZeroRated,15.99,0
,,,,2024-04-22+16:24:32,2024-04-22+00:00,Amazon.com,,AFN,,,SHIPMENT,MarketplaceFacilitator,Amazon,,1,USD,,,,15.99,FALSE,15.99,,,,,OH,,,361132610,BATTLE CREEK,MI,US,,230150000,230150000,ShipTo,County,NOT APPLICABLE,,,,,,,,,,,,,0,0,Tax,,ZeroRated,15.99,0
,,,,2024-04-22+16:24:32,2024-04-22+00:00,Amazon.com,,AFN,,,SHIPMENT,MarketplaceFacilitator,Amazon,,1,USD,,,,15.99,FALSE,15.99,,,,,OH,,,361132610,BATTLE CREEK,MI,US,,230150000,230150000,ShipTo,District,NOT APPLICABLE,,,,,,,,,,,,,0,0,Tax,,ZeroRated,15.99,0
,,,,2024-04-22+14:00:12,2024-04-22+00:00,Amazon.com,,AFN,,,SHIPMENT,MarketplaceFacilitator,Amazon,,1,USD,,,,15.99,FALSE,15.99,0,1.12,,,UT,,,450350270,PARKER,CO,US,,060355428,060355428,ShipTo,State,CO,,,,,,,,,,,,,0.46,0.029,Tax,Sales and Use Tax,Taxable,0,15.99
,,,,2024-04-22+14:00:12,2024-04-22+00:00,Amazon.com,,AFN,,,SHIPMENT,MarketplaceFacilitator,Amazon,,1,USD,,,,15.99,FALSE,15.99,,,,,UT,,,450350270,PARKER,CO,US,,060355428,060355428,ShipTo,City,PARKER,,,,,,,,,,,,,0.48,0.03,Tax,Local Sales and Use Tax,Taxable,0,15.99
,,,,2024-04-22+14:00:12,2024-04-22+00:00,Amazon.com,,AFN,,,SHIPMENT,MarketplaceFacilitator,Amazon,,1,USD,,,,15.99,FALSE,15.99,,,,,UT,,,450350270,PARKER,CO,US,,060355428,060355428,ShipTo,County,DOUGLAS,,,,,,,,,,,,,0.16,0.01,Tax,Local Sales and Use Tax,Taxable,0,15.99
,,,,2024-04-22+14:00:12,2024-04-22+00:00,Amazon.com,,AFN,,,SHIPMENT,MarketplaceFacilitator,Amazon,,1,USD,,,,15.99,FALSE,15.99,,,,,UT,,,450350270,PARKER,CO,US,,060355428,060355428,ShipTo,District,SCIENTIFIC AND CULTURAL FACILITIES DISTRICT,,,,,,,,,,,,,0.02,0.001,Tax,Local Sales and Use Tax,Taxable,0,15.99
,,,,2024-04-22+16:46:32,2024-04-22+00:00,Amazon.com,,AFN,,,SHIPMENT,MarketplaceFacilitator,Amazon,,1,USD,,,,1.5,FALSE,1.5,0,0,,,NC,,,341830000,CARY,NC,US,,341830150,341830150,ShipTo,State,NC,,,Y,0,0,-1.5,PromotionIdAndCouponCode,0,,Self Funded,ReductionInTaxableBasis,,0,0.0475,Tax,Sales and Use Tax,Taxable,0,0
,,,,2024-04-22+16:46:32,2024-04-22+00:00,Amazon.com,,AFN,,,SHIPMENT,MarketplaceFacilitator,Amazon,,1,USD,,,,1.5,FALSE,1.5,,,,,NC,,,341830000,CARY,NC,US,,341830150,341830150,ShipTo,City,NOT APPLICABLE,,,Y,0,0,-1.5,PromotionIdAndCouponCode,0,,Self Funded,ReductionInTaxableBasis,,0,0,Tax,,NonTaxable,0,0
,,,,2024-04-22+16:46:32,2024-04-22+00:00,Amazon.com,,AFN,,,SHIPMENT,MarketplaceFacilitator,Amazon,,1,USD,,,,1.5,FALSE,1.5,,,,,NC,,,341830000,CARY,NC,US,,341830150,341830150,ShipTo,County,WAKE,,,Y,0,0,-1.5,PromotionIdAndCouponCode,0,,Self Funded,ReductionInTaxableBasis,,0,0.02,Tax,Local Sales and Use Tax,Taxable,0,0
,,,,2024-04-22+16:46:32,2024-04-22+00:00,Amazon.com,,AFN,,,SHIPMENT,MarketplaceFacilitator,Amazon,,1,USD,,,,1.5,FALSE,1.5,,,,,NC,,,341830000,CARY,NC,US,,341830150,341830150,ShipTo,District,PUBLIC TRANSPORTATION AUTHORITY,,,Y,0,0,-1.5,PromotionIdAndCouponCode,0,,Self Funded,ReductionInTaxableBasis,,0,0.005,Tax,Local Sales and Use Tax,Taxable,0,0
,,,,2024-04-22+16:46:32,2024-04-22+00:00,Amazon.com,,AFN,,,SHIPMENT,MarketplaceFacilitator,Amazon,,1,USD,,,,15.99,FALSE,15.99,0,1.16,,,NC,,,341830000,CARY,NC,US,,341830150,341830150,ShipTo,State,NC,,,,,,,,,,,,,0.76,0.0475,Tax,Sales and Use Tax,Taxable,0,15.99
,,,,2024-04-22+16:46:32,2024-04-22+00:00,Amazon.com,,AFN,,,SHIPMENT,MarketplaceFacilitator,Amazon,,1,USD,,,,15.99,FALSE,15.99,,,,,NC,,,341830000,CARY,NC,US,,341830150,341830150,ShipTo,City,NOT APPLICABLE,,,,,,,,,,,,,0,0,Tax,,ZeroRated,15.99,0
,,,,2024-04-22+16:46:32,2024-04-22+00:00,Amazon.com,,AFN,,,SHIPMENT,MarketplaceFacilitator,Amazon,,1,USD,,,,15.99,FALSE,15.99,,,,,NC,,,341830000,CARY,NC,US,,341830150,341830150,ShipTo,County,WAKE,,,,,,,,,,,,,0.32,0.02,Tax,Local Sales and Use Tax,Taxable,0,15.99
,,,,2024-04-22+16:46:32,2024-04-22+00:00,Amazon.com,,AFN,,,SHIPMENT,MarketplaceFacilitator,Amazon,,1,USD,,,,15.99,FALSE,15.99,,,,,NC,,,341830000,CARY,NC,US,,341830150,341830150,ShipTo,District,PUBLIC TRANSPORTATION AUTHORITY,,,,,,,,,,,,,0.08,0.005,Tax,Local Sales and Use Tax,Taxable,0,15.99
,,,,2024-04-11+06:01:50,2024-04-22+00:00,Amazon.com,,AFN,,,RETURN,MarketplaceFacilitator,Amazon,,1,USD,,,,14.98,FALSE,-14.98,0,-0.9,,,UT,,,450350270,BRUNEAU,ID,US,,130730000,130730000,ShipTo,State,ID,,,,,,,,,,,,,-0.9,0.06,Tax,Sales and Use Tax,Taxable,0,-14.98
,,,,2024-04-11+06:01:50,2024-04-22+00:00,Amazon.com,,AFN,,,RETURN,MarketplaceFacilitator,Amazon,,1,USD,,,,14.98,FALSE,-14.98,,,,,UT,,,450350270,BRUNEAU,ID,US,,130730000,130730000,ShipTo,City,NOT APPLICABLE,,,,,,,,,,,,,0,0,Tax,,ZeroRated,-14.98,0
,,,,2024-04-11+06:01:50,2024-04-22+00:00,Amazon.com,,AFN,,,RETURN,MarketplaceFacilitator,Amazon,,1,USD,,,,14.98,FALSE,-14.98,,,,,UT,,,450350270,BRUNEAU,ID,US,,130730000,130730000,ShipTo,County,NOT APPLICABLE,,,,,,,,,,,,,0,0,Tax,,ZeroRated,-14.98,0
,,,,2024-04-11+06:01:50,2024-04-22+00:00,Amazon.com,,AFN,,,RETURN,MarketplaceFacilitator,Amazon,,1,USD,,,,14.98,FALSE,-14.98,,,,,UT,,,450350270,BRUNEAU,ID,US,,130730000,130730000,ShipTo,District,NOT APPLICABLE,,,,,,,,,,,,,0,0,Tax,,ZeroRated,-14.98,0
,,,,2024-04-22+21:40:37,2024-04-23+00:00,Amazon.com,,AFN,,,SHIPMENT,MarketplaceFacilitator,Amazon,,1,USD,,,,15.99,FALSE,15.99,0,1.42,,,NJ,,,310150000,NEW YORK,NY,US,,330612010,330612010,ShipTo,State,NY,,,,,,,,,,,,,0.64,0.04,Tax,Sales and Compensating Use Tax,Taxable,0,15.99
,,,,2024-04-22+21:40:37,2024-04-23+00:00,Amazon.com,,AFN,,,SHIPMENT,MarketplaceFacilitator,Amazon,,1,USD,,,,15.99,FALSE,15.99,,,,,NJ,,,310150000,NEW YORK,NY,US,,330612010,330612010,ShipTo,City,NEW YORK,,,,,,,,,,,,,0.72,0.045,Tax,Local Sales and Use Tax,Taxable,0,15.99
,,,,2024-04-22+21:40:37,2024-04-23+00:00,Amazon.com,,AFN,,,SHIPMENT,MarketplaceFacilitator,Amazon,,1,USD,,,,15.99,FALSE,15.99,,,,,NJ,,,310150000,NEW YORK,NY,US,,330612010,330612010,ShipTo,County,NOT APPLICABLE,,,,,,,,,,,,,0,0,Tax,,ZeroRated,15.99,0
,,,,2024-04-22+21:40:37,2024-04-23+00:00,Amazon.com,,AFN,,,SHIPMENT,MarketplaceFacilitator,Amazon,,1,USD,,,,15.99,FALSE,15.99,,,,,NJ,,,310150000,NEW YORK,NY,US,,330612010,330612010,ShipTo,District,METROPOLITAN COMMUTER TRANSPORTATION DISTRICT,,,,,,,,,,,,,0.06,0.00375,Tax,Metropolitan Commuter Transportation District,Taxable,0,15.99
,,,,2024-04-22+17:05:34,2024-04-23+00:00,Amazon.com,,AFN,,,SHIPMENT,MarketplaceFacilitator,Amazon,,1,USD,,,,0.6,FALSE,0.6,0,0,,,WA,,,480330320,KIRKLAND,WA,US,,480330330,480330330,ShipTo,State,WA,,,Y,0,0,-0.6,PromotionIdAndCouponCode,0,,Self Funded,ReductionInTaxableBasis,,0,0.065,Tax,Retail Sales and Use Tax,Taxable,0,0
,,,,2024-04-22+17:05:34,2024-04-23+00:00,Amazon.com,,AFN,,,SHIPMENT,MarketplaceFacilitator,Amazon,,1,USD,,,,0.6,FALSE,0.6,,,,,WA,,,480330320,KIRKLAND,WA,US,,480330330,480330330,ShipTo,City,KIRKLAND,,,Y,0,0,-0.6,PromotionIdAndCouponCode,0,,Self Funded,ReductionInTaxableBasis,,0,0.024,Tax,Local Sales and Use Tax,Taxable,0,0
,,,,2024-04-22+17:05:34,2024-04-23+00:00,Amazon.com,,AFN,,,SHIPMENT,MarketplaceFacilitator,Amazon,,1,USD,,,,0.6,FALSE,0.6,,,,,WA,,,480330320,KIRKLAND,WA,US,,480330330,480330330,ShipTo,County,KING,,,Y,0,0,-0.6,PromotionIdAndCouponCode,0,,Self Funded,ReductionInTaxableBasis,,0,0,Tax,Local Sales and Use Tax,NonTaxable,0,0
,,,,2024-04-22+17:05:34,2024-04-23+00:00,Amazon.com,,AFN,,,SHIPMENT,MarketplaceFacilitator,Amazon,,1,USD,,,,0.6,FALSE,0.6,,,,,WA,,,480330320,KIRKLAND,WA,US,,480330330,480330330,ShipTo,District,REGIONAL TRANSIT AUTHORITY,,,Y,0,0,-0.6,PromotionIdAndCouponCode,0,,Self Funded,ReductionInTaxableBasis,,0,0.014,Tax,Local Sales and Use Tax,Taxable,0,0
,,,,2024-04-22+17:05:34,2024-04-23+00:00,Amazon.com,,AFN,,,SHIPMENT,MarketplaceFacilitator,Amazon,,1,USD,,,,15.99,FALSE,15.99,0,1.65,,,WA,,,480330320,KIRKLAND,WA,US,,480330330,480330330,ShipTo,State,WA,,,,,,,,,,,,,1.04,0.065,Tax,Retail Sales and Use Tax,Taxable,0,15.99
,,,,2024-04-22+17:05:34,2024-04-23+00:00,Amazon.com,,AFN,,,SHIPMENT,MarketplaceFacilitator,Amazon,,1,USD,,,,15.99,FALSE,15.99,,,,,WA,,,480330320,KIRKLAND,WA,US,,480330330,480330330,ShipTo,City,KIRKLAND,,,,,,,,,,,,,0.39,0.024,Tax,Local Sales and Use Tax,Taxable,0,15.99
,,,,2024-04-22+17:05:34,2024-04-23+00:00,Amazon.com,,AFN,,,SHIPMENT,MarketplaceFacilitator,Amazon,,1,USD,,,,15.99,FALSE,15.99,,,,,WA,,,480330320,KIRKLAND,WA,US,,480330330,480330330,ShipTo,County,KING,,,,,,,,,,,,,0,0,Tax,Local Sales and Use Tax,NonTaxable,15.99,0
,,,,2024-04-22+17:05:34,2024-04-23+00:00,Amazon.com,,AFN,,,SHIPMENT,MarketplaceFacilitator,Amazon,,1,USD,,,,15.99,FALSE,15.99,,,,,WA,,,480330320,KIRKLAND,WA,US,,480330330,480330330,ShipTo,District,REGIONAL TRANSIT AUTHORITY,,,,,,,,,,,,,0.22,0.014,Tax,Local Sales and Use Tax,Taxable,0,15.99
,,,,2024-04-22+17:11:41,2024-04-23+00:00,Amazon.com,,AFN,,,SHIPMENT,MarketplaceFacilitator,Amazon,,1,USD,,,,14.9,FALSE,14.9,0,1.04,,,GA,,,110511914,DORAL,FL,US,,100250074,100250074,ShipTo,State,FL,,,,,,,,,,,,,0.89,0.06,Tax,Sales and Use Tax,Taxable,0,14.9
,,,,2024-04-22+17:11:41,2024-04-23+00:00,Amazon.com,,AFN,,,SHIPMENT,MarketplaceFacilitator,Amazon,,1,USD,,,,14.9,FALSE,14.9,,,,,GA,,,110511914,DORAL,FL,US,,100250074,100250074,ShipTo,City,NOT APPLICABLE,,,,,,,,,,,,,0,0,Tax,,ZeroRated,14.9,0
,,,,2024-04-22+17:11:41,2024-04-23+00:00,Amazon.com,,AFN,,,SHIPMENT,MarketplaceFacilitator,Amazon,,1,USD,,,,14.9,FALSE,14.9,,,,,GA,,,110511914,DORAL,FL,US,,100250074,100250074,ShipTo,County,MIAMI-DADE,,,,,,,,,,,,,0.15,0.01,Tax,Local Sales and Use Tax (Discretionary Sales Surtax),Taxable,0,14.9
,,,,2024-04-22+17:11:41,2024-04-23+00:00,Amazon.com,,AFN,,,SHIPMENT,MarketplaceFacilitator,Amazon,,1,USD,,,,14.9,FALSE,14.9,,,,,GA,,,110511914,DORAL,FL,US,,100250074,100250074,ShipTo,District,NOT APPLICABLE,,,,,,,,,,,,,0,0,Tax,,ZeroRated,14.9,0
,,,,2024-04-23+04:42:04,2024-04-23+00:00,Amazon.com,,AFN,,,SHIPMENT,MarketplaceFacilitator,Amazon,,1,USD,,,,15.99,FALSE,15.99,0,1.08,,,NC,,,341830000,TABOR CITY,NC,US,,340472233,340472233,ShipTo,State,NC,,,,,,,,,,,,,0.76,0.0475,Tax,Sales and Use Tax,Taxable,0,15.99
,,,,2024-04-23+04:42:04,2024-04-23+00:00,Amazon.com,,AFN,,,SHIPMENT,MarketplaceFacilitator,Amazon,,1,USD,,,,15.99,FALSE,15.99,,,,,NC,,,341830000,TABOR CITY,NC,US,,340472233,340472233,ShipTo,City,NOT APPLICABLE,,,,,,,,,,,,,0,0,Tax,,ZeroRated,15.99,0
,,,,2024-04-23+04:42:04,2024-04-23+00:00,Amazon.com,,AFN,,,SHIPMENT,MarketplaceFacilitator,Amazon,,1,USD,,,,15.99,FALSE,15.99,,,,,NC,,,341830000,TABOR CITY,NC,US,,340472233,340472233,ShipTo,County,COLUMBUS,,,,,,,,,,,,,0.32,0.02,Tax,Local Sales and Use Tax,Taxable,0,15.99
,,,,2024-04-23+04:42:04,2024-04-23+00:00,Amazon.com,,AFN,,,SHIPMENT,MarketplaceFacilitator,Amazon,,1,USD,,,,15.99,FALSE,15.99,,,,,NC,,,341830000,TABOR CITY,NC,US,,340472233,340472233,ShipTo,District,NOT APPLICABLE,,,,,,,,,,,,,0,0,Tax,,ZeroRated,15.99,0
,,,,2024-04-23+13:22:10,2024-04-23+00:00,Amazon.com,,AFN,,,SHIPMENT,MarketplaceFacilitator,Amazon,,1,USD,,,,1.5,FALSE,1.5,0,0,,,IL,,,141974702,AURORA,IL,US,,140430090,140430090,ShipTo,State,IL,,,Y,0,0,-1.5,PromotionIdAndCouponCode,0,,Self Funded,ReductionInTaxableBasis,,0,0,Tax,Retailers'/Service Occupation and Use/Service Use Tax,NonTaxable,0,0
,,,,2024-04-23+13:22:10,2024-04-23+00:00,Amazon.com,,AFN,,,SHIPMENT,MarketplaceFacilitator,Amazon,,1,USD,,,,1.5,FALSE,1.5,,,,,IL,,,141974702,AURORA,IL,US,,140430090,140430090,ShipTo,City,AURORA,,,Y,0,0,-1.5,PromotionIdAndCouponCode,0,,Self Funded,ReductionInTaxableBasis,,0,0,Tax,Local Sales Tax,NonTaxable,0,0
,,,,2024-04-23+13:22:10,2024-04-23+00:00,Amazon.com,,AFN,,,SHIPMENT,MarketplaceFacilitator,Amazon,,1,USD,,,,1.5,FALSE,1.5,,,,,IL,,,141974702,AURORA,IL,US,,140430090,140430090,ShipTo,County,NOT APPLICABLE,,,Y,0,0,-1.5,PromotionIdAndCouponCode,0,,Self Funded,ReductionInTaxableBasis,,0,0,Tax,,NonTaxable,0,0
,,,,2024-04-23+13:22:10,2024-04-23+00:00,Amazon.com,,AFN,,,SHIPMENT,MarketplaceFacilitator,Amazon,,1,USD,,,,1.5,FALSE,1.5,,,,,IL,,,141974702,AURORA,IL,US,,140430090,140430090,ShipTo,District,REGIONAL TRANSPORTATION AUTHORITY (DUPAGE),,,Y,0,0,-1.5,PromotionIdAndCouponCode,0,,Self Funded,ReductionInTaxableBasis,,0,0,Tax,Local Sales and Use Tax,NonTaxable,0,0
,,,,2024-04-23+13:22:10,2024-04-23+00:00,Amazon.com,,AFN,,,SHIPMENT,MarketplaceFacilitator,Amazon,,1,USD,,,,15.99,FALSE,15.99,0,1.32,,,IL,,,141974702,AURORA,IL,US,,140430090,140430090,ShipTo,State,IL,,,,,,,,,,,,,1,0.0625,Tax,Retailers'/Service Occupation and Use/Service Use Tax,Taxable,0,15.99
,,,,2024-04-23+13:22:10,2024-04-23+00:00,Amazon.com,,AFN,,,SHIPMENT,MarketplaceFacilitator,Amazon,,1,USD,,,,15.99,FALSE,15.99,,,,,IL,,,141974702,AURORA,IL,US,,140430090,140430090,ShipTo,City,AURORA,,,,,,,,,,,,,0.2,0.0125,Tax,Local Sales Tax,Taxable,0,15.99
,,,,2024-04-23+13:22:10,2024-04-23+00:00,Amazon.com,,AFN,,,SHIPMENT,MarketplaceFacilitator,Amazon,,1,USD,,,,15.99,FALSE,15.99,,,,,IL,,,141974702,AURORA,IL,US,,140430090,140430090,ShipTo,County,NOT APPLICABLE,,,,,,,,,,,,,0,0,Tax,,ZeroRated,15.99,0
,,,,2024-04-23+13:22:10,2024-04-23+00:00,Amazon.com,,AFN,,,SHIPMENT,MarketplaceFacilitator,Amazon,,1,USD,,,,15.99,FALSE,15.99,,,,,IL,,,141974702,AURORA,IL,US,,140430090,140430090,ShipTo,District,REGIONAL TRANSPORTATION AUTHORITY (DUPAGE),,,,,,,,,,,,,0.12,0.0075,Tax,Local Sales and Use Tax,Taxable,0,15.99
,,,,2024-04-23+17:06:01,2024-04-23+00:00,Amazon.com,,AFN,,,SHIPMENT,MarketplaceFacilitator,Amazon,,1,USD,,,,6.07,FALSE,6.07,0,0,,,WA,,,480330320,PULLMAN,WA,US,,480750580,480750580,ShipTo,State,WA,,,Y,0,0,-6.07,PromotionIdAndCouponCode,0,,Self Funded,ReductionInTaxableBasis,,0,0.065,Tax,Retail Sales and Use Tax,Taxable,0,0
,,,,2024-04-23+17:06:01,2024-04-23+00:00,Amazon.com,,AFN,,,SHIPMENT,MarketplaceFacilitator,Amazon,,1,USD,,,,6.07,FALSE,6.07,,,,,WA,,,480330320,PULLMAN,WA,US,,480750580,480750580,ShipTo,City,PULLMAN,,,Y,0,0,-6.07,PromotionIdAndCouponCode,0,,Self Funded,ReductionInTaxableBasis,,0,0.014,Tax,Local Sales and Use Tax,Taxable,0,0
,,,,2024-04-23+17:06:01,2024-04-23+00:00,Amazon.com,,AFN,,,SHIPMENT,MarketplaceFacilitator,Amazon,,1,USD,,,,6.07,FALSE,6.07,,,,,WA,,,480330320,PULLMAN,WA,US,,480750580,480750580,ShipTo,County,WHITMAN,,,Y,0,0,-6.07,PromotionIdAndCouponCode,0,,Self Funded,ReductionInTaxableBasis,,0,0,Tax,Local Sales and Use Tax,NonTaxable,0,0
,,,,2024-04-23+17:06:01,2024-04-23+00:00,Amazon.com,,AFN,,,SHIPMENT,MarketplaceFacilitator,Amazon,,1,USD,,,,6.07,FALSE,6.07,,,,,WA,,,480330320,PULLMAN,WA,US,,480750580,480750580,ShipTo,District,NOT APPLICABLE,,,Y,0,0,-6.07,PromotionIdAndCouponCode,0,,Self Funded,ReductionInTaxableBasis,,0,0,Tax,,NonTaxable,0,0
,,,,2024-04-23+17:06:01,2024-04-23+00:00,Amazon.com,,AFN,,,SHIPMENT,MarketplaceFacilitator,Amazon,,1,USD,,,,15.99,FALSE,15.99,0,1.26,,,WA,,,480330320,PULLMAN,WA,US,,480750580,480750580,ShipTo,State,WA,,,,,,,,,,,,,1.04,0.065,Tax,Retail Sales and Use Tax,Taxable,0,15.99
,,,,2024-04-23+17:06:01,2024-04-23+00:00,Amazon.com,,AFN,,,SHIPMENT,MarketplaceFacilitator,Amazon,,1,USD,,,,15.99,FALSE,15.99,,,,,WA,,,480330320,PULLMAN,WA,US,,480750580,480750580,ShipTo,City,PULLMAN,,,,,,,,,,,,,0.22,0.014,Tax,Local Sales and Use Tax,Taxable,0,15.99
,,,,2024-04-23+17:06:01,2024-04-23+00:00,Amazon.com,,AFN,,,SHIPMENT,MarketplaceFacilitator,Amazon,,1,USD,,,,15.99,FALSE,15.99,,,,,WA,,,480330320,PULLMAN,WA,US,,480750580,480750580,ShipTo,County,WHITMAN,,,,,,,,,,,,,0,0,Tax,Local Sales and Use Tax,NonTaxable,15.99,0
,,,,2024-04-23+17:06:01,2024-04-23+00:00,Amazon.com,,AFN,,,SHIPMENT,MarketplaceFacilitator,Amazon,,1,USD,,,,15.99,FALSE,15.99,,,,,WA,,,480330320,PULLMAN,WA,US,,480750580,480750580,ShipTo,District,NOT APPLICABLE,,,,,,,,,,,,,0,0,Tax,,ZeroRated,15.99,0
,,,,2024-04-23+12:33:50,2024-04-23+00:00,Amazon.com,,AFN,,,SHIPMENT,MarketplaceFacilitator,Amazon,,1,USD,,,,15.99,FALSE,15.99,0,1,,,NJ,,,310150000,WINCHESTER,MA,US,,220171160,220171160,ShipTo,State,MA,,,,,,,,,,,,,1,0.0625,Tax,Sales and Use Tax,Taxable,0,15.99
,,,,2024-04-23+12:33:50,2024-04-23+00:00,Amazon.com,,AFN,,,SHIPMENT,MarketplaceFacilitator,Amazon,,1,USD,,,,15.99,FALSE,15.99,,,,,NJ,,,310150000,WINCHESTER,MA,US,,220171160,220171160,ShipTo,City,NOT APPLICABLE,,,,,,,,,,,,,0,0,Tax,,ZeroRated,15.99,0
,,,,2024-04-23+12:33:50,2024-04-23+00:00,Amazon.com,,AFN,,,SHIPMENT,MarketplaceFacilitator,Amazon,,1,USD,,,,15.99,FALSE,15.99,,,,,NJ,,,310150000,WINCHESTER,MA,US,,220171160,220171160,ShipTo,County,NOT APPLICABLE,,,,,,,,,,,,,0,0,Tax,,ZeroRated,15.99,0
,,,,2024-04-23+12:33:50,2024-04-23+00:00,Amazon.com,,AFN,,,SHIPMENT,MarketplaceFacilitator,Amazon,,1,USD,,,,15.99,FALSE,15.99,,,,,NJ,,,310150000,WINCHESTER,MA,US,,220171160,220171160,ShipTo,District,NOT APPLICABLE,,,,,,,,,,,,,0,0,Tax,,ZeroRated,15.99,0
,,,,2024-04-22+13:44:44,2024-04-24+00:00,Amazon.com,,AFN,,,SHIPMENT,MarketplaceFacilitator,Amazon,,1,USD,,,,0.72,FALSE,0.72,0,0,,,MI,,,231632170,SOUTH HAVEN,MI,US,,231590000,231590000,ShipTo,State,MI,,,Y,0,0,-0.72,PromotionIdAndCouponCode,0,,Self Funded,ReductionInTaxableBasis,,0,0,Tax,Sales and Use Tax,NonTaxable,0,0
,,,,2024-04-22+13:44:44,2024-04-24+00:00,Amazon.com,,AFN,,,SHIPMENT,MarketplaceFacilitator,Amazon,,1,USD,,,,0.72,FALSE,0.72,,,,,MI,,,231632170,SOUTH HAVEN,MI,US,,231590000,231590000,ShipTo,City,NOT APPLICABLE,,,Y,0,0,-0.72,PromotionIdAndCouponCode,0,,Self Funded,ReductionInTaxableBasis,,0,0,Tax,,NonTaxable,0,0
,,,,2024-04-22+13:44:44,2024-04-24+00:00,Amazon.com,,AFN,,,SHIPMENT,MarketplaceFacilitator,Amazon,,1,USD,,,,0.72,FALSE,0.72,,,,,MI,,,231632170,SOUTH HAVEN,MI,US,,231590000,231590000,ShipTo,County,NOT APPLICABLE,,,Y,0,0,-0.72,PromotionIdAndCouponCode,0,,Self Funded,ReductionInTaxableBasis,,0,0,Tax,,NonTaxable,0,0
,,,,2024-04-22+13:44:44,2024-04-24+00:00,Amazon.com,,AFN,,,SHIPMENT,MarketplaceFacilitator,Amazon,,1,USD,,,,0.72,FALSE,0.72,,,,,MI,,,231632170,SOUTH HAVEN,MI,US,,231590000,231590000,ShipTo,District,NOT APPLICABLE,,,Y,0,0,-0.72,PromotionIdAndCouponCode,0,,Self Funded,ReductionInTaxableBasis,,0,0,Tax,,NonTaxable,0,0
,,,,2024-04-22+13:44:44,2024-04-24+00:00,Amazon.com,,AFN,,,SHIPMENT,MarketplaceFacilitator,Amazon,,1,USD,,,,19.99,FALSE,19.99,0,1.2,,,MI,,,231632170,SOUTH HAVEN,MI,US,,231590000,231590000,ShipTo,State,MI,,,,,,,,,,,,,1.2,0.06,Tax,Sales and Use Tax,Taxable,0,19.99
,,,,2024-04-22+13:44:44,2024-04-24+00:00,Amazon.com,,AFN,,,SHIPMENT,MarketplaceFacilitator,Amazon,,1,USD,,,,19.99,FALSE,19.99,,,,,MI,,,231632170,SOUTH HAVEN,MI,US,,231590000,231590000,ShipTo,City,NOT APPLICABLE,,,,,,,,,,,,,0,0,Tax,,ZeroRated,19.99,0
,,,,2024-04-22+13:44:44,2024-04-24+00:00,Amazon.com,,AFN,,,SHIPMENT,MarketplaceFacilitator,Amazon,,1,USD,,,,19.99,FALSE,19.99,,,,,MI,,,231632170,SOUTH HAVEN,MI,US,,231590000,231590000,ShipTo,County,NOT APPLICABLE,,,,,,,,,,,,,0,0,Tax,,ZeroRated,19.99,0
,,,,2024-04-22+13:44:44,2024-04-24+00:00,Amazon.com,,AFN,,,SHIPMENT,MarketplaceFacilitator,Amazon,,1,USD,,,,19.99,FALSE,19.99,,,,,MI,,,231632170,SOUTH HAVEN,MI,US,,231590000,231590000,ShipTo,District,NOT APPLICABLE,,,,,,,,,,,,,0,0,Tax,,ZeroRated,19.99,0
,,,,2024-04-23+21:43:41,2024-04-24+00:00,Amazon.com,,AFN,,,SHIPMENT,MarketplaceFacilitator,Amazon,,1,USD,,,,15.99,FALSE,15.99,0,1.32,,,TX,,,444535425,AUSTIN,TX,US,,444530150,444530150,ShipTo,State,TX,,,,,,,,,,,,,1,0.0625,Tax,Sales and Use Tax,Taxable,0,15.99
,,,,2024-04-23+21:43:41,2024-04-24+00:00,Amazon.com,,AFN,,,SHIPMENT,MarketplaceFacilitator,Amazon,,1,USD,,,,15.99,FALSE,15.99,,,,,TX,,,444535425,AUSTIN,TX,US,,444530150,444530150,ShipTo,City,AUSTIN,,,,,,,,,,,,,0.16,0.01,Tax,Local Sales and Use Tax,Taxable,0,15.99
,,,,2024-04-23+21:43:41,2024-04-24+00:00,Amazon.com,,AFN,,,SHIPMENT,MarketplaceFacilitator,Amazon,,1,USD,,,,15.99,FALSE,15.99,,,,,TX,,,444535425,AUSTIN,TX,US,,444530150,444530150,ShipTo,County,NOT APPLICABLE,,,,,,,,,,,,,0,0,Tax,,ZeroRated,15.99,0
,,,,2024-04-23+21:43:41,2024-04-24+00:00,Amazon.com,,AFN,,,SHIPMENT,MarketplaceFacilitator,Amazon,,1,USD,,,,15.99,FALSE,15.99,,,,,TX,,,444535425,AUSTIN,TX,US,,444530150,444530150,ShipTo,District,AUSTIN METROPOLITAN TRANSIT AUTHORITY,,,,,,,,,,,,,0.16,0.01,Tax,Local Sales and Use Tax,Taxable,0,15.99
,,,,2024-04-23+22:17:22,2024-04-24+00:00,Amazon.com,,AFN,,,SHIPMENT,MarketplaceFacilitator,Amazon,,1,USD,,,,15.99,FALSE,15.99,0,1.24,,,CA,,,470590000,ROSSMOOR,CA,US,,050590000,050590000,ShipTo,State,CA,,,,,,,,,,,,,0.96,0.06,Tax,Sales and Use Tax,Taxable,0,15.99
,,,,2024-04-23+22:17:22,2024-04-24+00:00,Amazon.com,,AFN,,,SHIPMENT,MarketplaceFacilitator,Amazon,,1,USD,,,,15.99,FALSE,15.99,,,,,CA,,,470590000,ROSSMOOR,CA,US,,050590000,050590000,ShipTo,City,NOT APPLICABLE,,,,,,,,,,,,,0,0,Tax,,ZeroRated,15.99,0
,,,,2024-04-23+22:17:22,2024-04-24+00:00,Amazon.com,,AFN,,,SHIPMENT,MarketplaceFacilitator,Amazon,,1,USD,,,,15.99,FALSE,15.99,,,,,CA,,,470590000,ROSSMOOR,CA,US,,050590000,050590000,ShipTo,County,ORANGE,,,,,,,,,,,,,0.2,0.0125,Tax,Local Sales and Use Tax,Taxable,0,15.99
,,,,2024-04-23+22:17:22,2024-04-24+00:00,Amazon.com,,AFN,,,SHIPMENT,MarketplaceFacilitator,Amazon,,1,USD,,,,15.99,FALSE,15.99,,,,,CA,,,470590000,ROSSMOOR,CA,US,,050590000,050590000,ShipTo,District,TRANSPORTATION AUTHORITY (OCTA),,,,,,,,,,,,,0.08,0.005,Tax,Local Sales and Use Tax,Taxable,0,15.99
,,,,2024-04-23+22:23:38,2024-04-24+00:00,Amazon.com,,AFN,,,SHIPMENT,MarketplaceFacilitator,Amazon,,1,USD,,,,0.3,FALSE,0.3,0,0,,,TX,,,444535425,GEORGETOWN,TX,US,,444917803,444917803,ShipTo,State,TX,,,Y,0,0,-0.3,PromotionIdAndCouponCode,0,,Self Funded,ReductionInTaxableBasis,,0,0.0625,Tax,Sales and Use Tax,Taxable,0,0
,,,,2024-04-23+22:23:38,2024-04-24+00:00,Amazon.com,,AFN,,,SHIPMENT,MarketplaceFacilitator,Amazon,,1,USD,,,,0.3,FALSE,0.3,,,,,TX,,,444535425,GEORGETOWN,TX,US,,444917803,444917803,ShipTo,City,NOT APPLICABLE,,,Y,0,0,-0.3,PromotionIdAndCouponCode,0,,Self Funded,ReductionInTaxableBasis,,0,0,Tax,,NonTaxable,0,0
,,,,2024-04-23+22:23:38,2024-04-24+00:00,Amazon.com,,AFN,,,SHIPMENT,MarketplaceFacilitator,Amazon,,1,USD,,,,0.3,FALSE,0.3,,,,,TX,,,444535425,GEORGETOWN,TX,US,,444917803,444917803,ShipTo,County,NOT APPLICABLE,,,Y,0,0,-0.3,PromotionIdAndCouponCode,0,,Self Funded,ReductionInTaxableBasis,,0,0,Tax,,NonTaxable,0,0
,,,,2024-04-23+22:23:38,2024-04-24+00:00,Amazon.com,,AFN,,,SHIPMENT,MarketplaceFacilitator,Amazon,,1,USD,,,,0.3,FALSE,0.3,,,,,TX,,,444535425,GEORGETOWN,TX,US,,444917803,444917803,ShipTo,District,LIBERTY HILL PUBLIC LIBRARY DISTRICT,,,Y,0,0,-0.3,PromotionIdAndCouponCode,0,,Self Funded,ReductionInTaxableBasis,,0,0.0025,Tax,Local Sales and Use Tax,Taxable,0,0
,,,,2024-04-23+22:23:38,2024-04-24+00:00,Amazon.com,,AFN,,,SHIPMENT,MarketplaceFacilitator,Amazon,,1,USD,,,,0.3,FALSE,0.3,,,,,TX,,,444535425,GEORGETOWN,TX,US,,444917803,444917803,ShipTo,District,WILLIAMSON COUNTY EMERGENCY SERVICES DISTRICT NO. 4,,,Y,0,0,-0.3,PromotionIdAndCouponCode,0,,Self Funded,ReductionInTaxableBasis,,0,0.0175,Tax,Local Sales and Use Tax,Taxable,0,0
,,,,2024-04-23+22:23:38,2024-04-24+00:00,Amazon.com,,AFN,,,SHIPMENT,MarketplaceFacilitator,Amazon,,1,USD,,,,15.99,FALSE,15.99,0,1.32,,,TX,,,444535425,GEORGETOWN,TX,US,,444917803,444917803,ShipTo,State,TX,,,,,,,,,,,,,1,0.0625,Tax,Sales and Use Tax,Taxable,0,15.99
,,,,2024-04-23+22:23:38,2024-04-24+00:00,Amazon.com,,AFN,,,SHIPMENT,MarketplaceFacilitator,Amazon,,1,USD,,,,15.99,FALSE,15.99,,,,,TX,,,444535425,GEORGETOWN,TX,US,,444917803,444917803,ShipTo,City,NOT APPLICABLE,,,,,,,,,,,,,0,0,Tax,,ZeroRated,15.99,0
,,,,2024-04-23+22:23:38,2024-04-24+00:00,Amazon.com,,AFN,,,SHIPMENT,MarketplaceFacilitator,Amazon,,1,USD,,,,15.99,FALSE,15.99,,,,,TX,,,444535425,GEORGETOWN,TX,US,,444917803,444917803,ShipTo,County,NOT APPLICABLE,,,,,,,,,,,,,0,0,Tax,,ZeroRated,15.99,0
,,,,2024-04-23+22:23:38,2024-04-24+00:00,Amazon.com,,AFN,,,SHIPMENT,MarketplaceFacilitator,Amazon,,1,USD,,,,15.99,FALSE,15.99,,,,,TX,,,444535425,GEORGETOWN,TX,US,,444917803,444917803,ShipTo,District,LIBERTY HILL PUBLIC LIBRARY DISTRICT,,,,,,,,,,,,,0.04,0.0025,Tax,Local Sales and Use Tax,Taxable,0,15.99
,,,,2024-04-23+22:23:38,2024-04-24+00:00,Amazon.com,,AFN,,,SHIPMENT,MarketplaceFacilitator,Amazon,,1,USD,,,,15.99,FALSE,15.99,,,,,TX,,,444535425,GEORGETOWN,TX,US,,444917803,444917803,ShipTo,District,WILLIAMSON COUNTY EMERGENCY SERVICES DISTRICT NO. 4,,,,,,,,,,,,,0.28,0.0175,Tax,Local Sales and Use Tax,Taxable,0,15.99
,,,,2024-04-23+19:33:44,2024-04-24+00:00,Amazon.com,,AFN,,,SHIPMENT,MarketplaceFacilitator,Amazon,,1,USD,,,,15.99,FALSE,15.99,0,1.28,,,TN,,,431570560,FORSYTH,GA,US,,112070000,112070000,ShipTo,State,GA,,,,,,,,,,,,,0.64,0.04,Tax,Sales and Use Tax,Taxable,0,15.99
,,,,2024-04-23+19:33:44,2024-04-24+00:00,Amazon.com,,AFN,,,SHIPMENT,MarketplaceFacilitator,Amazon,,1,USD,,,,15.99,FALSE,15.99,,,,,TN,,,431570560,FORSYTH,GA,US,,112070000,112070000,ShipTo,City,NOT APPLICABLE,,,,,,,,,,,,,0,0,Tax,,ZeroRated,15.99,0
,,,,2024-04-23+19:33:44,2024-04-24+00:00,Amazon.com,,AFN,,,SHIPMENT,MarketplaceFacilitator,Amazon,,1,USD,,,,15.99,FALSE,15.99,,,,,TN,,,431570560,FORSYTH,GA,US,,112070000,112070000,ShipTo,County,MONROE,,,,,,,,,,,,,0.64,0.04,Tax,Local Sales and Use Tax,Taxable,0,15.99
,,,,2024-04-23+19:33:44,2024-04-24+00:00,Amazon.com,,AFN,,,SHIPMENT,MarketplaceFacilitator,Amazon,,1,USD,,,,15.99,FALSE,15.99,,,,,TN,,,431570560,FORSYTH,GA,US,,112070000,112070000,ShipTo,District,NOT APPLICABLE,,,,,,,,,,,,,0,0,Tax,,ZeroRated,15.99,0
,,,,2024-04-23+22:45:42,2024-04-24+00:00,Amazon.com,,AFN,,,SHIPMENT,MarketplaceFacilitator,Amazon,,1,USD,,,,15.99,FALSE,15.99,0,1.24,,,CA,,,470590000,OCEANSIDE,CA,US,,050730000,050730000,ShipTo,State,CA,,,,,,,,,,,,,0.96,0.06,Tax,Sales and Use Tax,Taxable,0,15.99
,,,,2024-04-23+22:45:42,2024-04-24+00:00,Amazon.com,,AFN,,,SHIPMENT,MarketplaceFacilitator,Amazon,,1,USD,,,,15.99,FALSE,15.99,,,,,CA,,,470590000,OCEANSIDE,CA,US,,050730000,050730000,ShipTo,City,NOT APPLICABLE,,,,,,,,,,,,,0,0,Tax,,ZeroRated,15.99,0
,,,,2024-04-23+22:45:42,2024-04-24+00:00,Amazon.com,,AFN,,,SHIPMENT,MarketplaceFacilitator,Amazon,,1,USD,,,,15.99,FALSE,15.99,,,,,CA,,,470590000,OCEANSIDE,CA,US,,050730000,050730000,ShipTo,County,SAN DIEGO,,,,,,,,,,,,,0.2,0.0125,Tax,Local Sales and Use Tax,Taxable,0,15.99
,,,,2024-04-23+22:45:42,2024-04-24+00:00,Amazon.com,,AFN,,,SHIPMENT,MarketplaceFacilitator,Amazon,,1,USD,,,,15.99,FALSE,15.99,,,,,CA,,,470590000,OCEANSIDE,CA,US,,050730000,050730000,ShipTo,District,REGIONAL TRANSPORTATION COMMISSION (SDCT),,,,,,,,,,,,,0.08,0.005,Tax,Local Sales and Use Tax,Taxable,0,15.99
,,,,2024-04-23+18:55:28,2024-04-24+00:00,Amazon.com,,AFN,,,SHIPMENT,MarketplaceFacilitator,Amazon,,1,USD,,,,15.99,FALSE,15.99,0,1.68,,,WA,,,480330320,BOTHELL,WA,US,,480610000,480610000,ShipTo,State,WA,,,,,,,,,,,,,1.05,0.065,Tax,Retail Sales and Use Tax,Taxable,0,15.99
,,,,2024-04-23+18:55:28,2024-04-24+00:00,Amazon.com,,AFN,,,SHIPMENT,MarketplaceFacilitator,Amazon,,1,USD,,,,15.99,FALSE,15.99,,,,,WA,,,480330320,BOTHELL,WA,US,,480610000,480610000,ShipTo,City,NOT APPLICABLE,,,,,,,,,,,,,0,0,Tax,,ZeroRated,15.99,0
,,,,2024-04-23+18:55:28,2024-04-24+00:00,Amazon.com,,AFN,,,SHIPMENT,MarketplaceFacilitator,Amazon,,1,USD,,,,15.99,FALSE,15.99,,,,,WA,,,480330320,BOTHELL,WA,US,,480610000,480610000,ShipTo,County,SNOHOMISH,,,,,,,,,,,,,0.22,0.014,Tax,Local Sales and Use Tax,Taxable,0,15.99
,,,,2024-04-23+18:55:28,2024-04-24+00:00,Amazon.com,,AFN,,,SHIPMENT,MarketplaceFacilitator,Amazon,,1,USD,,,,15.99,FALSE,15.99,,,,,WA,,,480330320,BOTHELL,WA,US,,480610000,480610000,ShipTo,District,PUBLIC TRANSPORTATION BENEFIT AREA,,,,,,,,,,,,,0.19,0.012,Tax,Local Sales and Use Tax,Taxable,0,15.99
,,,,2024-04-23+18:55:28,2024-04-24+00:00,Amazon.com,,AFN,,,SHIPMENT,MarketplaceFacilitator,Amazon,,1,USD,,,,15.99,FALSE,15.99,,,,,WA,,,480330320,BOTHELL,WA,US,,480610000,480610000,ShipTo,District,REGIONAL TRANSIT AUTHORITY,,,,,,,,,,,,,0.22,0.014,Tax,Local Sales and Use Tax,Taxable,0,15.99
,,,,2024-04-24+07:33:41,2024-04-24+00:00,Amazon.com,,AFN,,,SHIPMENT,MarketplaceFacilitator,Amazon,,1,USD,,,,15.99,FALSE,15.99,0,0.88,,,VA,,,470410000,CLIFTON,ME,US,,200190000,200190000,ShipTo,State,ME,,,,,,,,,,,,,0.88,0.055,Tax,Sales and Use Tax,Taxable,0,15.99
,,,,2024-04-24+07:33:41,2024-04-24+00:00,Amazon.com,,AFN,,,SHIPMENT,MarketplaceFacilitator,Amazon,,1,USD,,,,15.99,FALSE,15.99,,,,,VA,,,470410000,CLIFTON,ME,US,,200190000,200190000,ShipTo,City,NOT APPLICABLE,,,,,,,,,,,,,0,0,Tax,,ZeroRated,15.99,0
,,,,2024-04-24+07:33:41,2024-04-24+00:00,Amazon.com,,AFN,,,SHIPMENT,MarketplaceFacilitator,Amazon,,1,USD,,,,15.99,FALSE,15.99,,,,,VA,,,470410000,CLIFTON,ME,US,,200190000,200190000,ShipTo,County,NOT APPLICABLE,,,,,,,,,,,,,0,0,Tax,,ZeroRated,15.99,0
,,,,2024-04-24+07:33:41,2024-04-24+00:00,Amazon.com,,AFN,,,SHIPMENT,MarketplaceFacilitator,Amazon,,1,USD,,,,15.99,FALSE,15.99,,,,,VA,,,470410000,CLIFTON,ME,US,,200190000,200190000,ShipTo,District,NOT APPLICABLE,,,,,,,,,,,,,0,0,Tax,,ZeroRated,15.99,0
,,,,2024-04-24+06:12:28,2024-04-24+00:00,Amazon.com,,AFN,,,SHIPMENT,MarketplaceFacilitator,Amazon,,1,USD,,,,15.99,FALSE,15.99,0,1.28,,,MN,,,241390940,WHEATON,IL,US,,140433140,140433140,ShipTo,State,IL,,,,,,,,,,,,,1,0.0625,Tax,Retailers'/Service Occupation and Use/Service Use Tax,Taxable,0,15.99
,,,,2024-04-24+06:12:28,2024-04-24+00:00,Amazon.com,,AFN,,,SHIPMENT,MarketplaceFacilitator,Amazon,,1,USD,,,,15.99,FALSE,15.99,,,,,MN,,,241390940,WHEATON,IL,US,,140433140,140433140,ShipTo,City,WHEATON,,,,,,,,,,,,,0.16,0.01,Tax,Local Sales Tax,Taxable,0,15.99
,,,,2024-04-24+06:12:28,2024-04-24+00:00,Amazon.com,,AFN,,,SHIPMENT,MarketplaceFacilitator,Amazon,,1,USD,,,,15.99,FALSE,15.99,,,,,MN,,,241390940,WHEATON,IL,US,,140433140,140433140,ShipTo,County,NOT APPLICABLE,,,,,,,,,,,,,0,0,Tax,,ZeroRated,15.99,0
,,,,2024-04-24+06:12:28,2024-04-24+00:00,Amazon.com,,AFN,,,SHIPMENT,MarketplaceFacilitator,Amazon,,1,USD,,,,15.99,FALSE,15.99,,,,,MN,,,241390940,WHEATON,IL,US,,140433140,140433140,ShipTo,District,REGIONAL TRANSPORTATION AUTHORITY (DUPAGE),,,,,,,,,,,,,0.12,0.0075,Tax,Local Sales and Use Tax,Taxable,0,15.99
,,,,2024-04-24+15:23:44,2024-04-25+00:00,Amazon.com,,AFN,,,SHIPMENT,MarketplaceFacilitator,Amazon,,1,USD,,,,15.99,FALSE,15.99,0,1.06,,,NJ,,,310150000,CLIFFSIDE PARK,NJ,US,,310030420,310030420,ShipTo,State,NJ,,,,,,,,,,,,,1.06,0.06625,Tax,Sales and Use Tax,Taxable,0,15.99
,,,,2024-04-24+15:23:44,2024-04-25+00:00,Amazon.com,,AFN,,,SHIPMENT,MarketplaceFacilitator,Amazon,,1,USD,,,,15.99,FALSE,15.99,,,,,NJ,,,310150000,CLIFFSIDE PARK,NJ,US,,310030420,310030420,ShipTo,City,NOT APPLICABLE,,,,,,,,,,,,,0,0,Tax,,ZeroRated,15.99,0
,,,,2024-04-24+15:23:44,2024-04-25+00:00,Amazon.com,,AFN,,,SHIPMENT,MarketplaceFacilitator,Amazon,,1,USD,,,,15.99,FALSE,15.99,,,,,NJ,,,310150000,CLIFFSIDE PARK,NJ,US,,310030420,310030420,ShipTo,County,NOT APPLICABLE,,,,,,,,,,,,,0,0,Tax,,ZeroRated,15.99,0
,,,,2024-04-24+15:23:44,2024-04-25+00:00,Amazon.com,,AFN,,,SHIPMENT,MarketplaceFacilitator,Amazon,,1,USD,,,,15.99,FALSE,15.99,,,,,NJ,,,310150000,CLIFFSIDE PARK,NJ,US,,310030420,310030420,ShipTo,District,NOT APPLICABLE,,,,,,,,,,,,,0,0,Tax,,ZeroRated,15.99,0
,,,,2024-04-13+15:45:09,2024-04-25+00:00,Amazon.com,,AFN,,,RETURN,MarketplaceFacilitator,Amazon,,1,USD,,,,16.75,FALSE,-16.75,0,-1.25,,,SD,,,470590000,KANSAS CITY,MO,US,,260955900,260955900,ShipTo,State,MO,,,,,,,,,,,,,-0.71,0.04225,Tax,Sales and Use Tax,Taxable,0,-16.75
,,,,2024-04-13+15:45:09,2024-04-25+00:00,Amazon.com,,AFN,,,RETURN,MarketplaceFacilitator,Amazon,,1,USD,,,,16.75,FALSE,-16.75,,,,,SD,,,470590000,KANSAS CITY,MO,US,,260955900,260955900,ShipTo,City,KANSAS CITY,,,,,,,,,,,,,-0.54,0.0325,Tax,Local Sales and Use Tax,Taxable,0,-16.75
,,,,2024-04-13+15:45:09,2024-04-25+00:00,Amazon.com,,AFN,,,RETURN,MarketplaceFacilitator,Amazon,,1,USD,,,,16.75,FALSE,-16.75,,,,,SD,,,470590000,KANSAS CITY,MO,US,,260955900,260955900,ShipTo,County,NOT APPLICABLE,,,,,,,,,,,,,0,0,Tax,,ZeroRated,-16.75,0
,,,,2024-04-13+15:45:09,2024-04-25+00:00,Amazon.com,,AFN,,,RETURN,MarketplaceFacilitator,Amazon,,1,USD,,,,16.75,FALSE,-16.75,,,,,SD,,,470590000,KANSAS CITY,MO,US,,260955900,260955900,ShipTo,District,NOT APPLICABLE,,,,,,,,,,,,,0,0,Tax,,ZeroRated,-16.75,0
,,,,2024-04-15+09:51:47,2024-04-25+00:00,Amazon.com,,AFN,,,RETURN,MarketplaceFacilitator,Amazon,,1,USD,,,,16.75,FALSE,-16.75,0,-1.24,,,UT,,,450350270,ERIE,CO,US,,061231962,061231962,ShipTo,State,CO,,,,,,,,,,,,,-0.48,0.029,Tax,Sales and Use Tax,Taxable,0,-16.75
,,,,2024-04-15+09:51:47,2024-04-25+00:00,Amazon.com,,AFN,,,RETURN,MarketplaceFacilitator,Amazon,,1,USD,,,,16.75,FALSE,-16.75,,,,,UT,,,450350270,ERIE,CO,US,,061231962,061231962,ShipTo,City,ERIE,,,,,,,,,,,,,-0.59,0.035,Tax,Local Sales and Use Tax,Taxable,0,-16.75
,,,,2024-04-15+09:51:47,2024-04-25+00:00,Amazon.com,,AFN,,,RETURN,MarketplaceFacilitator,Amazon,,1,USD,,,,16.75,FALSE,-16.75,,,,,UT,,,450350270,ERIE,CO,US,,061231962,061231962,ShipTo,County,NOT APPLICABLE,,,,,,,,,,,,,0,0,Tax,,ZeroRated,-16.75,0
,,,,2024-04-15+09:51:47,2024-04-25+00:00,Amazon.com,,AFN,,,RETURN,MarketplaceFacilitator,Amazon,,1,USD,,,,16.75,FALSE,-16.75,,,,,UT,,,450350270,ERIE,CO,US,,061231962,061231962,ShipTo,District,REGIONAL TRANSPORTATION DISTRICT,,,,,,,,,,,,,-0.17,0.01,Tax,Local Sales and Use Tax,Taxable,0,-16.75
,,,,2024-04-24+18:35:53,2024-04-25+00:00,Amazon.com,,AFN,,,SHIPMENT,MarketplaceFacilitator,Amazon,,1,USD,,,,0.74,FALSE,0.74,0,0,,,GA,,,111350000,WOODSTOCK,GA,US,,110570000,110570000,ShipTo,State,GA,,,Y,0,0,-0.74,PromotionIdAndCouponCode,0,,Self Funded,ReductionInTaxableBasis,,0,0.04,Tax,Sales and Use Tax,Taxable,0,0
,,,,2024-04-24+18:35:53,2024-04-25+00:00,Amazon.com,,AFN,,,SHIPMENT,MarketplaceFacilitator,Amazon,,1,USD,,,,0.74,FALSE,0.74,,,,,GA,,,111350000,WOODSTOCK,GA,US,,110570000,110570000,ShipTo,City,NOT APPLICABLE,,,Y,0,0,-0.74,PromotionIdAndCouponCode,0,,Self Funded,ReductionInTaxableBasis,,0,0,Tax,,NonTaxable,0,0
,,,,2024-04-24+18:35:53,2024-04-25+00:00,Amazon.com,,AFN,,,SHIPMENT,MarketplaceFacilitator,Amazon,,1,USD,,,,0.74,FALSE,0.74,,,,,GA,,,111350000,WOODSTOCK,GA,US,,110570000,110570000,ShipTo,County,CHEROKEE,,,Y,0,0,-0.74,PromotionIdAndCouponCode,0,,Self Funded,ReductionInTaxableBasis,,0,0.02,Tax,Local Sales and Use Tax,Taxable,0,0
,,,,2024-04-24+18:35:53,2024-04-25+00:00,Amazon.com,,AFN,,,SHIPMENT,MarketplaceFacilitator,Amazon,,1,USD,,,,0.74,FALSE,0.74,,,,,GA,,,111350000,WOODSTOCK,GA,US,,110570000,110570000,ShipTo,District,NOT APPLICABLE,,,Y,0,0,-0.74,PromotionIdAndCouponCode,0,,Self Funded,ReductionInTaxableBasis,,0,0,Tax,,NonTaxable,0,0
,,,,2024-04-24+18:35:53,2024-04-25+00:00,Amazon.com,,AFN,,,SHIPMENT,MarketplaceFacilitator,Amazon,,1,USD,,,,15.99,FALSE,15.99,0,0.96,,,GA,,,111350000,WOODSTOCK,GA,US,,110570000,110570000,ShipTo,State,GA,,,,,,,,,,,,,0.64,0.04,Tax,Sales and Use Tax,Taxable,0,15.99
,,,,2024-04-24+18:35:53,2024-04-25+00:00,Amazon.com,,AFN,,,SHIPMENT,MarketplaceFacilitator,Amazon,,1,USD,,,,15.99,FALSE,15.99,,,,,GA,,,111350000,WOODSTOCK,GA,US,,110570000,110570000,ShipTo,City,NOT APPLICABLE,,,,,,,,,,,,,0,0,Tax,,ZeroRated,15.99,0
,,,,2024-04-24+18:35:53,2024-04-25+00:00,Amazon.com,,AFN,,,SHIPMENT,MarketplaceFacilitator,Amazon,,1,USD,,,,15.99,FALSE,15.99,,,,,GA,,,111350000,WOODSTOCK,GA,US,,110570000,110570000,ShipTo,County,CHEROKEE,,,,,,,,,,,,,0.32,0.02,Tax,Local Sales and Use Tax,Taxable,0,15.99
,,,,2024-04-24+18:35:53,2024-04-25+00:00,Amazon.com,,AFN,,,SHIPMENT,MarketplaceFacilitator,Amazon,,1,USD,,,,15.99,FALSE,15.99,,,,,GA,,,111350000,WOODSTOCK,GA,US,,110570000,110570000,ShipTo,District,NOT APPLICABLE,,,,,,,,,,,,,0,0,Tax,,ZeroRated,15.99,0
,,,,2024-04-24+18:03:43,2024-04-25+00:00,Amazon.com,,AFN,,,SHIPMENT,MarketplaceFacilitator,Amazon,,1,USD,,,,15.99,FALSE,15.99,0,1.28,,,NY,,,330550000,BURDETT,NY,US,,330970000,330970000,ShipTo,State,NY,,,,,,,,,,,,,0.64,0.04,Tax,Sales and Compensating Use Tax,Taxable,0,15.99
,,,,2024-04-24+18:03:43,2024-04-25+00:00,Amazon.com,,AFN,,,SHIPMENT,MarketplaceFacilitator,Amazon,,1,USD,,,,15.99,FALSE,15.99,,,,,NY,,,330550000,BURDETT,NY,US,,330970000,330970000,ShipTo,City,NOT APPLICABLE,,,,,,,,,,,,,0,0,Tax,,ZeroRated,15.99,0
,,,,2024-04-24+18:03:43,2024-04-25+00:00,Amazon.com,,AFN,,,SHIPMENT,MarketplaceFacilitator,Amazon,,1,USD,,,,15.99,FALSE,15.99,,,,,NY,,,330550000,BURDETT,NY,US,,330970000,330970000,ShipTo,County,SCHUYLER,,,,,,,,,,,,,0.64,0.04,Tax,Local Sales and Use Tax,Taxable,0,15.99
,,,,2024-04-24+18:03:43,2024-04-25+00:00,Amazon.com,,AFN,,,SHIPMENT,MarketplaceFacilitator,Amazon,,1,USD,,,,15.99,FALSE,15.99,,,,,NY,,,330550000,BURDETT,NY,US,,330970000,330970000,ShipTo,District,NOT APPLICABLE,,,,,,,,,,,,,0,0,Tax,,ZeroRated,15.99,0
,,,,2024-04-24+19:53:37,2024-04-25+00:00,Amazon.com,,AFN,,,SHIPMENT,MarketplaceFacilitator,Amazon,,1,USD,,,,13.99,FALSE,13.99,0,1.05,,,TX,,,444535425,WICHITA,KS,US,,171730860,171730860,ShipTo,State,KS,,,,,,,,,,,,,0.91,0.065,Tax,Retailers/Sales and Compensating Tax,Taxable,0,13.99
,,,,2024-04-24+19:53:37,2024-04-25+00:00,Amazon.com,,AFN,,,SHIPMENT,MarketplaceFacilitator,Amazon,,1,USD,,,,13.99,FALSE,13.99,,,,,TX,,,444535425,WICHITA,KS,US,,171730860,171730860,ShipTo,City,NOT APPLICABLE,,,,,,,,,,,,,0,0,Tax,,ZeroRated,13.99,0
,,,,2024-04-24+19:53:37,2024-04-25+00:00,Amazon.com,,AFN,,,SHIPMENT,MarketplaceFacilitator,Amazon,,1,USD,,,,13.99,FALSE,13.99,,,,,TX,,,444535425,WICHITA,KS,US,,171730860,171730860,ShipTo,County,SEDGWICK,,,,,,,,,,,,,0.14,0.01,Tax,Local Retailers' Sales and Compensating Tax,Taxable,0,13.99
,,,,2024-04-24+19:53:37,2024-04-25+00:00,Amazon.com,,AFN,,,SHIPMENT,MarketplaceFacilitator,Amazon,,1,USD,,,,13.99,FALSE,13.99,,,,,TX,,,444535425,WICHITA,KS,US,,171730860,171730860,ShipTo,District,NOT APPLICABLE,,,,,,,,,,,,,0,0,Tax,,ZeroRated,13.99,0
,,,,2024-04-25+04:16:10,2024-04-25+00:00,Amazon.com,,AFN,,,SHIPMENT,MarketplaceFacilitator,Amazon,,1,USD,,,,13.99,FALSE,13.99,0,0.59,,,IL,,,470590000,Ballwin,Mo,US,,261890000,261890000,ShipTo,State,MO,,,,,,,,,,,,,0.59,0.04225,Tax,Sales and Use Tax,Taxable,0,13.99
,,,,2024-04-25+04:16:10,2024-04-25+00:00,Amazon.com,,AFN,,,SHIPMENT,MarketplaceFacilitator,Amazon,,1,USD,,,,13.99,FALSE,13.99,,,,,IL,,,470590000,Ballwin,Mo,US,,261890000,261890000,ShipTo,City,NOT APPLICABLE,,,,,,,,,,,,,0,0,Tax,,ZeroRated,13.99,0
,,,,2024-04-25+04:16:10,2024-04-25+00:00,Amazon.com,,AFN,,,SHIPMENT,MarketplaceFacilitator,Amazon,,1,USD,,,,13.99,FALSE,13.99,,,,,IL,,,470590000,Ballwin,Mo,US,,261890000,261890000,ShipTo,County,NOT APPLICABLE,,,,,,,,,,,,,0,0,Tax,,ZeroRated,13.99,0
,,,,2024-04-25+04:16:10,2024-04-25+00:00,Amazon.com,,AFN,,,SHIPMENT,MarketplaceFacilitator,Amazon,,1,USD,,,,13.99,FALSE,13.99,,,,,IL,,,470590000,Ballwin,Mo,US,,261890000,261890000,ShipTo,District,NOT APPLICABLE,,,,,,,,,,,,,0,0,Tax,,ZeroRated,13.99,0
,,,,2024-04-25+10:36:08,2024-04-25+00:00,Amazon.com,,AFN,,,SHIPMENT,MarketplaceFacilitator,Amazon,,1,USD,,,,13.99,FALSE,13.99,0,0.77,,,IL,,,141974702,APPLETON,WI,US,,500870030,500870030,ShipTo,State,WI,,,,,,,,,,,,,0.7,0.05,Tax,General Sales and Use Tax,Taxable,0,13.99
,,,,2024-04-25+10:36:08,2024-04-25+00:00,Amazon.com,,AFN,,,SHIPMENT,MarketplaceFacilitator,Amazon,,1,USD,,,,13.99,FALSE,13.99,,,,,IL,,,141974702,APPLETON,WI,US,,500870030,500870030,ShipTo,City,NOT APPLICABLE,,,,,,,,,,,,,0,0,Tax,,ZeroRated,13.99,0
,,,,2024-04-25+10:36:08,2024-04-25+00:00,Amazon.com,,AFN,,,SHIPMENT,MarketplaceFacilitator,Amazon,,1,USD,,,,13.99,FALSE,13.99,,,,,IL,,,141974702,APPLETON,WI,US,,500870030,500870030,ShipTo,County,OUTAGAMIE,,,,,,,,,,,,,0.07,0.005,Tax,Local Sales and Use Tax,Taxable,0,13.99
,,,,2024-04-25+10:36:08,2024-04-25+00:00,Amazon.com,,AFN,,,SHIPMENT,MarketplaceFacilitator,Amazon,,1,USD,,,,13.99,FALSE,13.99,,,,,IL,,,141974702,APPLETON,WI,US,,500870030,500870030,ShipTo,District,NOT APPLICABLE,,,,,,,,,,,,,0,0,Tax,,ZeroRated,13.99,0
,,,,2024-04-25+16:01:33,2024-04-25+00:00,Amazon.com,,AFN,,,SHIPMENT,MarketplaceFacilitator,Amazon,,1,USD,,,,13.99,FALSE,13.99,0,1.2,,,IL,,,470590000,KANSAS CITY,MO,US,,260470690,260470690,ShipTo,State,MO,,,,,,,,,,,,,0.59,0.04225,Tax,Sales and Use Tax,Taxable,0,13.99
,,,,2024-04-25+16:01:33,2024-04-25+00:00,Amazon.com,,AFN,,,SHIPMENT,MarketplaceFacilitator,Amazon,,1,USD,,,,13.99,FALSE,13.99,,,,,IL,,,470590000,KANSAS CITY,MO,US,,260470690,260470690,ShipTo,City,KANSAS CITY,,,,,,,,,,,,,0.45,0.0325,Tax,Local Sales and Use Tax,Taxable,0,13.99
,,,,2024-04-25+16:01:33,2024-04-25+00:00,Amazon.com,,AFN,,,SHIPMENT,MarketplaceFacilitator,Amazon,,1,USD,,,,13.99,FALSE,13.99,,,,,IL,,,470590000,KANSAS CITY,MO,US,,260470690,260470690,ShipTo,County,CLAY,,,,,,,,,,,,,0.16,0.01125,Tax,Local Sales and Use Tax,Taxable,0,13.99
,,,,2024-04-25+16:01:33,2024-04-25+00:00,Amazon.com,,AFN,,,SHIPMENT,MarketplaceFacilitator,Amazon,,1,USD,,,,13.99,FALSE,13.99,,,,,IL,,,470590000,KANSAS CITY,MO,US,,260470690,260470690,ShipTo,District,NOT APPLICABLE,,,,,,,,,,,,,0,0,Tax,,ZeroRated,13.99,0
,,,,2024-04-25+15:26:21,2024-04-26+00:00,Amazon.com,,AFN,,,SHIPMENT,MarketplaceFacilitator,Amazon,,1,USD,,,,13.99,FALSE,13.99,0,1.4,,,CA,,,470590000,TORRANCE,CA,US,,050373600,050373600,ShipTo,State,CA,,,,,,,,,,,,,0.84,0.06,Tax,Sales and Use Tax,Taxable,0,13.99
,,,,2024-04-25+15:26:21,2024-04-26+00:00,Amazon.com,,AFN,,,SHIPMENT,MarketplaceFacilitator,Amazon,,1,USD,,,,13.99,FALSE,13.99,,,,,CA,,,470590000,TORRANCE,CA,US,,050373600,050373600,ShipTo,City,NOT APPLICABLE,,,,,,,,,,,,,0,0,Tax,,ZeroRated,13.99,0
,,,,2024-04-25+15:26:21,2024-04-26+00:00,Amazon.com,,AFN,,,SHIPMENT,MarketplaceFacilitator,Amazon,,1,USD,,,,13.99,FALSE,13.99,,,,,CA,,,470590000,TORRANCE,CA,US,,050373600,050373600,ShipTo,County,LOS ANGELES,,,,,,,,,,,,,0.18,0.0125,Tax,Local Sales and Use Tax,Taxable,0,13.99
,,,,2024-04-25+15:26:21,2024-04-26+00:00,Amazon.com,,AFN,,,SHIPMENT,MarketplaceFacilitator,Amazon,,1,USD,,,,13.99,FALSE,13.99,,,,,CA,,,470590000,TORRANCE,CA,US,,050373600,050373600,ShipTo,District,MEASURE H TRANSACTIONS AND USE TAX (LACH),,,,,,,,,,,,,0.03,0.0025,Tax,Local Sales and Use Tax,Taxable,0,13.99
,,,,2024-04-25+15:26:21,2024-04-26+00:00,Amazon.com,,AFN,,,SHIPMENT,MarketplaceFacilitator,Amazon,,1,USD,,,,13.99,FALSE,13.99,,,,,CA,,,470590000,TORRANCE,CA,US,,050373600,050373600,ShipTo,District,METROPOLITAN TRANSIT DISTRICT (LAMT),,,,,,,,,,,,,0.07,0.005,Tax,Local Sales and Use Tax,Taxable,0,13.99
,,,,2024-04-25+15:26:21,2024-04-26+00:00,Amazon.com,,AFN,,,SHIPMENT,MarketplaceFacilitator,Amazon,,1,USD,,,,13.99,FALSE,13.99,,,,,CA,,,470590000,TORRANCE,CA,US,,050373600,050373600,ShipTo,District,TORRANCE TRANSACTIONS AND USE TAX 2022 (992),,,,,,,,,,,,,0.07,0.005,Tax,Local Sales and Use Tax,Taxable,0,13.99
,,,,2024-04-25+15:26:21,2024-04-26+00:00,Amazon.com,,AFN,,,SHIPMENT,MarketplaceFacilitator,Amazon,,1,USD,,,,13.99,FALSE,13.99,,,,,CA,,,470590000,TORRANCE,CA,US,,050373600,050373600,ShipTo,District,TRANSACTIONS AND USE TAX (LAMA),,,,,,,,,,,,,0.07,0.005,Tax,Local Sales and Use Tax,Taxable,0,13.99
,,,,2024-04-25+15:26:21,2024-04-26+00:00,Amazon.com,,AFN,,,SHIPMENT,MarketplaceFacilitator,Amazon,,1,USD,,,,13.99,FALSE,13.99,,,,,CA,,,470590000,TORRANCE,CA,US,,050373600,050373600,ShipTo,District,TRANSIT DISTRICT (LACT),,,,,,,,,,,,,0.07,0.005,Tax,Local Sales and Use Tax,Taxable,0,13.99
,,,,2024-04-25+15:26:21,2024-04-26+00:00,Amazon.com,,AFN,,,SHIPMENT,MarketplaceFacilitator,Amazon,,1,USD,,,,13.99,FALSE,13.99,,,,,CA,,,470590000,TORRANCE,CA,US,,050373600,050373600,ShipTo,District,TRANSPORTATION COMMISSION (LATC),,,,,,,,,,,,,0.07,0.005,Tax,Local Sales and Use Tax,Taxable,0,13.99
,,,,2024-04-25+22:33:11,2024-04-26+00:00,Amazon.com,,AFN,,,SHIPMENT,MarketplaceFacilitator,Amazon,,1,USD,,,,13.99,FALSE,13.99,0,1.15,,,TX,,,444535425,SPRINGTOWN,TX,US,,443675433,443675433,ShipTo,State,TX,,,,,,,,,,,,,0.87,0.0625,Tax,Sales and Use Tax,Taxable,0,13.99
,,,,2024-04-25+22:33:11,2024-04-26+00:00,Amazon.com,,AFN,,,SHIPMENT,MarketplaceFacilitator,Amazon,,1,USD,,,,13.99,FALSE,13.99,,,,,TX,,,444535425,SPRINGTOWN,TX,US,,443675433,443675433,ShipTo,City,NOT APPLICABLE,,,,,,,,,,,,,0,0,Tax,,ZeroRated,13.99,0
,,,,2024-04-25+22:33:11,2024-04-26+00:00,Amazon.com,,AFN,,,SHIPMENT,MarketplaceFacilitator,Amazon,,1,USD,,,,13.99,FALSE,13.99,,,,,TX,,,444535425,SPRINGTOWN,TX,US,,443675433,443675433,ShipTo,County,PARKER,,,,,,,,,,,,,0.07,0.005,Tax,Local Sales and Use Tax,Taxable,0,13.99
,,,,2024-04-25+22:33:11,2024-04-26+00:00,Amazon.com,,AFN,,,SHIPMENT,MarketplaceFacilitator,Amazon,,1,USD,,,,13.99,FALSE,13.99,,,,,TX,,,444535425,SPRINGTOWN,TX,US,,443675433,443675433,ShipTo,District,PARKER COUNTY EMERGENCY SERVICES DISTRICT NO. 1-A,,,,,,,,,,,,,0.21,0.015,Tax,Local Sales and Use Tax,Taxable,0,13.99
,,,,2024-04-25+23:40:27,2024-04-26+00:00,Amazon.com,,AFN,,,SHIPMENT,MarketplaceFacilitator,Amazon,,1,USD,,,,13.99,FALSE,13.99,0,0.84,,,NC,,,341830000,GLEN ALLEN,VA,US,,470870000,470870000,ShipTo,State,VA,,,,,,,,,,,,,0.6,0.043,Tax,Retail Sales and Use Tax,Taxable,0,13.99
,,,,2024-04-25+23:40:27,2024-04-26+00:00,Amazon.com,,AFN,,,SHIPMENT,MarketplaceFacilitator,Amazon,,1,USD,,,,13.99,FALSE,13.99,,,,,NC,,,341830000,GLEN ALLEN,VA,US,,470870000,470870000,ShipTo,City,NOT APPLICABLE,,,,,,,,,,,,,0,0,Tax,,ZeroRated,13.99,0
,,,,2024-04-25+23:40:27,2024-04-26+00:00,Amazon.com,,AFN,,,SHIPMENT,MarketplaceFacilitator,Amazon,,1,USD,,,,13.99,FALSE,13.99,,,,,NC,,,341830000,GLEN ALLEN,VA,US,,470870000,470870000,ShipTo,County,HENRICO,,,,,,,,,,,,,0.14,0.01,Tax,Local Sales and Use Tax,Taxable,0,13.99
,,,,2024-04-25+23:40:27,2024-04-26+00:00,Amazon.com,,AFN,,,SHIPMENT,MarketplaceFacilitator,Amazon,,1,USD,,,,13.99,FALSE,13.99,,,,,NC,,,341830000,GLEN ALLEN,VA,US,,470870000,470870000,ShipTo,District,CENTRAL VIRGINIA DISTRICT,,,,,,,,,,,,,0.1,0.007,Tax,Local Sales and Use Tax,Taxable,0,13.99
,,,,2024-04-25+20:42:00,2024-04-26+00:00,Amazon.com,,AFN,,,SHIPMENT,MarketplaceFacilitator,Amazon,,1,USD,,,,13.99,FALSE,13.99,0,0.84,,,NC,,,341830000,MIDLOTHIAN,VA,US,,470410000,470410000,ShipTo,State,VA,,,,,,,,,,,,,0.6,0.043,Tax,Retail Sales and Use Tax,Taxable,0,13.99
,,,,2024-04-25+20:42:00,2024-04-26+00:00,Amazon.com,,AFN,,,SHIPMENT,MarketplaceFacilitator,Amazon,,1,USD,,,,13.99,FALSE,13.99,,,,,NC,,,341830000,MIDLOTHIAN,VA,US,,470410000,470410000,ShipTo,City,NOT APPLICABLE,,,,,,,,,,,,,0,0,Tax,,ZeroRated,13.99,0
,,,,2024-04-25+20:42:00,2024-04-26+00:00,Amazon.com,,AFN,,,SHIPMENT,MarketplaceFacilitator,Amazon,,1,USD,,,,13.99,FALSE,13.99,,,,,NC,,,341830000,MIDLOTHIAN,VA,US,,470410000,470410000,ShipTo,County,CHESTERFIELD,,,,,,,,,,,,,0.14,0.01,Tax,Local Sales and Use Tax,Taxable,0,13.99
,,,,2024-04-25+20:42:00,2024-04-26+00:00,Amazon.com,,AFN,,,SHIPMENT,MarketplaceFacilitator,Amazon,,1,USD,,,,13.99,FALSE,13.99,,,,,NC,,,341830000,MIDLOTHIAN,VA,US,,470410000,470410000,ShipTo,District,CENTRAL VIRGINIA DISTRICT,,,,,,,,,,,,,0.1,0.007,Tax,Local Sales and Use Tax,Taxable,0,13.99
,,,,2024-04-25+18:55:24,2024-04-26+00:00,Amazon.com,,AFN,,,SHIPMENT,MarketplaceFacilitator,Amazon,,1,USD,,,,13.99,FALSE,13.99,0,1.19,,,WA,,,480330320,FORTUNA,CA,US,,050231270,050231270,ShipTo,State,CA,,,,,,,,,,,,,0.84,0.06,Tax,Sales and Use Tax,Taxable,0,13.99
,,,,2024-04-25+18:55:24,2024-04-26+00:00,Amazon.com,,AFN,,,SHIPMENT,MarketplaceFacilitator,Amazon,,1,USD,,,,13.99,FALSE,13.99,,,,,WA,,,480330320,FORTUNA,CA,US,,050231270,050231270,ShipTo,City,NOT APPLICABLE,,,,,,,,,,,,,0,0,Tax,,ZeroRated,13.99,0
,,,,2024-04-25+18:55:24,2024-04-26+00:00,Amazon.com,,AFN,,,SHIPMENT,MarketplaceFacilitator,Amazon,,1,USD,,,,13.99,FALSE,13.99,,,,,WA,,,480330320,FORTUNA,CA,US,,050231270,050231270,ShipTo,County,HUMBOLDT,,,,,,,,,,,,,0.18,0.0125,Tax,Local Sales and Use Tax,Taxable,0,13.99
,,,,2024-04-25+18:55:24,2024-04-26+00:00,Amazon.com,,AFN,,,SHIPMENT,MarketplaceFacilitator,Amazon,,1,USD,,,,13.99,FALSE,13.99,,,,,WA,,,480330320,FORTUNA,CA,US,,050231270,050231270,ShipTo,District,TRANSACTIONS AND USE TAX (FOGT),,,,,,,,,,,,,0.1,0.0075,Tax,Local Sales and Use Tax,Taxable,0,13.99
,,,,2024-04-25+18:55:24,2024-04-26+00:00,Amazon.com,,AFN,,,SHIPMENT,MarketplaceFacilitator,Amazon,,1,USD,,,,13.99,FALSE,13.99,,,,,WA,,,480330320,FORTUNA,CA,US,,050231270,050231270,ShipTo,District,TRANSACTIONS AND USE TAX (HBGT),,,,,,,,,,,,,0.07,0.005,Tax,Local Sales and Use Tax,Taxable,0,13.99
,,,,2024-04-26+13:14:12,2024-04-26+00:00,Amazon.com,,AFN,,,SHIPMENT,MarketplaceFacilitator,Amazon,,1,USD,,,,13.99,FALSE,13.99,0,0.84,,,OH,,,360974726,WEST BLOOMFIELD,MI,US,,231250000,231250000,ShipTo,State,MI,,,,,,,,,,,,,0.84,0.06,Tax,Sales and Use Tax,Taxable,0,13.99
,,,,2024-04-26+13:14:12,2024-04-26+00:00,Amazon.com,,AFN,,,SHIPMENT,MarketplaceFacilitator,Amazon,,1,USD,,,,13.99,FALSE,13.99,,,,,OH,,,360974726,WEST BLOOMFIELD,MI,US,,231250000,231250000,ShipTo,City,NOT APPLICABLE,,,,,,,,,,,,,0,0,Tax,,ZeroRated,13.99,0
,,,,2024-04-26+13:14:12,2024-04-26+00:00,Amazon.com,,AFN,,,SHIPMENT,MarketplaceFacilitator,Amazon,,1,USD,,,,13.99,FALSE,13.99,,,,,OH,,,360974726,WEST BLOOMFIELD,MI,US,,231250000,231250000,ShipTo,County,NOT APPLICABLE,,,,,,,,,,,,,0,0,Tax,,ZeroRated,13.99,0
,,,,2024-04-26+13:14:12,2024-04-26+00:00,Amazon.com,,AFN,,,SHIPMENT,MarketplaceFacilitator,Amazon,,1,USD,,,,13.99,FALSE,13.99,,,,,OH,,,360974726,WEST BLOOMFIELD,MI,US,,231250000,231250000,ShipTo,District,NOT APPLICABLE,,,,,,,,,,,,,0,0,Tax,,ZeroRated,13.99,0
,,,,2024-04-26+14:18:27,2024-04-26+00:00,Amazon.com,,AFN,,,SHIPMENT,MarketplaceFacilitator,Amazon,,1,USD,,,,13.99,FALSE,13.99,0,0.84,,,MD,,,210050000,NEW BERLIN,PA,US,,391198833,391198833,ShipTo,State,PA,,,,,,,,,,,,,0.84,0.06,Tax,Sales and Use Tax,Taxable,0,13.99
,,,,2024-04-26+14:18:27,2024-04-26+00:00,Amazon.com,,AFN,,,SHIPMENT,MarketplaceFacilitator,Amazon,,1,USD,,,,13.99,FALSE,13.99,,,,,MD,,,210050000,NEW BERLIN,PA,US,,391198833,391198833,ShipTo,City,NOT APPLICABLE,,,,,,,,,,,,,0,0,Tax,,ZeroRated,13.99,0
,,,,2024-04-26+14:18:27,2024-04-26+00:00,Amazon.com,,AFN,,,SHIPMENT,MarketplaceFacilitator,Amazon,,1,USD,,,,13.99,FALSE,13.99,,,,,MD,,,210050000,NEW BERLIN,PA,US,,391198833,391198833,ShipTo,County,NOT APPLICABLE,,,,,,,,,,,,,0,0,Tax,,ZeroRated,13.99,0
,,,,2024-04-26+14:18:27,2024-04-26+00:00,Amazon.com,,AFN,,,SHIPMENT,MarketplaceFacilitator,Amazon,,1,USD,,,,13.99,FALSE,13.99,,,,,MD,,,210050000,NEW BERLIN,PA,US,,391198833,391198833,ShipTo,District,NOT APPLICABLE,,,,,,,,,,,,,0,0,Tax,,ZeroRated,13.99,0
,,,,2024-04-26+15:33:44,2024-04-27+00:00,Amazon.com,,AFN,,,SHIPMENT,MarketplaceFacilitator,Amazon,,1,USD,,,,13.99,FALSE,13.99,0,1.21,,,NJ,,,310150000,GREAT NECK,NY,US,,330591120,330591120,ShipTo,State,NY,,,,,,,,,,,,,0.56,0.04,Tax,Sales and Compensating Use Tax,Taxable,0,13.99
,,,,2024-04-26+15:33:44,2024-04-27+00:00,Amazon.com,,AFN,,,SHIPMENT,MarketplaceFacilitator,Amazon,,1,USD,,,,13.99,FALSE,13.99,,,,,NJ,,,310150000,GREAT NECK,NY,US,,330591120,330591120,ShipTo,City,NOT APPLICABLE,,,,,,,,,,,,,0,0,Tax,,ZeroRated,13.99,0
,,,,2024-04-26+15:33:44,2024-04-27+00:00,Amazon.com,,AFN,,,SHIPMENT,MarketplaceFacilitator,Amazon,,1,USD,,,,13.99,FALSE,13.99,,,,,NJ,,,310150000,GREAT NECK,NY,US,,330591120,330591120,ShipTo,County,NASSAU,,,,,,,,,,,,,0.6,0.0425,Tax,Local Sales and Use Tax,Taxable,0,13.99
,,,,2024-04-26+15:33:44,2024-04-27+00:00,Amazon.com,,AFN,,,SHIPMENT,MarketplaceFacilitator,Amazon,,1,USD,,,,13.99,FALSE,13.99,,,,,NJ,,,310150000,GREAT NECK,NY,US,,330591120,330591120,ShipTo,District,METROPOLITAN COMMUTER TRANSPORTATION DISTRICT,,,,,,,,,,,,,0.05,0.00375,Tax,Metropolitan Commuter Transportation District,Taxable,0,13.99
,,,,2024-04-26+16:12:41,2024-04-27+00:00,Amazon.com,,AFN,,,SHIPMENT,MarketplaceFacilitator,Amazon,,1,USD,,,,13.99,FALSE,13.99,0,0.84,,,NV,,,290030090,BRIMLEY,MI,US,,230336028,230336028,ShipTo,State,MI,,,,,,,,,,,,,0.84,0.06,Tax,Sales and Use Tax,Taxable,0,13.99
,,,,2024-04-26+16:12:41,2024-04-27+00:00,Amazon.com,,AFN,,,SHIPMENT,MarketplaceFacilitator,Amazon,,1,USD,,,,13.99,FALSE,13.99,,,,,NV,,,290030090,BRIMLEY,MI,US,,230336028,230336028,ShipTo,City,NOT APPLICABLE,,,,,,,,,,,,,0,0,Tax,,ZeroRated,13.99,0
,,,,2024-04-26+16:12:41,2024-04-27+00:00,Amazon.com,,AFN,,,SHIPMENT,MarketplaceFacilitator,Amazon,,1,USD,,,,13.99,FALSE,13.99,,,,,NV,,,290030090,BRIMLEY,MI,US,,230336028,230336028,ShipTo,County,NOT APPLICABLE,,,,,,,,,,,,,0,0,Tax,,ZeroRated,13.99,0
,,,,2024-04-26+16:12:41,2024-04-27+00:00,Amazon.com,,AFN,,,SHIPMENT,MarketplaceFacilitator,Amazon,,1,USD,,,,13.99,FALSE,13.99,,,,,NV,,,290030090,BRIMLEY,MI,US,,230336028,230336028,ShipTo,District,NOT APPLICABLE,,,,,,,,,,,,,0,0,Tax,,ZeroRated,13.99,0
,,,,2024-04-27+11:16:29,2024-04-27+00:00,Amazon.com,,AFN,,,SHIPMENT,MarketplaceFacilitator,Amazon,,1,USD,,,,0.6,FALSE,0.6,0,0,,,NC,,,341830000,DURHAM,NC,US,,340630270,340630270,ShipTo,State,NC,,,Y,0,0,-0.6,PromotionIdAndCouponCode,0,,Self Funded,ReductionInTaxableBasis,,0,0.0475,Tax,Sales and Use Tax,Taxable,0,0
,,,,2024-04-27+11:16:29,2024-04-27+00:00,Amazon.com,,AFN,,,SHIPMENT,MarketplaceFacilitator,Amazon,,1,USD,,,,0.6,FALSE,0.6,,,,,NC,,,341830000,DURHAM,NC,US,,340630270,340630270,ShipTo,City,NOT APPLICABLE,,,Y,0,0,-0.6,PromotionIdAndCouponCode,0,,Self Funded,ReductionInTaxableBasis,,0,0,Tax,,NonTaxable,0,0
,,,,2024-04-27+11:16:29,2024-04-27+00:00,Amazon.com,,AFN,,,SHIPMENT,MarketplaceFacilitator,Amazon,,1,USD,,,,0.6,FALSE,0.6,,,,,NC,,,341830000,DURHAM,NC,US,,340630270,340630270,ShipTo,County,DURHAM,,,Y,0,0,-0.6,PromotionIdAndCouponCode,0,,Self Funded,ReductionInTaxableBasis,,0,0.0225,Tax,Local Sales and Use Tax,Taxable,0,0
,,,,2024-04-27+11:16:29,2024-04-27+00:00,Amazon.com,,AFN,,,SHIPMENT,MarketplaceFacilitator,Amazon,,1,USD,,,,0.6,FALSE,0.6,,,,,NC,,,341830000,DURHAM,NC,US,,340630270,340630270,ShipTo,District,PUBLIC TRANSPORTATION AUTHORITY,,,Y,0,0,-0.6,PromotionIdAndCouponCode,0,,Self Funded,ReductionInTaxableBasis,,0,0.005,Tax,Local Sales and Use Tax,Taxable,0,0
,,,,2024-04-27+11:16:29,2024-04-27+00:00,Amazon.com,,AFN,,,SHIPMENT,MarketplaceFacilitator,Amazon,,1,USD,,,,13.99,FALSE,13.99,0,1.05,,,NC,,,341830000,DURHAM,NC,US,,340630270,340630270,ShipTo,State,NC,,,,,,,,,,,,,0.67,0.0475,Tax,Sales and Use Tax,Taxable,0,13.99
,,,,2024-04-27+11:16:29,2024-04-27+00:00,Amazon.com,,AFN,,,SHIPMENT,MarketplaceFacilitator,Amazon,,1,USD,,,,13.99,FALSE,13.99,,,,,NC,,,341830000,DURHAM,NC,US,,340630270,340630270,ShipTo,City,NOT APPLICABLE,,,,,,,,,,,,,0,0,Tax,,ZeroRated,13.99,0
,,,,2024-04-27+11:16:29,2024-04-27+00:00,Amazon.com,,AFN,,,SHIPMENT,MarketplaceFacilitator,Amazon,,1,USD,,,,13.99,FALSE,13.99,,,,,NC,,,341830000,DURHAM,NC,US,,340630270,340630270,ShipTo,County,DURHAM,,,,,,,,,,,,,0.31,0.0225,Tax,Local Sales and Use Tax,Taxable,0,13.99
,,,,2024-04-27+11:16:29,2024-04-27+00:00,Amazon.com,,AFN,,,SHIPMENT,MarketplaceFacilitator,Amazon,,1,USD,,,,13.99,FALSE,13.99,,,,,NC,,,341830000,DURHAM,NC,US,,340630270,340630270,ShipTo,District,PUBLIC TRANSPORTATION AUTHORITY,,,,,,,,,,,,,0.07,0.005,Tax,Local Sales and Use Tax,Taxable,0,13.99
,,,,2024-04-27+13:16:59,2024-04-27+00:00,Amazon.com,,AFN,,,SHIPMENT,MarketplaceFacilitator,Amazon,,1,USD,,,,13.99,FALSE,13.99,0,0.83,,,UT,,,450350270,SEVERANCE,CO,US,,061231986,061231986,ShipTo,State,CO,,,,,,,,,,,,,0.41,0.029,Tax,Sales and Use Tax,Taxable,0,13.99
,,,,2024-04-27+13:16:59,2024-04-27+00:00,Amazon.com,,AFN,,,SHIPMENT,MarketplaceFacilitator,Amazon,,1,USD,,,,13.99,FALSE,13.99,,,,,UT,,,450350270,SEVERANCE,CO,US,,061231986,061231986,ShipTo,City,SEVERANCE,,,,,,,,,,,,,0.42,0.03,Tax,Local Sales and Use Tax,Taxable,0,13.99
,,,,2024-04-27+13:16:59,2024-04-27+00:00,Amazon.com,,AFN,,,SHIPMENT,MarketplaceFacilitator,Amazon,,1,USD,,,,13.99,FALSE,13.99,,,,,UT,,,450350270,SEVERANCE,CO,US,,061231986,061231986,ShipTo,County,NOT APPLICABLE,,,,,,,,,,,,,0,0,Tax,,ZeroRated,13.99,0
,,,,2024-04-27+13:16:59,2024-04-27+00:00,Amazon.com,,AFN,,,SHIPMENT,MarketplaceFacilitator,Amazon,,1,USD,,,,13.99,FALSE,13.99,,,,,UT,,,450350270,SEVERANCE,CO,US,,061231986,061231986,ShipTo,District,NOT APPLICABLE,,,,,,,,,,,,,0,0,Tax,,ZeroRated,13.99,0
,,,,2024-04-27+15:34:24,2024-04-27+00:00,Amazon.com,,AFN,,,SHIPMENT,MarketplaceFacilitator,Amazon,,1,USD,,,,13.99,FALSE,13.99,0,1.04,,,UT,,,450350270,RIVERDALE,UT,US,,450570550,450570550,ShipTo,State,UT,,,,,,,,,,,,,0.67,0.0485,Tax,Sales and Use Tax,Taxable,0,13.99
,,,,2024-04-27+15:34:24,2024-04-27+00:00,Amazon.com,,AFN,,,SHIPMENT,MarketplaceFacilitator,Amazon,,1,USD,,,,13.99,FALSE,13.99,,,,,UT,,,450350270,RIVERDALE,UT,US,,450570550,450570550,ShipTo,City,RIVERDALE,,,,,,,,,,,,,0.17,0.012,Tax,Local Sales and Use Tax,Taxable,0,13.99
,,,,2024-04-27+15:34:24,2024-04-27+00:00,Amazon.com,,AFN,,,SHIPMENT,MarketplaceFacilitator,Amazon,,1,USD,,,,13.99,FALSE,13.99,,,,,UT,,,450350270,RIVERDALE,UT,US,,450570550,450570550,ShipTo,County,WEBER,,,,,,,,,,,,,0.13,0.009,Tax,Local Sales and Use Tax,Taxable,0,13.99
,,,,2024-04-27+15:34:24,2024-04-27+00:00,Amazon.com,,AFN,,,SHIPMENT,MarketplaceFacilitator,Amazon,,1,USD,,,,13.99,FALSE,13.99,,,,,UT,,,450350270,RIVERDALE,UT,US,,450570550,450570550,ShipTo,District,MASS TRANSIT TAX,,,,,,,,,,,,,0.07,0.005,Tax,Local Sales and Use Tax,Taxable,0,13.99
,,,,2024-04-27+15:34:24,2024-04-27+00:00,Amazon.com,,AFN,,,SHIPMENT,MarketplaceFacilitator,Amazon,,1,USD,,,,0.6,FALSE,0.6,0,0,,,UT,,,450350270,RIVERDALE,UT,US,,450570550,450570550,ShipTo,State,UT,,,Y,0,0,-0.6,PromotionIdAndCouponCode,0,,Self Funded,ReductionInTaxableBasis,,0,0,Tax,Sales and Use Tax,NonTaxable,0,0
,,,,2024-04-27+15:34:24,2024-04-27+00:00,Amazon.com,,AFN,,,SHIPMENT,MarketplaceFacilitator,Amazon,,1,USD,,,,0.6,FALSE,0.6,,,,,UT,,,450350270,RIVERDALE,UT,US,,450570550,450570550,ShipTo,City,RIVERDALE,,,Y,0,0,-0.6,PromotionIdAndCouponCode,0,,Self Funded,ReductionInTaxableBasis,,0,0,Tax,Local Sales and Use Tax,NonTaxable,0,0
,,,,2024-04-27+15:34:24,2024-04-27+00:00,Amazon.com,,AFN,,,SHIPMENT,MarketplaceFacilitator,Amazon,,1,USD,,,,0.6,FALSE,0.6,,,,,UT,,,450350270,RIVERDALE,UT,US,,450570550,450570550,ShipTo,County,WEBER,,,Y,0,0,-0.6,PromotionIdAndCouponCode,0,,Self Funded,ReductionInTaxableBasis,,0,0,Tax,Local Sales and Use Tax,NonTaxable,0,0
,,,,2024-04-27+15:34:24,2024-04-27+00:00,Amazon.com,,AFN,,,SHIPMENT,MarketplaceFacilitator,Amazon,,1,USD,,,,0.6,FALSE,0.6,,,,,UT,,,450350270,RIVERDALE,UT,US,,450570550,450570550,ShipTo,District,MASS TRANSIT TAX,,,Y,0,0,-0.6,PromotionIdAndCouponCode,0,,Self Funded,ReductionInTaxableBasis,,0,0,Tax,Local Sales and Use Tax,NonTaxable,0,0
,,,,2024-04-27+15:33:13,2024-04-27+00:00,Amazon.com,,AFN,,,SHIPMENT,MarketplaceFacilitator,Amazon,,1,USD,,,,13.99,FALSE,13.99,0,0.98,,,TN,,,431570560,CARROLLTON,GA,US,,110450000,110450000,ShipTo,State,GA,,,,,,,,,,,,,0.56,0.04,Tax,Sales and Use Tax,Taxable,0,13.99
,,,,2024-04-27+15:33:13,2024-04-27+00:00,Amazon.com,,AFN,,,SHIPMENT,MarketplaceFacilitator,Amazon,,1,USD,,,,13.99,FALSE,13.99,,,,,TN,,,431570560,CARROLLTON,GA,US,,110450000,110450000,ShipTo,City,NOT APPLICABLE,,,,,,,,,,,,,0,0,Tax,,ZeroRated,13.99,0
,,,,2024-04-27+15:33:13,2024-04-27+00:00,Amazon.com,,AFN,,,SHIPMENT,MarketplaceFacilitator,Amazon,,1,USD,,,,13.99,FALSE,13.99,,,,,TN,,,431570560,CARROLLTON,GA,US,,110450000,110450000,ShipTo,County,CARROLL,,,,,,,,,,,,,0.42,0.03,Tax,Local Sales and Use Tax,Taxable,0,13.99
,,,,2024-04-27+15:33:13,2024-04-27+00:00,Amazon.com,,AFN,,,SHIPMENT,MarketplaceFacilitator,Amazon,,1,USD,,,,13.99,FALSE,13.99,,,,,TN,,,431570560,CARROLLTON,GA,US,,110450000,110450000,ShipTo,District,NOT APPLICABLE,,,,,,,,,,,,,0,0,Tax,,ZeroRated,13.99,0
,,,,2024-04-27+16:13:41,2024-04-28+00:00,Amazon.com,,AFN,,,SHIPMENT,MarketplaceFacilitator,Amazon,,1,USD,,,,13.99,FALSE,13.99,0,1.15,,,TX,,,444535425,AUSTIN,TX,US,,444530150,444530150,ShipTo,State,TX,,,,,,,,,,,,,0.87,0.0625,Tax,Sales and Use Tax,Taxable,0,13.99
,,,,2024-04-27+16:13:41,2024-04-28+00:00,Amazon.com,,AFN,,,SHIPMENT,MarketplaceFacilitator,Amazon,,1,USD,,,,13.99,FALSE,13.99,,,,,TX,,,444535425,AUSTIN,TX,US,,444530150,444530150,ShipTo,City,AUSTIN,,,,,,,,,,,,,0.14,0.01,Tax,Local Sales and Use Tax,Taxable,0,13.99
,,,,2024-04-27+16:13:41,2024-04-28+00:00,Amazon.com,,AFN,,,SHIPMENT,MarketplaceFacilitator,Amazon,,1,USD,,,,13.99,FALSE,13.99,,,,,TX,,,444535425,AUSTIN,TX,US,,444530150,444530150,ShipTo,County,NOT APPLICABLE,,,,,,,,,,,,,0,0,Tax,,ZeroRated,13.99,0
,,,,2024-04-27+16:13:41,2024-04-28+00:00,Amazon.com,,AFN,,,SHIPMENT,MarketplaceFacilitator,Amazon,,1,USD,,,,13.99,FALSE,13.99,,,,,TX,,,444535425,AUSTIN,TX,US,,444530150,444530150,ShipTo,District,AUSTIN METROPOLITAN TRANSIT AUTHORITY,,,,,,,,,,,,,0.14,0.01,Tax,Local Sales and Use Tax,Taxable,0,13.99
,,,,2024-04-27+16:13:41,2024-04-28+00:00,Amazon.com,,AFN,,,SHIPMENT,MarketplaceFacilitator,Amazon,,1,USD,,,,1.5,FALSE,1.5,0,0,,,TX,,,444535425,AUSTIN,TX,US,,444530150,444530150,ShipTo,State,TX,,,Y,0,0,-1.5,PromotionIdAndCouponCode,0,,Self Funded,ReductionInTaxableBasis,,0,0.0625,Tax,Sales and Use Tax,Taxable,0,0
,,,,2024-04-27+16:13:41,2024-04-28+00:00,Amazon.com,,AFN,,,SHIPMENT,MarketplaceFacilitator,Amazon,,1,USD,,,,1.5,FALSE,1.5,,,,,TX,,,444535425,AUSTIN,TX,US,,444530150,444530150,ShipTo,City,AUSTIN,,,Y,0,0,-1.5,PromotionIdAndCouponCode,0,,Self Funded,ReductionInTaxableBasis,,0,0.01,Tax,Local Sales and Use Tax,Taxable,0,0
,,,,2024-04-27+16:13:41,2024-04-28+00:00,Amazon.com,,AFN,,,SHIPMENT,MarketplaceFacilitator,Amazon,,1,USD,,,,1.5,FALSE,1.5,,,,,TX,,,444535425,AUSTIN,TX,US,,444530150,444530150,ShipTo,County,NOT APPLICABLE,,,Y,0,0,-1.5,PromotionIdAndCouponCode,0,,Self Funded,ReductionInTaxableBasis,,0,0,Tax,,NonTaxable,0,0
,,,,2024-04-27+16:13:41,2024-04-28+00:00,Amazon.com,,AFN,,,SHIPMENT,MarketplaceFacilitator,Amazon,,1,USD,,,,1.5,FALSE,1.5,,,,,TX,,,444535425,AUSTIN,TX,US,,444530150,444530150,ShipTo,District,AUSTIN METROPOLITAN TRANSIT AUTHORITY,,,Y,0,0,-1.5,PromotionIdAndCouponCode,0,,Self Funded,ReductionInTaxableBasis,,0,0.01,Tax,Local Sales and Use Tax,Taxable,0,0
,,,,2024-04-27+20:56:56,2024-04-28+00:00,Amazon.com,,AFN,,,SHIPMENT,MarketplaceFacilitator,Amazon,,1,USD,,,,13.99,FALSE,13.99,0,1.21,,,NJ,,,310150000,BAY SHORE,NY,US,,331030000,331030000,ShipTo,State,NY,,,,,,,,,,,,,0.56,0.04,Tax,Sales and Compensating Use Tax,Taxable,0,13.99
,,,,2024-04-27+20:56:56,2024-04-28+00:00,Amazon.com,,AFN,,,SHIPMENT,MarketplaceFacilitator,Amazon,,1,USD,,,,13.99,FALSE,13.99,,,,,NJ,,,310150000,BAY SHORE,NY,US,,331030000,331030000,ShipTo,City,NOT APPLICABLE,,,,,,,,,,,,,0,0,Tax,,ZeroRated,13.99,0
,,,,2024-04-27+20:56:56,2024-04-28+00:00,Amazon.com,,AFN,,,SHIPMENT,MarketplaceFacilitator,Amazon,,1,USD,,,,13.99,FALSE,13.99,,,,,NJ,,,310150000,BAY SHORE,NY,US,,331030000,331030000,ShipTo,County,SUFFOLK,,,,,,,,,,,,,0.6,0.0425,Tax,Local Sales and Use Tax,Taxable,0,13.99
,,,,2024-04-27+20:56:56,2024-04-28+00:00,Amazon.com,,AFN,,,SHIPMENT,MarketplaceFacilitator,Amazon,,1,USD,,,,13.99,FALSE,13.99,,,,,NJ,,,310150000,BAY SHORE,NY,US,,331030000,331030000,ShipTo,District,METROPOLITAN COMMUTER TRANSPORTATION DISTRICT,,,,,,,,,,,,,0.05,0.00375,Tax,Metropolitan Commuter Transportation District,Taxable,0,13.99
,,,,2024-04-27+17:21:50,2024-04-28+00:00,Amazon.com,,AFN,,,SHIPMENT,Standard,Seller,A_GEN_NOTAX,1,USD,,,,13.99,FALSE,13.99,0,0,,,NC,,,341830000,MILTON,DE,US,,080050371,080050371,ShipTo,State,DE,,,,,,,,,,,,0,,0,Tax,Occupation Use Tax / No Sales or Use Tax Imposed,NonTaxable,13.99,0
,,,,2024-04-27+17:21:50,2024-04-28+00:00,Amazon.com,,AFN,,,SHIPMENT,Standard,Seller,A_GEN_NOTAX,1,USD,,,,13.99,FALSE,13.99,,,,,NC,,,341830000,MILTON,DE,US,,080050371,080050371,ShipTo,City,NOT APPLICABLE,,,,,,,,,,,,0,,0,Tax,,ZeroRated,13.99,0
,,,,2024-04-27+17:21:50,2024-04-28+00:00,Amazon.com,,AFN,,,SHIPMENT,Standard,Seller,A_GEN_NOTAX,1,USD,,,,13.99,FALSE,13.99,,,,,NC,,,341830000,MILTON,DE,US,,080050371,080050371,ShipTo,County,NOT APPLICABLE,,,,,,,,,,,,0,,0,Tax,,ZeroRated,13.99,0
,,,,2024-04-27+17:21:50,2024-04-28+00:00,Amazon.com,,AFN,,,SHIPMENT,Standard,Seller,A_GEN_NOTAX,1,USD,,,,13.99,FALSE,13.99,,,,,NC,,,341830000,MILTON,DE,US,,080050371,080050371,ShipTo,District,NOT APPLICABLE,,,,,,,,,,,,0,,0,Tax,,ZeroRated,13.99,0
,,,,2024-04-28+15:05:46,2024-04-28+00:00,Amazon.com,,AFN,,,SHIPMENT,MarketplaceFacilitator,Amazon,,1,USD,,,,13.99,FALSE,13.99,0,1.12,,,UT,,,450350270,AURORA,CO,US,,060050030,060050030,ShipTo,State,CO,,,,,,,,,,,,,0.41,0.029,Tax,Sales and Use Tax,Taxable,0,13.99
,,,,2024-04-28+15:05:46,2024-04-28+00:00,Amazon.com,,AFN,,,SHIPMENT,MarketplaceFacilitator,Amazon,,1,USD,,,,13.99,FALSE,13.99,,,,,UT,,,450350270,AURORA,CO,US,,060050030,060050030,ShipTo,City,AURORA,,,,,,,,,,,,,0.53,0.0375,Tax,Local Sales and Use Tax,Taxable,0,13.99
,,,,2024-04-28+15:05:46,2024-04-28+00:00,Amazon.com,,AFN,,,SHIPMENT,MarketplaceFacilitator,Amazon,,1,USD,,,,13.99,FALSE,13.99,,,,,UT,,,450350270,AURORA,CO,US,,060050030,060050030,ShipTo,County,ARAPAHOE,,,,,,,,,,,,,0.03,0.0025,Tax,Local Sales and Use Tax,Taxable,0,13.99
,,,,2024-04-28+15:05:46,2024-04-28+00:00,Amazon.com,,AFN,,,SHIPMENT,MarketplaceFacilitator,Amazon,,1,USD,,,,13.99,FALSE,13.99,,,,,UT,,,450350270,AURORA,CO,US,,060050030,060050030,ShipTo,District,REGIONAL TRANSPORTATION DISTRICT,,,,,,,,,,,,,0.14,0.01,Tax,Local Sales and Use Tax,Taxable,0,13.99
,,,,2024-04-28+15:05:46,2024-04-28+00:00,Amazon.com,,AFN,,,SHIPMENT,MarketplaceFacilitator,Amazon,,1,USD,,,,13.99,FALSE,13.99,,,,,UT,,,450350270,AURORA,CO,US,,060050030,060050030,ShipTo,District,SCIENTIFIC AND CULTURAL FACILITIES DISTRICT,,,,,,,,,,,,,0.01,0.001,Tax,Local Sales and Use Tax,Taxable,0,13.99
,,,,2024-04-28+15:26:41,2024-04-28+00:00,Amazon.com,,AFN,,,SHIPMENT,MarketplaceFacilitator,Amazon,,1,USD,,,,13.99,FALSE,13.99,0,0.84,,,IL,,,140311740,PROSPECT,KY,US,,181850000,181850000,ShipTo,State,KY,,,Y,0,0,-1.12,PromotionIdAndCouponCode,0,,Amazon Funded Discount US,NoReductionInTaxabaleBasis,,0.84,0.06,Tax,Sales and Use Tax,Taxable,0,13.99
,,,,2024-04-28+15:26:41,2024-04-28+00:00,Amazon.com,,AFN,,,SHIPMENT,MarketplaceFacilitator,Amazon,,1,USD,,,,13.99,FALSE,13.99,,,,,IL,,,140311740,PROSPECT,KY,US,,181850000,181850000,ShipTo,City,NOT APPLICABLE,,,Y,0,0,-1.12,PromotionIdAndCouponCode,0,,Amazon Funded Discount US,NoReductionInTaxabaleBasis,,0,0,Tax,,ZeroRated,13.99,0
,,,,2024-04-28+15:26:41,2024-04-28+00:00,Amazon.com,,AFN,,,SHIPMENT,MarketplaceFacilitator,Amazon,,1,USD,,,,13.99,FALSE,13.99,,,,,IL,,,140311740,PROSPECT,KY,US,,181850000,181850000,ShipTo,County,NOT APPLICABLE,,,Y,0,0,-1.12,PromotionIdAndCouponCode,0,,Amazon Funded Discount US,NoReductionInTaxabaleBasis,,0,0,Tax,,ZeroRated,13.99,0
,,,,2024-04-28+15:26:41,2024-04-28+00:00,Amazon.com,,AFN,,,SHIPMENT,MarketplaceFacilitator,Amazon,,1,USD,,,,13.99,FALSE,13.99,,,,,IL,,,140311740,PROSPECT,KY,US,,181850000,181850000,ShipTo,District,NOT APPLICABLE,,,Y,0,0,-1.12,PromotionIdAndCouponCode,0,,Amazon Funded Discount US,NoReductionInTaxabaleBasis,,0,0,Tax,,ZeroRated,13.99,0
,,,,2024-04-28+15:26:41,2024-04-28+00:00,Amazon.com,,AFN,,,SHIPMENT,MarketplaceFacilitator,Amazon,,1,USD,,,,13.99,FALSE,13.99,0,0.84,,,IL,,,140311740,PROSPECT,KY,US,,181850000,181850000,ShipTo,State,KY,,,Y,0,0,-1.12,PromotionIdAndCouponCode,0,,Amazon Funded Discount US,NoReductionInTaxabaleBasis,,0.84,0.06,Tax,Sales and Use Tax,Taxable,0,13.99
,,,,2024-04-28+15:26:41,2024-04-28+00:00,Amazon.com,,AFN,,,SHIPMENT,MarketplaceFacilitator,Amazon,,1,USD,,,,13.99,FALSE,13.99,,,,,IL,,,140311740,PROSPECT,KY,US,,181850000,181850000,ShipTo,City,NOT APPLICABLE,,,Y,0,0,-1.12,PromotionIdAndCouponCode,0,,Amazon Funded Discount US,NoReductionInTaxabaleBasis,,0,0,Tax,,ZeroRated,13.99,0
,,,,2024-04-28+15:26:41,2024-04-28+00:00,Amazon.com,,AFN,,,SHIPMENT,MarketplaceFacilitator,Amazon,,1,USD,,,,13.99,FALSE,13.99,,,,,IL,,,140311740,PROSPECT,KY,US,,181850000,181850000,ShipTo,County,NOT APPLICABLE,,,Y,0,0,-1.12,PromotionIdAndCouponCode,0,,Amazon Funded Discount US,NoReductionInTaxabaleBasis,,0,0,Tax,,ZeroRated,13.99,0
,,,,2024-04-28+15:26:41,2024-04-28+00:00,Amazon.com,,AFN,,,SHIPMENT,MarketplaceFacilitator,Amazon,,1,USD,,,,13.99,FALSE,13.99,,,,,IL,,,140311740,PROSPECT,KY,US,,181850000,181850000,ShipTo,District,NOT APPLICABLE,,,Y,0,0,-1.12,PromotionIdAndCouponCode,0,,Amazon Funded Discount US,NoReductionInTaxabaleBasis,,0,0,Tax,,ZeroRated,13.99,0
,,,,2024-04-28+19:01:52,2024-04-29+00:00,Amazon.com,,AFN,,,SHIPMENT,MarketplaceFacilitator,Amazon,,1,USD,,,,13.99,FALSE,13.99,0,0.84,,,UT,,,450350270,BOISE,ID,US,,130010030,130010030,ShipTo,State,ID,,,,,,,,,,,,,0.84,0.06,Tax,Sales and Use Tax,Taxable,0,13.99
,,,,2024-04-28+19:01:52,2024-04-29+00:00,Amazon.com,,AFN,,,SHIPMENT,MarketplaceFacilitator,Amazon,,1,USD,,,,13.99,FALSE,13.99,,,,,UT,,,450350270,BOISE,ID,US,,130010030,130010030,ShipTo,City,NOT APPLICABLE,,,,,,,,,,,,,0,0,Tax,,ZeroRated,13.99,0
,,,,2024-04-28+19:01:52,2024-04-29+00:00,Amazon.com,,AFN,,,SHIPMENT,MarketplaceFacilitator,Amazon,,1,USD,,,,13.99,FALSE,13.99,,,,,UT,,,450350270,BOISE,ID,US,,130010030,130010030,ShipTo,County,NOT APPLICABLE,,,,,,,,,,,,,0,0,Tax,,ZeroRated,13.99,0
,,,,2024-04-28+19:01:52,2024-04-29+00:00,Amazon.com,,AFN,,,SHIPMENT,MarketplaceFacilitator,Amazon,,1,USD,,,,13.99,FALSE,13.99,,,,,UT,,,450350270,BOISE,ID,US,,130010030,130010030,ShipTo,District,NOT APPLICABLE,,,,,,,,,,,,,0,0,Tax,,ZeroRated,13.99,0
,,,,2024-04-28+23:21:34,2024-04-29+00:00,Amazon.com,,AFN,,,SHIPMENT,MarketplaceFacilitator,Amazon,,1,USD,,,,13.99,FALSE,13.99,0,0.84,,,NC,,,341830000,VIRGINIA BEACH,VA,US,,478101350,478101350,ShipTo,State,VA,,,,,,,,,,,,,0.6,0.043,Tax,Retail Sales and Use Tax,Taxable,0,13.99
,,,,2024-04-28+23:21:34,2024-04-29+00:00,Amazon.com,,AFN,,,SHIPMENT,MarketplaceFacilitator,Amazon,,1,USD,,,,13.99,FALSE,13.99,,,,,NC,,,341830000,VIRGINIA BEACH,VA,US,,478101350,478101350,ShipTo,City,VIRGINIA BEACH,,,,,,,,,,,,,0.14,0.01,Tax,Local Sales and Use Tax,Taxable,0,13.99
,,,,2024-04-28+23:21:34,2024-04-29+00:00,Amazon.com,,AFN,,,SHIPMENT,MarketplaceFacilitator,Amazon,,1,USD,,,,13.99,FALSE,13.99,,,,,NC,,,341830000,VIRGINIA BEACH,VA,US,,478101350,478101350,ShipTo,County,VIRGINIA BEACH (IND CITY),,,,,,,,,,,,,0,0,Tax,Local Sales and Use Tax,NonTaxable,13.99,0
,,,,2024-04-28+23:21:34,2024-04-29+00:00,Amazon.com,,AFN,,,SHIPMENT,MarketplaceFacilitator,Amazon,,1,USD,,,,13.99,FALSE,13.99,,,,,NC,,,341830000,VIRGINIA BEACH,VA,US,,478101350,478101350,ShipTo,District,HAMPTON ROADS REGIONAL TRANSPORTATION DISTRICT,,,,,,,,,,,,,0.1,0.007,Tax,Local Sales and Use Tax,Taxable,0,13.99
,,,,2024-04-27+14:41:39,2024-04-29+00:00,Amazon.com,,AFN,,,SHIPMENT,MarketplaceFacilitator,Amazon,,1,USD,,,,13.99,FALSE,13.99,0,0.84,,,GA,,,110511914,WHITE LAKE,MI,US,,231250000,231250000,ShipTo,State,MI,,,,,,,,,,,,,0.84,0.06,Tax,Sales and Use Tax,Taxable,0,13.99
,,,,2024-04-27+14:41:39,2024-04-29+00:00,Amazon.com,,AFN,,,SHIPMENT,MarketplaceFacilitator,Amazon,,1,USD,,,,13.99,FALSE,13.99,,,,,GA,,,110511914,WHITE LAKE,MI,US,,231250000,231250000,ShipTo,City,NOT APPLICABLE,,,,,,,,,,,,,0,0,Tax,,ZeroRated,13.99,0
,,,,2024-04-27+14:41:39,2024-04-29+00:00,Amazon.com,,AFN,,,SHIPMENT,MarketplaceFacilitator,Amazon,,1,USD,,,,13.99,FALSE,13.99,,,,,GA,,,110511914,WHITE LAKE,MI,US,,231250000,231250000,ShipTo,County,NOT APPLICABLE,,,,,,,,,,,,,0,0,Tax,,ZeroRated,13.99,0
,,,,2024-04-27+14:41:39,2024-04-29+00:00,Amazon.com,,AFN,,,SHIPMENT,MarketplaceFacilitator,Amazon,,1,USD,,,,13.99,FALSE,13.99,,,,,GA,,,110511914,WHITE LAKE,MI,US,,231250000,231250000,ShipTo,District,NOT APPLICABLE,,,,,,,,,,,,,0,0,Tax,,ZeroRated,13.99,0
,,,,2024-04-27+14:41:39,2024-04-29+00:00,Amazon.com,,AFN,,,SHIPMENT,MarketplaceFacilitator,Amazon,,1,USD,,,,1.61,FALSE,1.61,0,0,,,GA,,,110511914,WHITE LAKE,MI,US,,231250000,231250000,ShipTo,State,MI,,,Y,0,0,-1.61,PromotionIdAndCouponCode,0,,Self Funded,ReductionInTaxableBasis,,0,0,Tax,Sales and Use Tax,NonTaxable,0,0
,,,,2024-04-27+14:41:39,2024-04-29+00:00,Amazon.com,,AFN,,,SHIPMENT,MarketplaceFacilitator,Amazon,,1,USD,,,,1.61,FALSE,1.61,,,,,GA,,,110511914,WHITE LAKE,MI,US,,231250000,231250000,ShipTo,City,NOT APPLICABLE,,,Y,0,0,-1.61,PromotionIdAndCouponCode,0,,Self Funded,ReductionInTaxableBasis,,0,0,Tax,,NonTaxable,0,0
,,,,2024-04-27+14:41:39,2024-04-29+00:00,Amazon.com,,AFN,,,SHIPMENT,MarketplaceFacilitator,Amazon,,1,USD,,,,1.61,FALSE,1.61,,,,,GA,,,110511914,WHITE LAKE,MI,US,,231250000,231250000,ShipTo,County,NOT APPLICABLE,,,Y,0,0,-1.61,PromotionIdAndCouponCode,0,,Self Funded,ReductionInTaxableBasis,,0,0,Tax,,NonTaxable,0,0
,,,,2024-04-27+14:41:39,2024-04-29+00:00,Amazon.com,,AFN,,,SHIPMENT,MarketplaceFacilitator,Amazon,,1,USD,,,,1.61,FALSE,1.61,,,,,GA,,,110511914,WHITE LAKE,MI,US,,231250000,231250000,ShipTo,District,NOT APPLICABLE,,,Y,0,0,-1.61,PromotionIdAndCouponCode,0,,Self Funded,ReductionInTaxableBasis,,0,0,Tax,,NonTaxable,0,0
,,,,2024-04-28+18:45:34,2024-04-29+00:00,Amazon.com,,AFN,,,SHIPMENT,MarketplaceFacilitator,Amazon,,1,USD,,,,13.99,FALSE,13.99,0,1.44,,,WA,,,480330320,AUBURN,WA,US,,480330030,480330030,ShipTo,State,WA,,,,,,,,,,,,,0.91,0.065,Tax,Retail Sales and Use Tax,Taxable,0,13.99
,,,,2024-04-28+18:45:34,2024-04-29+00:00,Amazon.com,,AFN,,,SHIPMENT,MarketplaceFacilitator,Amazon,,1,USD,,,,13.99,FALSE,13.99,,,,,WA,,,480330320,AUBURN,WA,US,,480330030,480330030,ShipTo,City,AUBURN,,,,,,,,,,,,,0.32,0.023,Tax,Local Sales and Use Tax,Taxable,0,13.99
,,,,2024-04-28+18:45:34,2024-04-29+00:00,Amazon.com,,AFN,,,SHIPMENT,MarketplaceFacilitator,Amazon,,1,USD,,,,13.99,FALSE,13.99,,,,,WA,,,480330320,AUBURN,WA,US,,480330030,480330030,ShipTo,County,KING,,,,,,,,,,,,,0,0,Tax,Local Sales and Use Tax,NonTaxable,13.99,0
,,,,2024-04-28+18:45:34,2024-04-29+00:00,Amazon.com,,AFN,,,SHIPMENT,MarketplaceFacilitator,Amazon,,1,USD,,,,13.99,FALSE,13.99,,,,,WA,,,480330320,AUBURN,WA,US,,480330030,480330030,ShipTo,District,AUBURN TRANSPORTATION BENEFIT DISTRICT,,,,,,,,,,,,,0.01,0.001,Tax,Local Sales and Use Tax,Taxable,0,13.99
,,,,2024-04-28+18:45:34,2024-04-29+00:00,Amazon.com,,AFN,,,SHIPMENT,MarketplaceFacilitator,Amazon,,1,USD,,,,13.99,FALSE,13.99,,,,,WA,,,480330320,AUBURN,WA,US,,480330030,480330030,ShipTo,District,REGIONAL TRANSIT AUTHORITY,,,,,,,,,,,,,0.2,0.014,Tax,Local Sales and Use Tax,Taxable,0,13.99
,,,,2024-04-28+05:16:24,2024-04-29+00:00,Amazon.com,,AFN,,,SHIPMENT,MarketplaceFacilitator,Amazon,,1,USD,,,,13.99,FALSE,13.99,0,1.08,,,CA,,,470590000,SAN DIEGO,CA,US,,050733020,050733020,ShipTo,State,CA,,,,,,,,,,,,,0.84,0.06,Tax,Sales and Use Tax,Taxable,0,13.99
,,,,2024-04-28+05:16:24,2024-04-29+00:00,Amazon.com,,AFN,,,SHIPMENT,MarketplaceFacilitator,Amazon,,1,USD,,,,13.99,FALSE,13.99,,,,,CA,,,470590000,SAN DIEGO,CA,US,,050733020,050733020,ShipTo,City,NOT APPLICABLE,,,,,,,,,,,,,0,0,Tax,,ZeroRated,13.99,0
,,,,2024-04-28+05:16:24,2024-04-29+00:00,Amazon.com,,AFN,,,SHIPMENT,MarketplaceFacilitator,Amazon,,1,USD,,,,13.99,FALSE,13.99,,,,,CA,,,470590000,SAN DIEGO,CA,US,,050733020,050733020,ShipTo,County,SAN DIEGO,,,,,,,,,,,,,0.17,0.0125,Tax,Local Sales and Use Tax,Taxable,0,13.99
,,,,2024-04-28+05:16:24,2024-04-29+00:00,Amazon.com,,AFN,,,SHIPMENT,MarketplaceFacilitator,Amazon,,1,USD,,,,13.99,FALSE,13.99,,,,,CA,,,470590000,SAN DIEGO,CA,US,,050733020,050733020,ShipTo,District,REGIONAL TRANSPORTATION COMMISSION (SDCT),,,,,,,,,,,,,0.07,0.005,Tax,Local Sales and Use Tax,Taxable,0,13.99
,,,,2024-04-27+15:33:38,2024-04-29+00:00,Amazon.com,,AFN,,,SHIPMENT,MarketplaceFacilitator,Amazon,,1,USD,,,,13.99,FALSE,13.99,0,0.88,,,TX,,,444535425,SAN LORENZO,NM,US,,320170000,320170000,ShipTo,State,NM,,,,,,,,,,,,,0.68,0.04875,Tax,Gross Receipts and Compensating Tax,Taxable,0,13.99
,,,,2024-04-27+15:33:38,2024-04-29+00:00,Amazon.com,,AFN,,,SHIPMENT,MarketplaceFacilitator,Amazon,,1,USD,,,,13.99,FALSE,13.99,,,,,TX,,,444535425,SAN LORENZO,NM,US,,320170000,320170000,ShipTo,City,NOT APPLICABLE,,,,,,,,,,,,,0,0,Tax,,ZeroRated,13.99,0
,,,,2024-04-27+15:33:38,2024-04-29+00:00,Amazon.com,,AFN,,,SHIPMENT,MarketplaceFacilitator,Amazon,,1,USD,,,,13.99,FALSE,13.99,,,,,TX,,,444535425,SAN LORENZO,NM,US,,320170000,320170000,ShipTo,County,GRANT,,,,,,,,,,,,,0.2,0.014375,Tax,Local Gross Receipts Tax,Taxable,0,13.99
,,,,2024-04-27+15:33:38,2024-04-29+00:00,Amazon.com,,AFN,,,SHIPMENT,MarketplaceFacilitator,Amazon,,1,USD,,,,13.99,FALSE,13.99,,,,,TX,,,444535425,SAN LORENZO,NM,US,,320170000,320170000,ShipTo,District,NOT APPLICABLE,,,,,,,,,,,,,0,0,Tax,,ZeroRated,13.99,0
,,,,2024-04-29+17:54:09,2024-04-30+00:00,Amazon.com,,AFN,,,SHIPMENT,MarketplaceFacilitator,Amazon,,1,USD,,,,13.99,FALSE,13.99,0,1.26,,,IL,,,470590000,SAINT LOUIS,MO,US,,265101270,265101270,ShipTo,State,MO,,,,,,,,,,,,,0.59,0.04225,Tax,Sales and Use Tax,Taxable,0,13.99
,,,,2024-04-29+17:54:09,2024-04-30+00:00,Amazon.com,,AFN,,,SHIPMENT,MarketplaceFacilitator,Amazon,,1,USD,,,,13.99,FALSE,13.99,,,,,IL,,,470590000,SAINT LOUIS,MO,US,,265101270,265101270,ShipTo,City,SAINT LOUIS,,,,,,,,,,,,,0.67,0.04788,Tax,Local Sales and Use Tax,Taxable,0,13.99
,,,,2024-04-29+17:54:09,2024-04-30+00:00,Amazon.com,,AFN,,,SHIPMENT,MarketplaceFacilitator,Amazon,,1,USD,,,,13.99,FALSE,13.99,,,,,IL,,,470590000,SAINT LOUIS,MO,US,,265101270,265101270,ShipTo,County,SAINT LOUIS (IND CITY),,,,,,,,,,,,,0,0,Tax,Local Sales and Use Tax,NonTaxable,13.99,0
,,,,2024-04-29+17:54:09,2024-04-30+00:00,Amazon.com,,AFN,,,SHIPMENT,MarketplaceFacilitator,Amazon,,1,USD,,,,13.99,FALSE,13.99,,,,,IL,,,470590000,SAINT LOUIS,MO,US,,265101270,265101270,ShipTo,District,NOT APPLICABLE,,,,,,,,,,,,,0,0,Tax,,ZeroRated,13.99,0
,,,,2024-04-29+21:50:37,2024-04-30+00:00,Amazon.com,,AFN,,,SHIPMENT,MarketplaceFacilitator,Amazon,,1,USD,,,,13.99,FALSE,13.99,0,1.24,,,NJ,,,310150000,BROOKLYN,NY,US,,330472010,330472010,ShipTo,State,NY,,,,,,,,,,,,,0.56,0.04,Tax,Sales and Compensating Use Tax,Taxable,0,13.99
,,,,2024-04-29+21:50:37,2024-04-30+00:00,Amazon.com,,AFN,,,SHIPMENT,MarketplaceFacilitator,Amazon,,1,USD,,,,13.99,FALSE,13.99,,,,,NJ,,,310150000,BROOKLYN,NY,US,,330472010,330472010,ShipTo,City,NEW YORK,,,,,,,,,,,,,0.63,0.045,Tax,Local Sales and Use Tax,Taxable,0,13.99
,,,,2024-04-29+21:50:37,2024-04-30+00:00,Amazon.com,,AFN,,,SHIPMENT,MarketplaceFacilitator,Amazon,,1,USD,,,,13.99,FALSE,13.99,,,,,NJ,,,310150000,BROOKLYN,NY,US,,330472010,330472010,ShipTo,County,NOT APPLICABLE,,,,,,,,,,,,,0,0,Tax,,ZeroRated,13.99,0
,,,,2024-04-29+21:50:37,2024-04-30+00:00,Amazon.com,,AFN,,,SHIPMENT,MarketplaceFacilitator,Amazon,,1,USD,,,,13.99,FALSE,13.99,,,,,NJ,,,310150000,BROOKLYN,NY,US,,330472010,330472010,ShipTo,District,METROPOLITAN COMMUTER TRANSPORTATION DISTRICT,,,,,,,,,,,,,0.05,0.00375,Tax,Metropolitan Commuter Transportation District,Taxable,0,13.99
,,,,2024-04-30+00:55:38,2024-04-30+00:00,Amazon.com,,AFN,,,SHIPMENT,Standard,Seller,A_GEN_NOTAX,1,USD,,,,13.99,FALSE,13.99,0,0,,,WA,,,480330320,PORTLAND,OR,US,,380510460,380510460,ShipTo,State,OR,,,,,,,,,,,,0,,0,Tax,No Sales or Use Tax Imposed,NonTaxable,13.99,0
,,,,2024-04-30+00:55:38,2024-04-30+00:00,Amazon.com,,AFN,,,SHIPMENT,Standard,Seller,A_GEN_NOTAX,1,USD,,,,13.99,FALSE,13.99,,,,,WA,,,480330320,PORTLAND,OR,US,,380510460,380510460,ShipTo,City,NOT APPLICABLE,,,,,,,,,,,,0,,0,Tax,,ZeroRated,13.99,0
,,,,2024-04-30+00:55:38,2024-04-30+00:00,Amazon.com,,AFN,,,SHIPMENT,Standard,Seller,A_GEN_NOTAX,1,USD,,,,13.99,FALSE,13.99,,,,,WA,,,480330320,PORTLAND,OR,US,,380510460,380510460,ShipTo,County,NOT APPLICABLE,,,,,,,,,,,,0,,0,Tax,,ZeroRated,13.99,0
,,,,2024-04-30+00:55:38,2024-04-30+00:00,Amazon.com,,AFN,,,SHIPMENT,Standard,Seller,A_GEN_NOTAX,1,USD,,,,13.99,FALSE,13.99,,,,,WA,,,480330320,PORTLAND,OR,US,,380510460,380510460,ShipTo,District,NOT APPLICABLE,,,,,,,,,,,,0,,0,Tax,,ZeroRated,13.99,0
,,,,2024-04-29+21:28:55,2024-04-30+00:00,Amazon.com,,AFN,,,SHIPMENT,MarketplaceFacilitator,Amazon,,1,USD,,,,13.99,FALSE,13.99,0,1.12,,,NY,,,330550000,VALATIE,NY,US,,330210000,330210000,ShipTo,State,NY,,,,,,,,,,,,,0.56,0.04,Tax,Sales and Compensating Use Tax,Taxable,0,13.99
,,,,2024-04-29+21:28:55,2024-04-30+00:00,Amazon.com,,AFN,,,SHIPMENT,MarketplaceFacilitator,Amazon,,1,USD,,,,13.99,FALSE,13.99,,,,,NY,,,330550000,VALATIE,NY,US,,330210000,330210000,ShipTo,City,NOT APPLICABLE,,,,,,,,,,,,,0,0,Tax,,ZeroRated,13.99,0
,,,,2024-04-29+21:28:55,2024-04-30+00:00,Amazon.com,,AFN,,,SHIPMENT,MarketplaceFacilitator,Amazon,,1,USD,,,,13.99,FALSE,13.99,,,,,NY,,,330550000,VALATIE,NY,US,,330210000,330210000,ShipTo,County,COLUMBIA,,,,,,,,,,,,,0.56,0.04,Tax,Local Sales and Use Tax,Taxable,0,13.99
,,,,2024-04-29+21:28:55,2024-04-30+00:00,Amazon.com,,AFN,,,SHIPMENT,MarketplaceFacilitator,Amazon,,1,USD,,,,13.99,FALSE,13.99,,,,,NY,,,330550000,VALATIE,NY,US,,330210000,330210000,ShipTo,District,NOT APPLICABLE,,,,,,,,,,,,,0,0,Tax,,ZeroRated,13.99,0
,,,,2024-04-29+12:42:37,2024-04-30+00:00,Amazon.com,,AFN,,,SHIPMENT,MarketplaceFacilitator,Amazon,,1,USD,,,,13.99,FALSE,13.99,0,0.84,,,DE,,,080030000,EAST PETERSBURG,PA,US,,390710000,390710000,ShipTo,State,PA,,,,,,,,,,,,,0.84,0.06,Tax,Sales and Use Tax,Taxable,0,13.99
,,,,2024-04-29+12:42:37,2024-04-30+00:00,Amazon.com,,AFN,,,SHIPMENT,MarketplaceFacilitator,Amazon,,1,USD,,,,13.99,FALSE,13.99,,,,,DE,,,080030000,EAST PETERSBURG,PA,US,,390710000,390710000,ShipTo,City,NOT APPLICABLE,,,,,,,,,,,,,0,0,Tax,,ZeroRated,13.99,0
,,,,2024-04-29+12:42:37,2024-04-30+00:00,Amazon.com,,AFN,,,SHIPMENT,MarketplaceFacilitator,Amazon,,1,USD,,,,13.99,FALSE,13.99,,,,,DE,,,080030000,EAST PETERSBURG,PA,US,,390710000,390710000,ShipTo,County,NOT APPLICABLE,,,,,,,,,,,,,0,0,Tax,,ZeroRated,13.99,0
,,,,2024-04-29+12:42:37,2024-04-30+00:00,Amazon.com,,AFN,,,SHIPMENT,MarketplaceFacilitator,Amazon,,1,USD,,,,13.99,FALSE,13.99,,,,,DE,,,080030000,EAST PETERSBURG,PA,US,,390710000,390710000,ShipTo,District,NOT APPLICABLE,,,,,,,,,,,,,0,0,Tax,,ZeroRated,13.99,0
,,,,2024-04-30+00:53:57,2024-04-30+00:00,Amazon.com,,AFN,,,SHIPMENT,MarketplaceFacilitator,Amazon,,1,USD,,,,13.99,FALSE,13.99,0,1.43,,,IL,,,140311790,CHICAGO,IL,US,,140318411,140318411,ShipTo,State,IL,,,,,,,,,,,,,0.88,0.0625,Tax,Retailers'/Service Occupation and Use/Service Use Tax,Taxable,0,13.99
,,,,2024-04-30+00:53:57,2024-04-30+00:00,Amazon.com,,AFN,,,SHIPMENT,MarketplaceFacilitator,Amazon,,1,USD,,,,13.99,FALSE,13.99,,,,,IL,,,140311790,CHICAGO,IL,US,,140318411,140318411,ShipTo,City,CHICAGO,,,,,,,,,,,,,0.17,0.0125,Tax,Local Sales and Use Tax,Taxable,0,13.99
,,,,2024-04-30+00:53:57,2024-04-30+00:00,Amazon.com,,AFN,,,SHIPMENT,MarketplaceFacilitator,Amazon,,1,USD,,,,13.99,FALSE,13.99,,,,,IL,,,140311790,CHICAGO,IL,US,,140318411,140318411,ShipTo,County,COOK,,,,,,,,,,,,,0.24,0.0175,Tax,Local Sales and Use Tax,Taxable,0,13.99
,,,,2024-04-30+00:53:57,2024-04-30+00:00,Amazon.com,,AFN,,,SHIPMENT,MarketplaceFacilitator,Amazon,,1,USD,,,,13.99,FALSE,13.99,,,,,IL,,,140311790,CHICAGO,IL,US,,140318411,140318411,ShipTo,District,REGIONAL TRANSPORTATION AUTHORITY (COOK),,,,,,,,,,,,,0.14,0.01,Tax,Local Sales and Use Tax,Taxable,0,13.99
,,,,2024-04-30+04:55:20,2024-04-30+00:00,Amazon.com,,AFN,,,SHIPMENT,MarketplaceFacilitator,Amazon,,1,USD,,,,13.99,FALSE,13.99,0,0.77,,,IL,,,140311790,LA CROSSE,WI,US,,500630520,500630520,ShipTo,State,WI,,,,,,,,,,,,,0.7,0.05,Tax,General Sales and Use Tax,Taxable,0,13.99
,,,,2024-04-30+04:55:20,2024-04-30+00:00,Amazon.com,,AFN,,,SHIPMENT,MarketplaceFacilitator,Amazon,,1,USD,,,,13.99,FALSE,13.99,,,,,IL,,,140311790,LA CROSSE,WI,US,,500630520,500630520,ShipTo,City,NOT APPLICABLE,,,,,,,,,,,,,0,0,Tax,,ZeroRated,13.99,0
,,,,2024-04-30+04:55:20,2024-04-30+00:00,Amazon.com,,AFN,,,SHIPMENT,MarketplaceFacilitator,Amazon,,1,USD,,,,13.99,FALSE,13.99,,,,,IL,,,140311790,LA CROSSE,WI,US,,500630520,500630520,ShipTo,County,LA CROSSE,,,,,,,,,,,,,0.07,0.005,Tax,Local Sales and Use Tax,Taxable,0,13.99
,,,,2024-04-30+04:55:20,2024-04-30+00:00,Amazon.com,,AFN,,,SHIPMENT,MarketplaceFacilitator,Amazon,,1,USD,,,,13.99,FALSE,13.99,,,,,IL,,,140311790,LA CROSSE,WI,US,,500630520,500630520,ShipTo,District,NOT APPLICABLE,,,,,,,,,,,,,0,0,Tax,,ZeroRated,13.99,0
,,,,2024-04-30+15:28:04,2024-04-30+00:00,Amazon.com,,AFN,,,SHIPMENT,MarketplaceFacilitator,Amazon,,1,USD,,,,13.99,FALSE,13.99,0,1.22,,,UT,,,450350270,LONGMONT,CO,US,,060130350,060130350,ShipTo,State,CO,,,,,,,,,,,,,0.41,0.029,Tax,Sales and Use Tax,Taxable,0,13.99
,,,,2024-04-30+15:28:04,2024-04-30+00:00,Amazon.com,,AFN,,,SHIPMENT,MarketplaceFacilitator,Amazon,,1,USD,,,,13.99,FALSE,13.99,,,,,UT,,,450350270,LONGMONT,CO,US,,060130350,060130350,ShipTo,City,LONGMONT,,,,,,,,,,,,,0.49,0.0353,Tax,Local Sales and Use Tax,Taxable,0,13.99
,,,,2024-04-30+15:28:04,2024-04-30+00:00,Amazon.com,,AFN,,,SHIPMENT,MarketplaceFacilitator,Amazon,,1,USD,,,,13.99,FALSE,13.99,,,,,UT,,,450350270,LONGMONT,CO,US,,060130350,060130350,ShipTo,County,BOULDER,,,,,,,,,,,,,0.17,0.01185,Tax,Local Sales and Use Tax,Taxable,0,13.99
,,,,2024-04-30+15:28:04,2024-04-30+00:00,Amazon.com,,AFN,,,SHIPMENT,MarketplaceFacilitator,Amazon,,1,USD,,,,13.99,FALSE,13.99,,,,,UT,,,450350270,LONGMONT,CO,US,,060130350,060130350,ShipTo,District,REGIONAL TRANSPORTATION DISTRICT,,,,,,,,,,,,,0.14,0.01,Tax,Local Sales and Use Tax,Taxable,0,13.99
,,,,2024-04-30+15:28:04,2024-04-30+00:00,Amazon.com,,AFN,,,SHIPMENT,MarketplaceFacilitator,Amazon,,1,USD,,,,13.99,FALSE,13.99,,,,,UT,,,450350270,LONGMONT,CO,US,,060130350,060130350,ShipTo,District,SCIENTIFIC AND CULTURAL FACILITIES DISTRICT,,,,,,,,,,,,,0.01,0.001,Tax,Local Sales and Use Tax,Taxable,0,13.99
,,,,2024-04-30+17:25:26,2024-05-01+00:00,Amazon.com,,AFN,,,SHIPMENT,MarketplaceFacilitator,Amazon,,1,USD,,,,13.99,FALSE,13.99,0,1.23,,,WA,,,480330320,ANACORTES,WA,US,,480570020,480570020,ShipTo,State,WA,,,,,,,,,,,,,0.9,0.065,Tax,Retail Sales and Use Tax,Taxable,0,13.99
,,,,2024-04-30+17:25:26,2024-05-01+00:00,Amazon.com,,AFN,,,SHIPMENT,MarketplaceFacilitator,Amazon,,1,USD,,,,13.99,FALSE,13.99,,,,,WA,,,480330320,ANACORTES,WA,US,,480570020,480570020,ShipTo,City,ANACORTES,,,,,,,,,,,,,0.24,0.017,Tax,Local Sales and Use Tax,Taxable,0,13.99
,,,,2024-04-30+17:25:26,2024-05-01+00:00,Amazon.com,,AFN,,,SHIPMENT,MarketplaceFacilitator,Amazon,,1,USD,,,,13.99,FALSE,13.99,,,,,WA,,,480330320,ANACORTES,WA,US,,480570020,480570020,ShipTo,County,SKAGIT,,,,,,,,,,,,,0,0,Tax,Local Sales and Use Tax,NonTaxable,13.99,0
,,,,2024-04-30+17:25:26,2024-05-01+00:00,Amazon.com,,AFN,,,SHIPMENT,MarketplaceFacilitator,Amazon,,1,USD,,,,13.99,FALSE,13.99,,,,,WA,,,480330320,ANACORTES,WA,US,,480570020,480570020,ShipTo,District,ANACORTES TRANSPORTATION BENEFIT DISTRICT,,,,,,,,,,,,,0.03,0.002,Tax,Local Sales and Use Tax,Taxable,0,13.99
,,,,2024-04-30+17:25:26,2024-05-01+00:00,Amazon.com,,AFN,,,SHIPMENT,MarketplaceFacilitator,Amazon,,1,USD,,,,13.99,FALSE,13.99,,,,,WA,,,480330320,ANACORTES,WA,US,,480570020,480570020,ShipTo,District,PUBLIC TRANSPORTATION BENEFIT AREA,,,,,,,,,,,,,0.06,0.004,Tax,Local Sales and Use Tax,Taxable,0,13.99
,,,,2024-04-30+07:32:07,2024-05-01+00:00,Amazon.com,,AFN,,,SHIPMENT,MarketplaceFacilitator,Amazon,,1,USD,,,,13.99,FALSE,13.99,0,0.84,,,MD,,,210050000,HERNDON,VA,US,,470590000,470590000,ShipTo,State,VA,,,,,,,,,,,,,0.6,0.043,Tax,Retail Sales and Use Tax,Taxable,0,13.99
,,,,2024-04-30+07:32:07,2024-05-01+00:00,Amazon.com,,AFN,,,SHIPMENT,MarketplaceFacilitator,Amazon,,1,USD,,,,13.99,FALSE,13.99,,,,,MD,,,210050000,HERNDON,VA,US,,470590000,470590000,ShipTo,City,NOT APPLICABLE,,,,,,,,,,,,,0,0,Tax,,ZeroRated,13.99,0
,,,,2024-04-30+07:32:07,2024-05-01+00:00,Amazon.com,,AFN,,,SHIPMENT,MarketplaceFacilitator,Amazon,,1,USD,,,,13.99,FALSE,13.99,,,,,MD,,,210050000,HERNDON,VA,US,,470590000,470590000,ShipTo,County,FAIRFAX,,,,,,,,,,,,,0.14,0.01,Tax,Local Sales and Use Tax,Taxable,0,13.99
,,,,2024-04-30+07:32:07,2024-05-01+00:00,Amazon.com,,AFN,,,SHIPMENT,MarketplaceFacilitator,Amazon,,1,USD,,,,13.99,FALSE,13.99,,,,,MD,,,210050000,HERNDON,VA,US,,470590000,470590000,ShipTo,District,NORTHERN VIRGINIA REGIONAL TRANSPORTATION DISTRICT,,,,,,,,,,,,,0.1,0.007,Tax,Local Sales and Use Tax,Taxable,0,13.99
,,,,2024-04-30+14:36:45,2024-05-01+00:00,Amazon.com,,AFN,,,SHIPMENT,MarketplaceFacilitator,Amazon,,1,USD,,,,13.99,FALSE,13.99,0,1.22,,,IL,,,140311740,JOLIET,IL,US,,141971430,141971430,ShipTo,State,IL,,,,,,,,,,,,,0.88,0.0625,Tax,Retailers'/Service Occupation and Use/Service Use Tax,Taxable,0,13.99
,,,,2024-04-30+14:36:45,2024-05-01+00:00,Amazon.com,,AFN,,,SHIPMENT,MarketplaceFacilitator,Amazon,,1,USD,,,,13.99,FALSE,13.99,,,,,IL,,,140311740,JOLIET,IL,US,,141971430,141971430,ShipTo,City,JOLIET,,,,,,,,,,,,,0.24,0.0175,Tax,Local Sales Tax,Taxable,0,13.99
,,,,2024-04-30+14:36:45,2024-05-01+00:00,Amazon.com,,AFN,,,SHIPMENT,MarketplaceFacilitator,Amazon,,1,USD,,,,13.99,FALSE,13.99,,,,,IL,,,140311740,JOLIET,IL,US,,141971430,141971430,ShipTo,County,NOT APPLICABLE,,,,,,,,,,,,,0,0,Tax,,ZeroRated,13.99,0
,,,,2024-04-30+14:36:45,2024-05-01+00:00,Amazon.com,,AFN,,,SHIPMENT,MarketplaceFacilitator,Amazon,,1,USD,,,,13.99,FALSE,13.99,,,,,IL,,,140311740,JOLIET,IL,US,,141971430,141971430,ShipTo,District,"REGIONAL TRANSPORTATION AUTHORITY (KANE,LAKE,MCHENRY,WILL)",,,,,,,,,,,,,0.1,0.0075,Tax,Local Sales and Use Tax,Taxable,0,13.99
,,,,2024-05-01+03:09:43,2024-05-01+00:00,Amazon.com,,AFN,,,SHIPMENT,MarketplaceFacilitator,Amazon,,1,USD,,,,6.5,FALSE,6.5,0,0.52,,,TN,,,431570560,BYRON,GA,US,,112250000,112250000,ShipTo,State,GA,,,,,,,,,,,,,0.26,0.04,Tax,Sales and Use Tax,Taxable,0,6.5
,,,,2024-05-01+03:09:43,2024-05-01+00:00,Amazon.com,,AFN,,,SHIPMENT,MarketplaceFacilitator,Amazon,,1,USD,,,,6.5,FALSE,6.5,,,,,TN,,,431570560,BYRON,GA,US,,112250000,112250000,ShipTo,City,NOT APPLICABLE,,,,,,,,,,,,,0,0,Tax,,ZeroRated,6.5,0
,,,,2024-05-01+03:09:43,2024-05-01+00:00,Amazon.com,,AFN,,,SHIPMENT,MarketplaceFacilitator,Amazon,,1,USD,,,,6.5,FALSE,6.5,,,,,TN,,,431570560,BYRON,GA,US,,112250000,112250000,ShipTo,County,PEACH,,,,,,,,,,,,,0.26,0.04,Tax,Local Sales and Use Tax,Taxable,0,6.5
,,,,2024-05-01+03:09:43,2024-05-01+00:00,Amazon.com,,AFN,,,SHIPMENT,MarketplaceFacilitator,Amazon,,1,USD,,,,6.5,FALSE,6.5,,,,,TN,,,431570560,BYRON,GA,US,,112250000,112250000,ShipTo,District,NOT APPLICABLE,,,,,,,,,,,,,0,0,Tax,,ZeroRated,6.5,0
,,,,2024-05-01+03:09:43,2024-05-01+00:00,Amazon.com,,AFN,,,SHIPMENT,MarketplaceFacilitator,Amazon,,1,USD,,,,13.99,FALSE,13.99,0,1.12,,,TN,,,431570560,BYRON,GA,US,,112250000,112250000,ShipTo,State,GA,,,,,,,,,,,,,0.56,0.04,Tax,Sales and Use Tax,Taxable,0,13.99
,,,,2024-05-01+03:09:43,2024-05-01+00:00,Amazon.com,,AFN,,,SHIPMENT,MarketplaceFacilitator,Amazon,,1,USD,,,,13.99,FALSE,13.99,,,,,TN,,,431570560,BYRON,GA,US,,112250000,112250000,ShipTo,City,NOT APPLICABLE,,,,,,,,,,,,,0,0,Tax,,ZeroRated,13.99,0
,,,,2024-05-01+03:09:43,2024-05-01+00:00,Amazon.com,,AFN,,,SHIPMENT,MarketplaceFacilitator,Amazon,,1,USD,,,,13.99,FALSE,13.99,,,,,TN,,,431570560,BYRON,GA,US,,112250000,112250000,ShipTo,County,PEACH,,,,,,,,,,,,,0.56,0.04,Tax,Local Sales and Use Tax,Taxable,0,13.99
,,,,2024-05-01+03:09:43,2024-05-01+00:00,Amazon.com,,AFN,,,SHIPMENT,MarketplaceFacilitator,Amazon,,1,USD,,,,13.99,FALSE,13.99,,,,,TN,,,431570560,BYRON,GA,US,,112250000,112250000,ShipTo,District,NOT APPLICABLE,,,,,,,,,,,,,0,0,Tax,,ZeroRated,13.99,0
,,,,2024-04-30+21:43:36,2024-05-01+00:00,Amazon.com,,AFN,,,SHIPMENT,MarketplaceFacilitator,Amazon,,1,USD,,,,13.99,FALSE,13.99,0,0.84,,,TN,,,431570560,EATON RAPIDS,MI,US,,230450000,230450000,ShipTo,State,MI,,,,,,,,,,,,,0.84,0.06,Tax,Sales and Use Tax,Taxable,0,13.99
,,,,2024-04-30+21:43:36,2024-05-01+00:00,Amazon.com,,AFN,,,SHIPMENT,MarketplaceFacilitator,Amazon,,1,USD,,,,13.99,FALSE,13.99,,,,,TN,,,431570560,EATON RAPIDS,MI,US,,230450000,230450000,ShipTo,City,NOT APPLICABLE,,,,,,,,,,,,,0,0,Tax,,ZeroRated,13.99,0
,,,,2024-04-30+21:43:36,2024-05-01+00:00,Amazon.com,,AFN,,,SHIPMENT,MarketplaceFacilitator,Amazon,,1,USD,,,,13.99,FALSE,13.99,,,,,TN,,,431570560,EATON RAPIDS,MI,US,,230450000,230450000,ShipTo,County,NOT APPLICABLE,,,,,,,,,,,,,0,0,Tax,,ZeroRated,13.99,0
,,,,2024-04-30+21:43:36,2024-05-01+00:00,Amazon.com,,AFN,,,SHIPMENT,MarketplaceFacilitator,Amazon,,1,USD,,,,13.99,FALSE,13.99,,,,,TN,,,431570560,EATON RAPIDS,MI,US,,230450000,230450000,ShipTo,District,NOT APPLICABLE,,,,,,,,,,,,,0,0,Tax,,ZeroRated,13.99,0
,,,,2024-05-01+01:54:54,2024-05-01+00:00,Amazon.com,,AFN,,,SHIPMENT,MarketplaceFacilitator,Amazon,,1,USD,,,,13.99,FALSE,13.99,0,0.84,,,TN,,,431570560,JACKSON,KY,US,,180255411,180255411,ShipTo,State,KY,,,,,,,,,,,,,0.84,0.06,Tax,Sales and Use Tax,Taxable,0,13.99
,,,,2024-05-01+01:54:54,2024-05-01+00:00,Amazon.com,,AFN,,,SHIPMENT,MarketplaceFacilitator,Amazon,,1,USD,,,,13.99,FALSE,13.99,,,,,TN,,,431570560,JACKSON,KY,US,,180255411,180255411,ShipTo,City,NOT APPLICABLE,,,,,,,,,,,,,0,0,Tax,,ZeroRated,13.99,0
,,,,2024-05-01+01:54:54,2024-05-01+00:00,Amazon.com,,AFN,,,SHIPMENT,MarketplaceFacilitator,Amazon,,1,USD,,,,13.99,FALSE,13.99,,,,,TN,,,431570560,JACKSON,KY,US,,180255411,180255411,ShipTo,County,NOT APPLICABLE,,,,,,,,,,,,,0,0,Tax,,ZeroRated,13.99,0
,,,,2024-05-01+01:54:54,2024-05-01+00:00,Amazon.com,,AFN,,,SHIPMENT,MarketplaceFacilitator,Amazon,,1,USD,,,,13.99,FALSE,13.99,,,,,TN,,,431570560,JACKSON,KY,US,,180255411,180255411,ShipTo,District,NOT APPLICABLE,,,,,,,,,,,,,0,0,Tax,,ZeroRated,13.99,0
,,,,2024-05-01+04:42:00,2024-05-01+00:00,Amazon.com,,AFN,,,SHIPMENT,MarketplaceFacilitator,Amazon,,1,USD,,,,2.13,FALSE,2.13,0,0.13,,,VA,,,478000650,BALTIMORE,MD,US,,215100040,215100040,ShipTo,State,MD,,,,,,,,,,,,,0.13,0.06,Tax,Sales and Use Tax,Taxable,0,2.13
,,,,2024-05-01+04:42:00,2024-05-01+00:00,Amazon.com,,AFN,,,SHIPMENT,MarketplaceFacilitator,Amazon,,1,USD,,,,2.13,FALSE,2.13,,,,,VA,,,478000650,BALTIMORE,MD,US,,215100040,215100040,ShipTo,City,NOT APPLICABLE,,,,,,,,,,,,,0,0,Tax,,ZeroRated,2.13,0
,,,,2024-05-01+04:42:00,2024-05-01+00:00,Amazon.com,,AFN,,,SHIPMENT,MarketplaceFacilitator,Amazon,,1,USD,,,,2.13,FALSE,2.13,,,,,VA,,,478000650,BALTIMORE,MD,US,,215100040,215100040,ShipTo,County,NOT APPLICABLE,,,,,,,,,,,,,0,0,Tax,,ZeroRated,2.13,0
,,,,2024-05-01+04:42:00,2024-05-01+00:00,Amazon.com,,AFN,,,SHIPMENT,MarketplaceFacilitator,Amazon,,1,USD,,,,2.13,FALSE,2.13,,,,,VA,,,478000650,BALTIMORE,MD,US,,215100040,215100040,ShipTo,District,NOT APPLICABLE,,,,,,,,,,,,,0,0,Tax,,ZeroRated,2.13,0
,,,,2024-05-01+04:42:00,2024-05-01+00:00,Amazon.com,,AFN,,,SHIPMENT,MarketplaceFacilitator,Amazon,,1,USD,,,,13.99,FALSE,13.99,0,0.84,,,VA,,,478000650,BALTIMORE,MD,US,,215100040,215100040,ShipTo,State,MD,,,,,,,,,,,,,0.84,0.06,Tax,Sales and Use Tax,Taxable,0,13.99
,,,,2024-05-01+04:42:00,2024-05-01+00:00,Amazon.com,,AFN,,,SHIPMENT,MarketplaceFacilitator,Amazon,,1,USD,,,,13.99,FALSE,13.99,,,,,VA,,,478000650,BALTIMORE,MD,US,,215100040,215100040,ShipTo,City,NOT APPLICABLE,,,,,,,,,,,,,0,0,Tax,,ZeroRated,13.99,0
,,,,2024-05-01+04:42:00,2024-05-01+00:00,Amazon.com,,AFN,,,SHIPMENT,MarketplaceFacilitator,Amazon,,1,USD,,,,13.99,FALSE,13.99,,,,,VA,,,478000650,BALTIMORE,MD,US,,215100040,215100040,ShipTo,County,NOT APPLICABLE,,,,,,,,,,,,,0,0,Tax,,ZeroRated,13.99,0
,,,,2024-05-01+04:42:00,2024-05-01+00:00,Amazon.com,,AFN,,,SHIPMENT,MarketplaceFacilitator,Amazon,,1,USD,,,,13.99,FALSE,13.99,,,,,VA,,,478000650,BALTIMORE,MD,US,,215100040,215100040,ShipTo,District,NOT APPLICABLE,,,,,,,,,,,,,0,0,Tax,,ZeroRated,13.99,0
,,,,2024-05-01+03:53:28,2024-05-01+00:00,Amazon.com,,AFN,,,SHIPMENT,MarketplaceFacilitator,Amazon,,1,USD,,,,13.99,FALSE,13.99,0,1.12,,,GA,,,110730000,CLEVELAND,OH,US,,360350510,360350510,ShipTo,State,OH,,,,,,,,,,,,,0.81,0.0575,Tax,Sales and Use Tax,Taxable,0,13.99
,,,,2024-05-01+03:53:28,2024-05-01+00:00,Amazon.com,,AFN,,,SHIPMENT,MarketplaceFacilitator,Amazon,,1,USD,,,,13.99,FALSE,13.99,,,,,GA,,,110730000,CLEVELAND,OH,US,,360350510,360350510,ShipTo,City,NOT APPLICABLE,,,,,,,,,,,,,0,0,Tax,,ZeroRated,13.99,0
,,,,2024-05-01+03:53:28,2024-05-01+00:00,Amazon.com,,AFN,,,SHIPMENT,MarketplaceFacilitator,Amazon,,1,USD,,,,13.99,FALSE,13.99,,,,,GA,,,110730000,CLEVELAND,OH,US,,360350510,360350510,ShipTo,County,CUYAHOGA,,,,,,,,,,,,,0.17,0.0125,Tax,Local Sales and Use Tax,Taxable,0,13.99
,,,,2024-05-01+03:53:28,2024-05-01+00:00,Amazon.com,,AFN,,,SHIPMENT,MarketplaceFacilitator,Amazon,,1,USD,,,,13.99,FALSE,13.99,,,,,GA,,,110730000,CLEVELAND,OH,US,,360350510,360350510,ShipTo,District,GREATER CLEVELAND TRANSIT AUTHORITY TAX,,,,,,,,,,,,,0.14,0.01,Tax,Local Sales and Use Tax,Taxable,0,13.99
,,,,2024-05-01+20:26:20,2024-05-02+00:00,Amazon.com,,AFN,,,SHIPMENT,MarketplaceFacilitator,Amazon,,1,USD,,,,13.48,FALSE,13.48,0,0.98,,,CA,,,470590000,HANFORD,CA,US,,050311430,050311430,ShipTo,State,CA,,,,,,,,,,,,,0.81,0.06,Tax,Sales and Use Tax,Taxable,0,13.48
,,,,2024-05-01+20:26:20,2024-05-02+00:00,Amazon.com,,AFN,,,SHIPMENT,MarketplaceFacilitator,Amazon,,1,USD,,,,13.48,FALSE,13.48,,,,,CA,,,470590000,HANFORD,CA,US,,050311430,050311430,ShipTo,City,NOT APPLICABLE,,,,,,,,,,,,,0,0,Tax,,ZeroRated,13.48,0
,,,,2024-05-01+20:26:20,2024-05-02+00:00,Amazon.com,,AFN,,,SHIPMENT,MarketplaceFacilitator,Amazon,,1,USD,,,,13.48,FALSE,13.48,,,,,CA,,,470590000,HANFORD,CA,US,,050311430,050311430,ShipTo,County,KINGS,,,,,,,,,,,,,0.17,0.0125,Tax,Local Sales and Use Tax,Taxable,0,13.48
,,,,2024-05-01+20:26:20,2024-05-02+00:00,Amazon.com,,AFN,,,SHIPMENT,MarketplaceFacilitator,Amazon,,1,USD,,,,13.48,FALSE,13.48,,,,,CA,,,470590000,HANFORD,CA,US,,050311430,050311430,ShipTo,District,NOT APPLICABLE,,,,,,,,,,,,,0,0,Tax,,ZeroRated,13.48,0
,,,,2024-05-01+16:23:49,2024-05-02+00:00,Amazon.com,,AFN,,,SHIPMENT,MarketplaceFacilitator,Amazon,,1,USD,,,,13.48,FALSE,13.48,0,1.16,,,NJ,,,310150000,WANTAGH,NY,US,,330590000,330590000,ShipTo,State,NY,,,,,,,,,,,,,0.54,0.04,Tax,Sales and Compensating Use Tax,Taxable,0,13.48
,,,,2024-05-01+16:23:49,2024-05-02+00:00,Amazon.com,,AFN,,,SHIPMENT,MarketplaceFacilitator,Amazon,,1,USD,,,,13.48,FALSE,13.48,,,,,NJ,,,310150000,WANTAGH,NY,US,,330590000,330590000,ShipTo,City,NOT APPLICABLE,,,,,,,,,,,,,0,0,Tax,,ZeroRated,13.48,0
,,,,2024-05-01+16:23:49,2024-05-02+00:00,Amazon.com,,AFN,,,SHIPMENT,MarketplaceFacilitator,Amazon,,1,USD,,,,13.48,FALSE,13.48,,,,,NJ,,,310150000,WANTAGH,NY,US,,330590000,330590000,ShipTo,County,NASSAU,,,,,,,,,,,,,0.57,0.0425,Tax,Local Sales and Use Tax,Taxable,0,13.48
,,,,2024-05-01+16:23:49,2024-05-02+00:00,Amazon.com,,AFN,,,SHIPMENT,MarketplaceFacilitator,Amazon,,1,USD,,,,13.48,FALSE,13.48,,,,,NJ,,,310150000,WANTAGH,NY,US,,330590000,330590000,ShipTo,District,METROPOLITAN COMMUTER TRANSPORTATION DISTRICT,,,,,,,,,,,,,0.05,0.00375,Tax,Metropolitan Commuter Transportation District,Taxable,0,13.48
,,,,2024-05-02+00:03:48,2024-05-02+00:00,Amazon.com,,AFN,,,SHIPMENT,MarketplaceFacilitator,Amazon,,1,USD,,,,13.48,FALSE,13.48,0,1.18,,,NY,,,330550000,REMSEN,NY,US,,330650000,330650000,ShipTo,State,NY,,,,,,,,,,,,,0.54,0.04,Tax,Sales and Compensating Use Tax,Taxable,0,13.48
,,,,2024-05-02+00:03:48,2024-05-02+00:00,Amazon.com,,AFN,,,SHIPMENT,MarketplaceFacilitator,Amazon,,1,USD,,,,13.48,FALSE,13.48,,,,,NY,,,330550000,REMSEN,NY,US,,330650000,330650000,ShipTo,City,NOT APPLICABLE,,,,,,,,,,,,,0,0,Tax,,ZeroRated,13.48,0
,,,,2024-05-02+00:03:48,2024-05-02+00:00,Amazon.com,,AFN,,,SHIPMENT,MarketplaceFacilitator,Amazon,,1,USD,,,,13.48,FALSE,13.48,,,,,NY,,,330550000,REMSEN,NY,US,,330650000,330650000,ShipTo,County,ONEIDA,,,,,,,,,,,,,0.64,0.0475,Tax,Local Sales and Use Tax,Taxable,0,13.48
,,,,2024-05-02+00:03:48,2024-05-02+00:00,Amazon.com,,AFN,,,SHIPMENT,MarketplaceFacilitator,Amazon,,1,USD,,,,13.48,FALSE,13.48,,,,,NY,,,330550000,REMSEN,NY,US,,330650000,330650000,ShipTo,District,NOT APPLICABLE,,,,,,,,,,,,,0,0,Tax,,ZeroRated,13.48,0
,,,,2024-05-02+00:03:48,2024-05-02+00:00,Amazon.com,,AFN,,,SHIPMENT,MarketplaceFacilitator,Amazon,,1,USD,,,,2.5,FALSE,2.5,0,0,,,NY,,,330550000,REMSEN,NY,US,,330650000,330650000,ShipTo,State,NY,,,Y,0,0,-2.5,PromotionIdAndCouponCode,0,,Self Funded,ReductionInTaxableBasis,,0,0.04,Tax,Sales and Compensating Use Tax,Taxable,0,0
,,,,2024-05-02+00:03:48,2024-05-02+00:00,Amazon.com,,AFN,,,SHIPMENT,MarketplaceFacilitator,Amazon,,1,USD,,,,2.5,FALSE,2.5,,,,,NY,,,330550000,REMSEN,NY,US,,330650000,330650000,ShipTo,City,NOT APPLICABLE,,,Y,0,0,-2.5,PromotionIdAndCouponCode,0,,Self Funded,ReductionInTaxableBasis,,0,0,Tax,,NonTaxable,0,0
,,,,2024-05-02+00:03:48,2024-05-02+00:00,Amazon.com,,AFN,,,SHIPMENT,MarketplaceFacilitator,Amazon,,1,USD,,,,2.5,FALSE,2.5,,,,,NY,,,330550000,REMSEN,NY,US,,330650000,330650000,ShipTo,County,ONEIDA,,,Y,0,0,-2.5,PromotionIdAndCouponCode,0,,Self Funded,ReductionInTaxableBasis,,0,0.0475,Tax,Local Sales and Use Tax,Taxable,0,0
,,,,2024-05-02+00:03:48,2024-05-02+00:00,Amazon.com,,AFN,,,SHIPMENT,MarketplaceFacilitator,Amazon,,1,USD,,,,2.5,FALSE,2.5,,,,,NY,,,330550000,REMSEN,NY,US,,330650000,330650000,ShipTo,District,NOT APPLICABLE,,,Y,0,0,-2.5,PromotionIdAndCouponCode,0,,Self Funded,ReductionInTaxableBasis,,0,0,Tax,,NonTaxable,0,0
,,,,2024-05-01+16:43:52,2024-05-02+00:00,Amazon.com,,AFN,,,SHIPMENT,Standard,Seller,A_GEN_NOTAX,1,USD,,,,0.6,FALSE,0.6,0,0,,,NJ,,,310150000,DOVER,DE,US,,080010010,080010010,ShipTo,State,DE,,,Y,0,0,-0.6,PromotionIdAndCouponCode,0,,Self Funded,ReductionInTaxableBasis,0,,0,Tax,Occupation Use Tax / No Sales or Use Tax Imposed,NonTaxable,0,0
,,,,2024-05-01+16:43:52,2024-05-02+00:00,Amazon.com,,AFN,,,SHIPMENT,Standard,Seller,A_GEN_NOTAX,1,USD,,,,0.6,FALSE,0.6,,,,,NJ,,,310150000,DOVER,DE,US,,080010010,080010010,ShipTo,City,NOT APPLICABLE,,,Y,0,0,-0.6,PromotionIdAndCouponCode,0,,Self Funded,ReductionInTaxableBasis,0,,0,Tax,,NonTaxable,0,0
,,,,2024-05-01+16:43:52,2024-05-02+00:00,Amazon.com,,AFN,,,SHIPMENT,Standard,Seller,A_GEN_NOTAX,1,USD,,,,0.6,FALSE,0.6,,,,,NJ,,,310150000,DOVER,DE,US,,080010010,080010010,ShipTo,County,NOT APPLICABLE,,,Y,0,0,-0.6,PromotionIdAndCouponCode,0,,Self Funded,ReductionInTaxableBasis,0,,0,Tax,,NonTaxable,0,0
,,,,2024-05-01+16:43:52,2024-05-02+00:00,Amazon.com,,AFN,,,SHIPMENT,Standard,Seller,A_GEN_NOTAX,1,USD,,,,0.6,FALSE,0.6,,,,,NJ,,,310150000,DOVER,DE,US,,080010010,080010010,ShipTo,District,NOT APPLICABLE,,,Y,0,0,-0.6,PromotionIdAndCouponCode,0,,Self Funded,ReductionInTaxableBasis,0,,0,Tax,,NonTaxable,0,0
,,,,2024-05-01+16:43:52,2024-05-02+00:00,Amazon.com,,AFN,,,SHIPMENT,Standard,Seller,A_GEN_NOTAX,1,USD,,,,13.48,FALSE,13.48,0,0,,,NJ,,,310150000,DOVER,DE,US,,080010010,080010010,ShipTo,State,DE,,,,,,,,,,,,0,,0,Tax,Occupation Use Tax / No Sales or Use Tax Imposed,NonTaxable,13.48,0
,,,,2024-05-01+16:43:52,2024-05-02+00:00,Amazon.com,,AFN,,,SHIPMENT,Standard,Seller,A_GEN_NOTAX,1,USD,,,,13.48,FALSE,13.48,,,,,NJ,,,310150000,DOVER,DE,US,,080010010,080010010,ShipTo,City,NOT APPLICABLE,,,,,,,,,,,,0,,0,Tax,,ZeroRated,13.48,0
,,,,2024-05-01+16:43:52,2024-05-02+00:00,Amazon.com,,AFN,,,SHIPMENT,Standard,Seller,A_GEN_NOTAX,1,USD,,,,13.48,FALSE,13.48,,,,,NJ,,,310150000,DOVER,DE,US,,080010010,080010010,ShipTo,County,NOT APPLICABLE,,,,,,,,,,,,0,,0,Tax,,ZeroRated,13.48,0
,,,,2024-05-01+16:43:52,2024-05-02+00:00,Amazon.com,,AFN,,,SHIPMENT,Standard,Seller,A_GEN_NOTAX,1,USD,,,,13.48,FALSE,13.48,,,,,NJ,,,310150000,DOVER,DE,US,,080010010,080010010,ShipTo,District,NOT APPLICABLE,,,,,,,,,,,,0,,0,Tax,,ZeroRated,13.48,0
,,,,2024-05-01+18:13:50,2024-05-02+00:00,Amazon.com,,AFN,,,SHIPMENT,Standard,Seller,A_GEN_NOTAX,1,USD,,,,13.48,FALSE,13.48,0,0,,,NJ,,,310150000,NEWARK,DE,US,,080030070,080030070,ShipTo,State,DE,,,,,,,,,,,,0,,0,Tax,Occupation Use Tax / No Sales or Use Tax Imposed,NonTaxable,13.48,0
,,,,2024-05-01+18:13:50,2024-05-02+00:00,Amazon.com,,AFN,,,SHIPMENT,Standard,Seller,A_GEN_NOTAX,1,USD,,,,13.48,FALSE,13.48,,,,,NJ,,,310150000,NEWARK,DE,US,,080030070,080030070,ShipTo,City,NOT APPLICABLE,,,,,,,,,,,,0,,0,Tax,,ZeroRated,13.48,0
,,,,2024-05-01+18:13:50,2024-05-02+00:00,Amazon.com,,AFN,,,SHIPMENT,Standard,Seller,A_GEN_NOTAX,1,USD,,,,13.48,FALSE,13.48,,,,,NJ,,,310150000,NEWARK,DE,US,,080030070,080030070,ShipTo,County,NOT APPLICABLE,,,,,,,,,,,,0,,0,Tax,,ZeroRated,13.48,0
,,,,2024-05-01+18:13:50,2024-05-02+00:00,Amazon.com,,AFN,,,SHIPMENT,Standard,Seller,A_GEN_NOTAX,1,USD,,,,13.48,FALSE,13.48,,,,,NJ,,,310150000,NEWARK,DE,US,,080030070,080030070,ShipTo,District,NOT APPLICABLE,,,,,,,,,,,,0,,0,Tax,,ZeroRated,13.48,0
,,,,2024-05-01+18:13:50,2024-05-02+00:00,Amazon.com,,AFN,,,SHIPMENT,Standard,Seller,A_GEN_NOTAX,1,USD,,,,0.75,FALSE,0.75,0,0,,,NJ,,,310150000,NEWARK,DE,US,,080030070,080030070,ShipTo,State,DE,,,Y,0,0,-0.75,PromotionIdAndCouponCode,0,,Self Funded,ReductionInTaxableBasis,0,,0,Tax,Occupation Use Tax / No Sales or Use Tax Imposed,NonTaxable,0,0
,,,,2024-05-01+18:13:50,2024-05-02+00:00,Amazon.com,,AFN,,,SHIPMENT,Standard,Seller,A_GEN_NOTAX,1,USD,,,,0.75,FALSE,0.75,,,,,NJ,,,310150000,NEWARK,DE,US,,080030070,080030070,ShipTo,City,NOT APPLICABLE,,,Y,0,0,-0.75,PromotionIdAndCouponCode,0,,Self Funded,ReductionInTaxableBasis,0,,0,Tax,,NonTaxable,0,0
,,,,2024-05-01+18:13:50,2024-05-02+00:00,Amazon.com,,AFN,,,SHIPMENT,Standard,Seller,A_GEN_NOTAX,1,USD,,,,0.75,FALSE,0.75,,,,,NJ,,,310150000,NEWARK,DE,US,,080030070,080030070,ShipTo,County,NOT APPLICABLE,,,Y,0,0,-0.75,PromotionIdAndCouponCode,0,,Self Funded,ReductionInTaxableBasis,0,,0,Tax,,NonTaxable,0,0
,,,,2024-05-01+18:13:50,2024-05-02+00:00,Amazon.com,,AFN,,,SHIPMENT,Standard,Seller,A_GEN_NOTAX,1,USD,,,,0.75,FALSE,0.75,,,,,NJ,,,310150000,NEWARK,DE,US,,080030070,080030070,ShipTo,District,NOT APPLICABLE,,,Y,0,0,-0.75,PromotionIdAndCouponCode,0,,Self Funded,ReductionInTaxableBasis,0,,0,Tax,,NonTaxable,0,0
,,,,2024-05-01+23:03:12,2024-05-02+00:00,Amazon.com,,AFN,,,SHIPMENT,MarketplaceFacilitator,Amazon,,1,USD,,,,13.48,FALSE,13.48,0,1.01,,,GA,,,110511914,GIBSONTON,FL,US,,100570000,100570000,ShipTo,State,FL,,,,,,,,,,,,,0.81,0.06,Tax,Sales and Use Tax,Taxable,0,13.48
,,,,2024-05-01+23:03:12,2024-05-02+00:00,Amazon.com,,AFN,,,SHIPMENT,MarketplaceFacilitator,Amazon,,1,USD,,,,13.48,FALSE,13.48,,,,,GA,,,110511914,GIBSONTON,FL,US,,100570000,100570000,ShipTo,City,NOT APPLICABLE,,,,,,,,,,,,,0,0,Tax,,ZeroRated,13.48,0
,,,,2024-05-01+23:03:12,2024-05-02+00:00,Amazon.com,,AFN,,,SHIPMENT,MarketplaceFacilitator,Amazon,,1,USD,,,,13.48,FALSE,13.48,,,,,GA,,,110511914,GIBSONTON,FL,US,,100570000,100570000,ShipTo,County,HILLSBOROUGH,,,,,,,,,,,,,0.2,0.015,Tax,Local Sales and Use Tax (Discretionary Sales Surtax),Taxable,0,13.48
,,,,2024-05-01+23:03:12,2024-05-02+00:00,Amazon.com,,AFN,,,SHIPMENT,MarketplaceFacilitator,Amazon,,1,USD,,,,13.48,FALSE,13.48,,,,,GA,,,110511914,GIBSONTON,FL,US,,100570000,100570000,ShipTo,District,NOT APPLICABLE,,,,,,,,,,,,,0,0,Tax,,ZeroRated,13.48,0
,,,,2024-05-02+13:03:41,2024-05-02+00:00,Amazon.com,,AFN,,,SHIPMENT,MarketplaceFacilitator,Amazon,,1,USD,,,,13.48,FALSE,13.48,0,0.81,,,TN,,,431570560,SMYRNA,GA,US,,110671020,110671020,ShipTo,State,GA,,,,,,,,,,,,,0.54,0.04,Tax,Sales and Use Tax,Taxable,0,13.48
,,,,2024-05-02+13:03:41,2024-05-02+00:00,Amazon.com,,AFN,,,SHIPMENT,MarketplaceFacilitator,Amazon,,1,USD,,,,13.48,FALSE,13.48,,,,,TN,,,431570560,SMYRNA,GA,US,,110671020,110671020,ShipTo,City,NOT APPLICABLE,,,,,,,,,,,,,0,0,Tax,,ZeroRated,13.48,0
,,,,2024-05-02+13:03:41,2024-05-02+00:00,Amazon.com,,AFN,,,SHIPMENT,MarketplaceFacilitator,Amazon,,1,USD,,,,13.48,FALSE,13.48,,,,,TN,,,431570560,SMYRNA,GA,US,,110671020,110671020,ShipTo,County,COBB,,,,,,,,,,,,,0.27,0.02,Tax,Local Sales and Use Tax,Taxable,0,13.48
,,,,2024-05-02+13:03:41,2024-05-02+00:00,Amazon.com,,AFN,,,SHIPMENT,MarketplaceFacilitator,Amazon,,1,USD,,,,13.48,FALSE,13.48,,,,,TN,,,431570560,SMYRNA,GA,US,,110671020,110671020,ShipTo,District,NOT APPLICABLE,,,,,,,,,,,,,0,0,Tax,,ZeroRated,13.48,0
,,,,2024-05-02+16:51:43,2024-05-02+00:00,Amazon.com,,AFN,,,SHIPMENT,MarketplaceFacilitator,Amazon,,1,USD,,,,13.48,FALSE,13.48,0,0.94,,,TN,,,431570560,SHARPSBURG,GA,US,,110770000,110770000,ShipTo,State,GA,,,,,,,,,,,,,0.54,0.04,Tax,Sales and Use Tax,Taxable,0,13.48
,,,,2024-05-02+16:51:43,2024-05-02+00:00,Amazon.com,,AFN,,,SHIPMENT,MarketplaceFacilitator,Amazon,,1,USD,,,,13.48,FALSE,13.48,,,,,TN,,,431570560,SHARPSBURG,GA,US,,110770000,110770000,ShipTo,City,NOT APPLICABLE,,,,,,,,,,,,,0,0,Tax,,ZeroRated,13.48,0
,,,,2024-05-02+16:51:43,2024-05-02+00:00,Amazon.com,,AFN,,,SHIPMENT,MarketplaceFacilitator,Amazon,,1,USD,,,,13.48,FALSE,13.48,,,,,TN,,,431570560,SHARPSBURG,GA,US,,110770000,110770000,ShipTo,County,COWETA,,,,,,,,,,,,,0.4,0.03,Tax,Local Sales and Use Tax,Taxable,0,13.48
,,,,2024-05-02+16:51:43,2024-05-02+00:00,Amazon.com,,AFN,,,SHIPMENT,MarketplaceFacilitator,Amazon,,1,USD,,,,13.48,FALSE,13.48,,,,,TN,,,431570560,SHARPSBURG,GA,US,,110770000,110770000,ShipTo,District,NOT APPLICABLE,,,,,,,,,,,,,0,0,Tax,,ZeroRated,13.48,0
,,,,2024-05-02+17:36:38,2024-05-02+00:00,Amazon.com,,AFN,,,SHIPMENT,MarketplaceFacilitator,Amazon,,1,USD,,,,13.48,FALSE,13.48,0,0.67,,,IL,,,140311740,BURLINGTON,WI,US,,501010000,501010000,ShipTo,State,WI,,,,,,,,,,,,,0.67,0.05,Tax,General Sales and Use Tax,Taxable,0,13.48
,,,,2024-05-02+17:36:38,2024-05-02+00:00,Amazon.com,,AFN,,,SHIPMENT,MarketplaceFacilitator,Amazon,,1,USD,,,,13.48,FALSE,13.48,,,,,IL,,,140311740,BURLINGTON,WI,US,,501010000,501010000,ShipTo,City,NOT APPLICABLE,,,,,,,,,,,,,0,0,Tax,,ZeroRated,13.48,0
,,,,2024-05-02+17:36:38,2024-05-02+00:00,Amazon.com,,AFN,,,SHIPMENT,MarketplaceFacilitator,Amazon,,1,USD,,,,13.48,FALSE,13.48,,,,,IL,,,140311740,BURLINGTON,WI,US,,501010000,501010000,ShipTo,County,NOT APPLICABLE,,,,,,,,,,,,,0,0,Tax,,ZeroRated,13.48,0
,,,,2024-05-02+17:36:38,2024-05-02+00:00,Amazon.com,,AFN,,,SHIPMENT,MarketplaceFacilitator,Amazon,,1,USD,,,,13.48,FALSE,13.48,,,,,IL,,,140311740,BURLINGTON,WI,US,,501010000,501010000,ShipTo,District,NOT APPLICABLE,,,,,,,,,,,,,0,0,Tax,,ZeroRated,13.48,0
,,,,2024-05-02+19:28:02,2024-05-03+00:00,Amazon.com,,AFN,,,SHIPMENT,MarketplaceFacilitator,Amazon,,1,USD,,,,13.48,FALSE,13.48,0,1.28,,,NV,,,290030090,SAN PEDRO,CA,US,,050371900,050371900,ShipTo,State,CA,,,,,,,,,,,,,0.8,0.06,Tax,Sales and Use Tax,Taxable,0,13.48
,,,,2024-05-02+19:28:02,2024-05-03+00:00,Amazon.com,,AFN,,,SHIPMENT,MarketplaceFacilitator,Amazon,,1,USD,,,,13.48,FALSE,13.48,,,,,NV,,,290030090,SAN PEDRO,CA,US,,050371900,050371900,ShipTo,City,NOT APPLICABLE,,,,,,,,,,,,,0,0,Tax,,ZeroRated,13.48,0
,,,,2024-05-02+19:28:02,2024-05-03+00:00,Amazon.com,,AFN,,,SHIPMENT,MarketplaceFacilitator,Amazon,,1,USD,,,,13.48,FALSE,13.48,,,,,NV,,,290030090,SAN PEDRO,CA,US,,050371900,050371900,ShipTo,County,LOS ANGELES,,,,,,,,,,,,,0.17,0.0125,Tax,Local Sales and Use Tax,Taxable,0,13.48
,,,,2024-05-02+19:28:02,2024-05-03+00:00,Amazon.com,,AFN,,,SHIPMENT,MarketplaceFacilitator,Amazon,,1,USD,,,,13.48,FALSE,13.48,,,,,NV,,,290030090,SAN PEDRO,CA,US,,050371900,050371900,ShipTo,District,MEASURE H TRANSACTIONS AND USE TAX (LACH),,,,,,,,,,,,,0.03,0.0025,Tax,Local Sales and Use Tax,Taxable,0,13.48
,,,,2024-05-02+19:28:02,2024-05-03+00:00,Amazon.com,,AFN,,,SHIPMENT,MarketplaceFacilitator,Amazon,,1,USD,,,,13.48,FALSE,13.48,,,,,NV,,,290030090,SAN PEDRO,CA,US,,050371900,050371900,ShipTo,District,METROPOLITAN TRANSIT DISTRICT (LAMT),,,,,,,,,,,,,0.07,0.005,Tax,Local Sales and Use Tax,Taxable,0,13.48
,,,,2024-05-02+19:28:02,2024-05-03+00:00,Amazon.com,,AFN,,,SHIPMENT,MarketplaceFacilitator,Amazon,,1,USD,,,,13.48,FALSE,13.48,,,,,NV,,,290030090,SAN PEDRO,CA,US,,050371900,050371900,ShipTo,District,TRANSACTIONS AND USE TAX (LAMA),,,,,,,,,,,,,0.07,0.005,Tax,Local Sales and Use Tax,Taxable,0,13.48
,,,,2024-05-02+19:28:02,2024-05-03+00:00,Amazon.com,,AFN,,,SHIPMENT,MarketplaceFacilitator,Amazon,,1,USD,,,,13.48,FALSE,13.48,,,,,NV,,,290030090,SAN PEDRO,CA,US,,050371900,050371900,ShipTo,District,TRANSIT DISTRICT (LACT),,,,,,,,,,,,,0.07,0.005,Tax,Local Sales and Use Tax,Taxable,0,13.48
,,,,2024-05-02+19:28:02,2024-05-03+00:00,Amazon.com,,AFN,,,SHIPMENT,MarketplaceFacilitator,Amazon,,1,USD,,,,13.48,FALSE,13.48,,,,,NV,,,290030090,SAN PEDRO,CA,US,,050371900,050371900,ShipTo,District,TRANSPORTATION COMMISSION (LATC),,,,,,,,,,,,,0.07,0.005,Tax,Local Sales and Use Tax,Taxable,0,13.48
,,,,2024-05-02+16:52:56,2024-05-03+00:00,Amazon.com,,AFN,,,SHIPMENT,MarketplaceFacilitator,Amazon,,1,USD,,,,13.48,FALSE,13.48,0,1.18,,,CA,,,470590000,SACRAMENTO,CA,US,,050672940,050672940,ShipTo,State,CA,,,,,,,,,,,,,0.81,0.06,Tax,Sales and Use Tax,Taxable,0,13.48
,,,,2024-05-02+16:52:56,2024-05-03+00:00,Amazon.com,,AFN,,,SHIPMENT,MarketplaceFacilitator,Amazon,,1,USD,,,,13.48,FALSE,13.48,,,,,CA,,,470590000,SACRAMENTO,CA,US,,050672940,050672940,ShipTo,City,NOT APPLICABLE,,,,,,,,,,,,,0,0,Tax,,ZeroRated,13.48,0
,,,,2024-05-02+16:52:56,2024-05-03+00:00,Amazon.com,,AFN,,,SHIPMENT,MarketplaceFacilitator,Amazon,,1,USD,,,,13.48,FALSE,13.48,,,,,CA,,,470590000,SACRAMENTO,CA,US,,050672940,050672940,ShipTo,County,SACRAMENTO,,,,,,,,,,,,,0.17,0.0125,Tax,Local Sales and Use Tax,Taxable,0,13.48
,,,,2024-05-02+16:52:56,2024-05-03+00:00,Amazon.com,,AFN,,,SHIPMENT,MarketplaceFacilitator,Amazon,,1,USD,,,,13.48,FALSE,13.48,,,,,CA,,,470590000,SACRAMENTO,CA,US,,050672940,050672940,ShipTo,District,TRANSACTIONS AND USE TAX (SARG),,,,,,,,,,,,,0.13,0.01,Tax,Local Sales and Use Tax,Taxable,0,13.48
,,,,2024-05-02+16:52:56,2024-05-03+00:00,Amazon.com,,AFN,,,SHIPMENT,MarketplaceFacilitator,Amazon,,1,USD,,,,13.48,FALSE,13.48,,,,,CA,,,470590000,SACRAMENTO,CA,US,,050672940,050672940,ShipTo,District,TRANSPORTATION AUTHORITY (STAT),,,,,,,,,,,,,0.07,0.005,Tax,Local Sales and Use Tax,Taxable,0,13.48
,,,,2024-05-02+18:36:23,2024-05-03+00:00,Amazon.com,,AFN,,,SHIPMENT,MarketplaceFacilitator,Amazon,,1,USD,,,,13.99,FALSE,13.99,0,1.33,,,CA,,,470590000,BURBANK,CA,US,,050371900,050371900,ShipTo,State,CA,,,,,,,,,,,,,0.84,0.06,Tax,Sales and Use Tax,Taxable,0,13.99
,,,,2024-05-02+18:36:23,2024-05-03+00:00,Amazon.com,,AFN,,,SHIPMENT,MarketplaceFacilitator,Amazon,,1,USD,,,,13.99,FALSE,13.99,,,,,CA,,,470590000,BURBANK,CA,US,,050371900,050371900,ShipTo,City,NOT APPLICABLE,,,,,,,,,,,,,0,0,Tax,,ZeroRated,13.99,0
,,,,2024-05-02+18:36:23,2024-05-03+00:00,Amazon.com,,AFN,,,SHIPMENT,MarketplaceFacilitator,Amazon,,1,USD,,,,13.99,FALSE,13.99,,,,,CA,,,470590000,BURBANK,CA,US,,050371900,050371900,ShipTo,County,LOS ANGELES,,,,,,,,,,,,,0.18,0.0125,Tax,Local Sales and Use Tax,Taxable,0,13.99
,,,,2024-05-02+18:36:23,2024-05-03+00:00,Amazon.com,,AFN,,,SHIPMENT,MarketplaceFacilitator,Amazon,,1,USD,,,,13.99,FALSE,13.99,,,,,CA,,,470590000,BURBANK,CA,US,,050371900,050371900,ShipTo,District,MEASURE H TRANSACTIONS AND USE TAX (LACH),,,,,,,,,,,,,0.03,0.0025,Tax,Local Sales and Use Tax,Taxable,0,13.99
,,,,2024-05-02+18:36:23,2024-05-03+00:00,Amazon.com,,AFN,,,SHIPMENT,MarketplaceFacilitator,Amazon,,1,USD,,,,13.99,FALSE,13.99,,,,,CA,,,470590000,BURBANK,CA,US,,050371900,050371900,ShipTo,District,METROPOLITAN TRANSIT DISTRICT (LAMT),,,,,,,,,,,,,0.07,0.005,Tax,Local Sales and Use Tax,Taxable,0,13.99
,,,,2024-05-02+18:36:23,2024-05-03+00:00,Amazon.com,,AFN,,,SHIPMENT,MarketplaceFacilitator,Amazon,,1,USD,,,,13.99,FALSE,13.99,,,,,CA,,,470590000,BURBANK,CA,US,,050371900,050371900,ShipTo,District,TRANSACTIONS AND USE TAX (LAMA),,,,,,,,,,,,,0.07,0.005,Tax,Local Sales and Use Tax,Taxable,0,13.99
,,,,2024-05-02+18:36:23,2024-05-03+00:00,Amazon.com,,AFN,,,SHIPMENT,MarketplaceFacilitator,Amazon,,1,USD,,,,13.99,FALSE,13.99,,,,,CA,,,470590000,BURBANK,CA,US,,050371900,050371900,ShipTo,District,TRANSIT DISTRICT (LACT),,,,,,,,,,,,,0.07,0.005,Tax,Local Sales and Use Tax,Taxable,0,13.99
,,,,2024-05-02+18:36:23,2024-05-03+00:00,Amazon.com,,AFN,,,SHIPMENT,MarketplaceFacilitator,Amazon,,1,USD,,,,13.99,FALSE,13.99,,,,,CA,,,470590000,BURBANK,CA,US,,050371900,050371900,ShipTo,District,TRANSPORTATION COMMISSION (LATC),,,,,,,,,,,,,0.07,0.005,Tax,Local Sales and Use Tax,Taxable,0,13.99
,,,,2024-05-02+20:45:31,2024-05-03+00:00,Amazon.com,,AFN,,,SHIPMENT,MarketplaceFacilitator,Amazon,,1,USD,,,,13.48,FALSE,13.48,0,1.42,,,WA,,,480330320,BOTHELL,WA,US,,480611340,480611340,ShipTo,State,WA,,,,,,,,,,,,,0.88,0.065,Tax,Retail Sales and Use Tax,Taxable,0,13.48
,,,,2024-05-02+20:45:31,2024-05-03+00:00,Amazon.com,,AFN,,,SHIPMENT,MarketplaceFacilitator,Amazon,,1,USD,,,,13.48,FALSE,13.48,,,,,WA,,,480330320,BOTHELL,WA,US,,480611340,480611340,ShipTo,City,BOTHELL,,,,,,,,,,,,,0.19,0.014,Tax,Local Sales and Use Tax,Taxable,0,13.48
,,,,2024-05-02+20:45:31,2024-05-03+00:00,Amazon.com,,AFN,,,SHIPMENT,MarketplaceFacilitator,Amazon,,1,USD,,,,13.48,FALSE,13.48,,,,,WA,,,480330320,BOTHELL,WA,US,,480611340,480611340,ShipTo,County,SNOHOMISH,,,,,,,,,,,,,0,0,Tax,Local Sales and Use Tax,NonTaxable,13.48,0
,,,,2024-05-02+20:45:31,2024-05-03+00:00,Amazon.com,,AFN,,,SHIPMENT,MarketplaceFacilitator,Amazon,,1,USD,,,,13.48,FALSE,13.48,,,,,WA,,,480330320,BOTHELL,WA,US,,480611340,480611340,ShipTo,District,PUBLIC TRANSPORTATION BENEFIT AREA,,,,,,,,,,,,,0.16,0.012,Tax,Local Sales and Use Tax,Taxable,0,13.48
,,,,2024-05-02+20:45:31,2024-05-03+00:00,Amazon.com,,AFN,,,SHIPMENT,MarketplaceFacilitator,Amazon,,1,USD,,,,13.48,FALSE,13.48,,,,,WA,,,480330320,BOTHELL,WA,US,,480611340,480611340,ShipTo,District,REGIONAL TRANSIT AUTHORITY,,,,,,,,,,,,,0.19,0.014,Tax,Local Sales and Use Tax,Taxable,0,13.48
,,,,2024-05-02+20:45:31,2024-05-03+00:00,Amazon.com,,AFN,,,SHIPMENT,MarketplaceFacilitator,Amazon,,1,USD,,,,0.75,FALSE,0.75,0,0,,,WA,,,480330320,BOTHELL,WA,US,,480611340,480611340,ShipTo,State,WA,,,Y,0,0,-0.75,PromotionIdAndCouponCode,0,,Self Funded,ReductionInTaxableBasis,,0,0.065,Tax,Retail Sales and Use Tax,Taxable,0,0
,,,,2024-05-02+20:45:31,2024-05-03+00:00,Amazon.com,,AFN,,,SHIPMENT,MarketplaceFacilitator,Amazon,,1,USD,,,,0.75,FALSE,0.75,,,,,WA,,,480330320,BOTHELL,WA,US,,480611340,480611340,ShipTo,City,BOTHELL,,,Y,0,0,-0.75,PromotionIdAndCouponCode,0,,Self Funded,ReductionInTaxableBasis,,0,0.014,Tax,Local Sales and Use Tax,Taxable,0,0
,,,,2024-05-02+20:45:31,2024-05-03+00:00,Amazon.com,,AFN,,,SHIPMENT,MarketplaceFacilitator,Amazon,,1,USD,,,,0.75,FALSE,0.75,,,,,WA,,,480330320,BOTHELL,WA,US,,480611340,480611340,ShipTo,County,SNOHOMISH,,,Y,0,0,-0.75,PromotionIdAndCouponCode,0,,Self Funded,ReductionInTaxableBasis,,0,0,Tax,Local Sales and Use Tax,NonTaxable,0,0
,,,,2024-05-02+20:45:31,2024-05-03+00:00,Amazon.com,,AFN,,,SHIPMENT,MarketplaceFacilitator,Amazon,,1,USD,,,,0.75,FALSE,0.75,,,,,WA,,,480330320,BOTHELL,WA,US,,480611340,480611340,ShipTo,District,PUBLIC TRANSPORTATION BENEFIT AREA,,,Y,0,0,-0.75,PromotionIdAndCouponCode,0,,Self Funded,ReductionInTaxableBasis,,0,0.012,Tax,Local Sales and Use Tax,Taxable,0,0
,,,,2024-05-02+20:45:31,2024-05-03+00:00,Amazon.com,,AFN,,,SHIPMENT,MarketplaceFacilitator,Amazon,,1,USD,,,,0.75,FALSE,0.75,,,,,WA,,,480330320,BOTHELL,WA,US,,480611340,480611340,ShipTo,District,REGIONAL TRANSIT AUTHORITY,,,Y,0,0,-0.75,PromotionIdAndCouponCode,0,,Self Funded,ReductionInTaxableBasis,,0,0.014,Tax,Local Sales and Use Tax,Taxable,0,0
,,,,2024-05-03+09:18:18,2024-05-03+00:00,Amazon.com,,AFN,,,SHIPMENT,MarketplaceFacilitator,Amazon,,1,USD,,,,13.48,FALSE,13.48,0,0.88,,,GA,,,110730000,ORLANDO,FL,US,,100951160,100951160,ShipTo,State,FL,,,,,,,,,,,,,0.81,0.06,Tax,Sales and Use Tax,Taxable,0,13.48
,,,,2024-05-03+09:18:18,2024-05-03+00:00,Amazon.com,,AFN,,,SHIPMENT,MarketplaceFacilitator,Amazon,,1,USD,,,,13.48,FALSE,13.48,,,,,GA,,,110730000,ORLANDO,FL,US,,100951160,100951160,ShipTo,City,NOT APPLICABLE,,,,,,,,,,,,,0,0,Tax,,ZeroRated,13.48,0
,,,,2024-05-03+09:18:18,2024-05-03+00:00,Amazon.com,,AFN,,,SHIPMENT,MarketplaceFacilitator,Amazon,,1,USD,,,,13.48,FALSE,13.48,,,,,GA,,,110730000,ORLANDO,FL,US,,100951160,100951160,ShipTo,County,ORANGE,,,,,,,,,,,,,0.07,0.005,Tax,Local Sales and Use Tax (Discretionary Sales Surtax),Taxable,0,13.48
,,,,2024-05-03+09:18:18,2024-05-03+00:00,Amazon.com,,AFN,,,SHIPMENT,MarketplaceFacilitator,Amazon,,1,USD,,,,13.48,FALSE,13.48,,,,,GA,,,110730000,ORLANDO,FL,US,,100951160,100951160,ShipTo,District,NOT APPLICABLE,,,,,,,,,,,,,0,0,Tax,,ZeroRated,13.48,0
,,,,2024-05-03+12:49:43,2024-05-03+00:00,Amazon.com,,AFN,,,SHIPMENT,MarketplaceFacilitator,Amazon,,1,USD,,,,1.49,FALSE,1.49,0,0,,,NJ,,,310150000,OREFIELD,PA,US,,390770000,390770000,ShipTo,State,PA,,,Y,0,0,-1.49,PromotionIdAndCouponCode,0,,Self Funded,ReductionInTaxableBasis,,0,0.06,Tax,Sales and Use Tax,Taxable,0,0
,,,,2024-05-03+12:49:43,2024-05-03+00:00,Amazon.com,,AFN,,,SHIPMENT,MarketplaceFacilitator,Amazon,,1,USD,,,,1.49,FALSE,1.49,,,,,NJ,,,310150000,OREFIELD,PA,US,,390770000,390770000,ShipTo,City,NOT APPLICABLE,,,Y,0,0,-1.49,PromotionIdAndCouponCode,0,,Self Funded,ReductionInTaxableBasis,,0,0,Tax,,NonTaxable,0,0
,,,,2024-05-03+12:49:43,2024-05-03+00:00,Amazon.com,,AFN,,,SHIPMENT,MarketplaceFacilitator,Amazon,,1,USD,,,,1.49,FALSE,1.49,,,,,NJ,,,310150000,OREFIELD,PA,US,,390770000,390770000,ShipTo,County,NOT APPLICABLE,,,Y,0,0,-1.49,PromotionIdAndCouponCode,0,,Self Funded,ReductionInTaxableBasis,,0,0,Tax,,NonTaxable,0,0
,,,,2024-05-03+12:49:43,2024-05-03+00:00,Amazon.com,,AFN,,,SHIPMENT,MarketplaceFacilitator,Amazon,,1,USD,,,,1.49,FALSE,1.49,,,,,NJ,,,310150000,OREFIELD,PA,US,,390770000,390770000,ShipTo,District,NOT APPLICABLE,,,Y,0,0,-1.49,PromotionIdAndCouponCode,0,,Self Funded,ReductionInTaxableBasis,,0,0,Tax,,NonTaxable,0,0
,,,,2024-05-03+12:49:43,2024-05-03+00:00,Amazon.com,,AFN,,,SHIPMENT,MarketplaceFacilitator,Amazon,,1,USD,,,,13.48,FALSE,13.48,0,0.81,,,NJ,,,310150000,OREFIELD,PA,US,,390770000,390770000,ShipTo,State,PA,,,,,,,,,,,,,0.81,0.06,Tax,Sales and Use Tax,Taxable,0,13.48
,,,,2024-05-03+12:49:43,2024-05-03+00:00,Amazon.com,,AFN,,,SHIPMENT,MarketplaceFacilitator,Amazon,,1,USD,,,,13.48,FALSE,13.48,,,,,NJ,,,310150000,OREFIELD,PA,US,,390770000,390770000,ShipTo,City,NOT APPLICABLE,,,,,,,,,,,,,0,0,Tax,,ZeroRated,13.48,0
,,,,2024-05-03+12:49:43,2024-05-03+00:00,Amazon.com,,AFN,,,SHIPMENT,MarketplaceFacilitator,Amazon,,1,USD,,,,13.48,FALSE,13.48,,,,,NJ,,,310150000,OREFIELD,PA,US,,390770000,390770000,ShipTo,County,NOT APPLICABLE,,,,,,,,,,,,,0,0,Tax,,ZeroRated,13.48,0
,,,,2024-05-03+12:49:43,2024-05-03+00:00,Amazon.com,,AFN,,,SHIPMENT,MarketplaceFacilitator,Amazon,,1,USD,,,,13.48,FALSE,13.48,,,,,NJ,,,310150000,OREFIELD,PA,US,,390770000,390770000,ShipTo,District,NOT APPLICABLE,,,,,,,,,,,,,0,0,Tax,,ZeroRated,13.48,0
,,,,2024-05-03+09:28:30,2024-05-03+00:00,Amazon.com,,AFN,,,SHIPMENT,MarketplaceFacilitator,Amazon,,1,USD,,,,13.48,FALSE,13.48,0,1.2,,,NJ,,,310150000,SUNNYSIDE,NY,US,,330812010,330812010,ShipTo,State,NY,,,,,,,,,,,,,0.54,0.04,Tax,Sales and Compensating Use Tax,Taxable,0,13.48
,,,,2024-05-03+09:28:30,2024-05-03+00:00,Amazon.com,,AFN,,,SHIPMENT,MarketplaceFacilitator,Amazon,,1,USD,,,,13.48,FALSE,13.48,,,,,NJ,,,310150000,SUNNYSIDE,NY,US,,330812010,330812010,ShipTo,City,NEW YORK,,,,,,,,,,,,,0.61,0.045,Tax,Local Sales and Use Tax,Taxable,0,13.48
,,,,2024-05-03+09:28:30,2024-05-03+00:00,Amazon.com,,AFN,,,SHIPMENT,MarketplaceFacilitator,Amazon,,1,USD,,,,13.48,FALSE,13.48,,,,,NJ,,,310150000,SUNNYSIDE,NY,US,,330812010,330812010,ShipTo,County,NOT APPLICABLE,,,,,,,,,,,,,0,0,Tax,,ZeroRated,13.48,0
,,,,2024-05-03+09:28:30,2024-05-03+00:00,Amazon.com,,AFN,,,SHIPMENT,MarketplaceFacilitator,Amazon,,1,USD,,,,13.48,FALSE,13.48,,,,,NJ,,,310150000,SUNNYSIDE,NY,US,,330812010,330812010,ShipTo,District,METROPOLITAN COMMUTER TRANSPORTATION DISTRICT,,,,,,,,,,,,,0.05,0.00375,Tax,Metropolitan Commuter Transportation District,Taxable,0,13.48
,,,,2024-05-03+09:28:30,2024-05-03+00:00,Amazon.com,,AFN,,,SHIPMENT,MarketplaceFacilitator,Amazon,,1,USD,,,,2.17,FALSE,2.17,0,0.19,,,NJ,,,310150000,SUNNYSIDE,NY,US,,330812010,330812010,ShipTo,State,NY,,,,,,,,,,,,,0.08,0.04,Tax,Sales and Compensating Use Tax,Taxable,0,2.17
,,,,2024-05-03+09:28:30,2024-05-03+00:00,Amazon.com,,AFN,,,SHIPMENT,MarketplaceFacilitator,Amazon,,1,USD,,,,2.17,FALSE,2.17,,,,,NJ,,,310150000,SUNNYSIDE,NY,US,,330812010,330812010,ShipTo,City,NEW YORK,,,,,,,,,,,,,0.1,0.045,Tax,Local Sales and Use Tax,Taxable,0,2.17
,,,,2024-05-03+09:28:30,2024-05-03+00:00,Amazon.com,,AFN,,,SHIPMENT,MarketplaceFacilitator,Amazon,,1,USD,,,,2.17,FALSE,2.17,,,,,NJ,,,310150000,SUNNYSIDE,NY,US,,330812010,330812010,ShipTo,County,NOT APPLICABLE,,,,,,,,,,,,,0,0,Tax,,ZeroRated,2.17,0
,,,,2024-05-03+09:28:30,2024-05-03+00:00,Amazon.com,,AFN,,,SHIPMENT,MarketplaceFacilitator,Amazon,,1,USD,,,,2.17,FALSE,2.17,,,,,NJ,,,310150000,SUNNYSIDE,NY,US,,330812010,330812010,ShipTo,District,METROPOLITAN COMMUTER TRANSPORTATION DISTRICT,,,,,,,,,,,,,0.01,0.00375,Tax,Metropolitan Commuter Transportation District,Taxable,0,2.17
,,,,2024-05-03+06:52:01,2024-05-03+00:00,Amazon.com,,AFN,,,SHIPMENT,MarketplaceFacilitator,Amazon,,1,USD,,,,13.48,FALSE,13.48,0,1.15,,,UT,,,450350270,DENVER,CO,US,,060010470,060010470,ShipTo,State,CO,,,,,,,,,,,,,0.39,0.029,Tax,Sales and Use Tax,Taxable,0,13.48
,,,,2024-05-03+06:52:01,2024-05-03+00:00,Amazon.com,,AFN,,,SHIPMENT,MarketplaceFacilitator,Amazon,,1,USD,,,,13.48,FALSE,13.48,,,,,UT,,,450350270,DENVER,CO,US,,060010470,060010470,ShipTo,City,THORNTON,,,,,,,,,,,,,0.51,0.0375,Tax,Local Sales and Use Tax,Taxable,0,13.48
,,,,2024-05-03+06:52:01,2024-05-03+00:00,Amazon.com,,AFN,,,SHIPMENT,MarketplaceFacilitator,Amazon,,1,USD,,,,13.48,FALSE,13.48,,,,,UT,,,450350270,DENVER,CO,US,,060010470,060010470,ShipTo,County,ADAMS,,,,,,,,,,,,,0.1,0.0075,Tax,Local Sales and Use Tax,Taxable,0,13.48
,,,,2024-05-03+06:52:01,2024-05-03+00:00,Amazon.com,,AFN,,,SHIPMENT,MarketplaceFacilitator,Amazon,,1,USD,,,,13.48,FALSE,13.48,,,,,UT,,,450350270,DENVER,CO,US,,060010470,060010470,ShipTo,District,REGIONAL TRANSPORTATION DISTRICT,,,,,,,,,,,,,0.14,0.01,Tax,Local Sales and Use Tax,Taxable,0,13.48
,,,,2024-05-03+06:52:01,2024-05-03+00:00,Amazon.com,,AFN,,,SHIPMENT,MarketplaceFacilitator,Amazon,,1,USD,,,,13.48,FALSE,13.48,,,,,UT,,,450350270,DENVER,CO,US,,060010470,060010470,ShipTo,District,SCIENTIFIC AND CULTURAL FACILITIES DISTRICT,,,,,,,,,,,,,0.01,0.001,Tax,Local Sales and Use Tax,Taxable,0,13.48
,,,,2024-05-03+17:49:45,2024-05-03+00:00,Amazon.com,,AFN,,,SHIPMENT,MarketplaceFacilitator,Amazon,,1,USD,,,,13.48,FALSE,13.48,0,0.84,,,NJ,,,310150000,RAYNHAM,MA,US,,220053690,220053690,ShipTo,State,MA,,,,,,,,,,,,,0.84,0.0625,Tax,Sales and Use Tax,Taxable,0,13.48
,,,,2024-05-03+17:49:45,2024-05-03+00:00,Amazon.com,,AFN,,,SHIPMENT,MarketplaceFacilitator,Amazon,,1,USD,,,,13.48,FALSE,13.48,,,,,NJ,,,310150000,RAYNHAM,MA,US,,220053690,220053690,ShipTo,City,NOT APPLICABLE,,,,,,,,,,,,,0,0,Tax,,ZeroRated,13.48,0
,,,,2024-05-03+17:49:45,2024-05-03+00:00,Amazon.com,,AFN,,,SHIPMENT,MarketplaceFacilitator,Amazon,,1,USD,,,,13.48,FALSE,13.48,,,,,NJ,,,310150000,RAYNHAM,MA,US,,220053690,220053690,ShipTo,County,NOT APPLICABLE,,,,,,,,,,,,,0,0,Tax,,ZeroRated,13.48,0
,,,,2024-05-03+17:49:45,2024-05-03+00:00,Amazon.com,,AFN,,,SHIPMENT,MarketplaceFacilitator,Amazon,,1,USD,,,,13.48,FALSE,13.48,,,,,NJ,,,310150000,RAYNHAM,MA,US,,220053690,220053690,ShipTo,District,NOT APPLICABLE,,,,,,,,,,,,,0,0,Tax,,ZeroRated,13.48,0
,,,,2024-05-03+15:43:38,2024-05-03+00:00,Amazon.com,,AFN,,,SHIPMENT,MarketplaceFacilitator,Amazon,,1,USD,,,,13.48,FALSE,13.48,0,1.11,,,TX,,,444535425,CARROLLTON,TX,US,,441210480,441210480,ShipTo,State,TX,,,,,,,,,,,,,0.84,0.0625,Tax,Sales and Use Tax,Taxable,0,13.48
,,,,2024-05-03+15:43:38,2024-05-03+00:00,Amazon.com,,AFN,,,SHIPMENT,MarketplaceFacilitator,Amazon,,1,USD,,,,13.48,FALSE,13.48,,,,,TX,,,444535425,CARROLLTON,TX,US,,441210480,441210480,ShipTo,City,CARROLLTON,,,,,,,,,,,,,0.14,0.01,Tax,Local Sales and Use Tax,Taxable,0,13.48
,,,,2024-05-03+15:43:38,2024-05-03+00:00,Amazon.com,,AFN,,,SHIPMENT,MarketplaceFacilitator,Amazon,,1,USD,,,,13.48,FALSE,13.48,,,,,TX,,,444535425,CARROLLTON,TX,US,,441210480,441210480,ShipTo,County,NOT APPLICABLE,,,,,,,,,,,,,0,0,Tax,,ZeroRated,13.48,0
,,,,2024-05-03+15:43:38,2024-05-03+00:00,Amazon.com,,AFN,,,SHIPMENT,MarketplaceFacilitator,Amazon,,1,USD,,,,13.48,FALSE,13.48,,,,,TX,,,444535425,CARROLLTON,TX,US,,441210480,441210480,ShipTo,District,DALLAS METROPOLITAN TRANSIT AUTHORITY,,,,,,,,,,,,,0.13,0.01,Tax,Local Sales and Use Tax,Taxable,0,13.48
,,,,2024-05-03+08:53:34,2024-05-04+00:00,Amazon.com,,AFN,,,SHIPMENT,MarketplaceFacilitator,Amazon,,1,USD,,,,13.48,FALSE,13.48,0,0.94,,,SC,,,410630000,TEMPLE,GA,US,,110451902,110451902,ShipTo,State,GA,,,,,,,,,,,,,0.54,0.04,Tax,Sales and Use Tax,Taxable,0,13.48
,,,,2024-05-03+08:53:34,2024-05-04+00:00,Amazon.com,,AFN,,,SHIPMENT,MarketplaceFacilitator,Amazon,,1,USD,,,,13.48,FALSE,13.48,,,,,SC,,,410630000,TEMPLE,GA,US,,110451902,110451902,ShipTo,City,NOT APPLICABLE,,,,,,,,,,,,,0,0,Tax,,ZeroRated,13.48,0
,,,,2024-05-03+08:53:34,2024-05-04+00:00,Amazon.com,,AFN,,,SHIPMENT,MarketplaceFacilitator,Amazon,,1,USD,,,,13.48,FALSE,13.48,,,,,SC,,,410630000,TEMPLE,GA,US,,110451902,110451902,ShipTo,County,CARROLL,,,,,,,,,,,,,0.4,0.03,Tax,Local Sales and Use Tax,Taxable,0,13.48
,,,,2024-05-03+08:53:34,2024-05-04+00:00,Amazon.com,,AFN,,,SHIPMENT,MarketplaceFacilitator,Amazon,,1,USD,,,,13.48,FALSE,13.48,,,,,SC,,,410630000,TEMPLE,GA,US,,110451902,110451902,ShipTo,District,NOT APPLICABLE,,,,,,,,,,,,,0,0,Tax,,ZeroRated,13.48,0
,,,,2024-05-03+17:06:37,2024-05-04+00:00,Amazon.com,,AFN,,,SHIPMENT,MarketplaceFacilitator,Amazon,,1,USD,,,,13.48,FALSE,13.48,0,1.06,,,IL,,,140311740,MILWAUKEE,WI,US,,500790710,500790710,ShipTo,State,WI,,,,,,,,,,,,,0.67,0.05,Tax,General Sales and Use Tax,Taxable,0,13.48
,,,,2024-05-03+17:06:37,2024-05-04+00:00,Amazon.com,,AFN,,,SHIPMENT,MarketplaceFacilitator,Amazon,,1,USD,,,,13.48,FALSE,13.48,,,,,IL,,,140311740,MILWAUKEE,WI,US,,500790710,500790710,ShipTo,City,MILWAUKEE,,,,,,,,,,,,,0.27,0.02,Tax,Local Sales and Use Tax,Taxable,0,13.48
,,,,2024-05-03+17:06:37,2024-05-04+00:00,Amazon.com,,AFN,,,SHIPMENT,MarketplaceFacilitator,Amazon,,1,USD,,,,13.48,FALSE,13.48,,,,,IL,,,140311740,MILWAUKEE,WI,US,,500790710,500790710,ShipTo,County,MILWAUKEE,,,,,,,,,,,,,0.12,0.009,Tax,Local Sales and Use Tax,Taxable,0,13.48
,,,,2024-05-03+17:06:37,2024-05-04+00:00,Amazon.com,,AFN,,,SHIPMENT,MarketplaceFacilitator,Amazon,,1,USD,,,,13.48,FALSE,13.48,,,,,IL,,,140311740,MILWAUKEE,WI,US,,500790710,500790710,ShipTo,District,NOT APPLICABLE,,,,,,,,,,,,,0,0,Tax,,ZeroRated,13.48,0
,,,,2024-05-03+01:21:54,2024-05-04+00:00,Amazon.com,,AFN,,,SHIPMENT,MarketplaceFacilitator,Amazon,,1,USD,,,,1.4,FALSE,1.4,0,0,,,NC,,,341830000,RICHMOND,VA,US,,477600550,477600550,ShipTo,State,VA,,,Y,0,0,-1.4,PromotionIdAndCouponCode,0,,Self Funded,ReductionInTaxableBasis,,0,0.043,Tax,Retail Sales and Use Tax,Taxable,0,0
,,,,2024-05-03+01:21:54,2024-05-04+00:00,Amazon.com,,AFN,,,SHIPMENT,MarketplaceFacilitator,Amazon,,1,USD,,,,1.4,FALSE,1.4,,,,,NC,,,341830000,RICHMOND,VA,US,,477600550,477600550,ShipTo,City,RICHMOND,,,Y,0,0,-1.4,PromotionIdAndCouponCode,0,,Self Funded,ReductionInTaxableBasis,,0,0.01,Tax,Local Sales and Use Tax,Taxable,0,0
,,,,2024-05-03+01:21:54,2024-05-04+00:00,Amazon.com,,AFN,,,SHIPMENT,MarketplaceFacilitator,Amazon,,1,USD,,,,1.4,FALSE,1.4,,,,,NC,,,341830000,RICHMOND,VA,US,,477600550,477600550,ShipTo,County,RICHMOND (IND CITY),,,Y,0,0,-1.4,PromotionIdAndCouponCode,0,,Self Funded,ReductionInTaxableBasis,,0,0,Tax,Local Sales and Use Tax,NonTaxable,0,0
,,,,2024-05-03+01:21:54,2024-05-04+00:00,Amazon.com,,AFN,,,SHIPMENT,MarketplaceFacilitator,Amazon,,1,USD,,,,1.4,FALSE,1.4,,,,,NC,,,341830000,RICHMOND,VA,US,,477600550,477600550,ShipTo,District,CENTRAL VIRGINIA DISTRICT,,,Y,0,0,-1.4,PromotionIdAndCouponCode,0,,Self Funded,ReductionInTaxableBasis,,0,0.007,Tax,Local Sales and Use Tax,Taxable,0,0
,,,,2024-05-03+01:21:54,2024-05-04+00:00,Amazon.com,,AFN,,,SHIPMENT,MarketplaceFacilitator,Amazon,,1,USD,,,,13.48,FALSE,13.48,0,0.81,,,NC,,,341830000,RICHMOND,VA,US,,477600550,477600550,ShipTo,State,VA,,,,,,,,,,,,,0.58,0.043,Tax,Retail Sales and Use Tax,Taxable,0,13.48
,,,,2024-05-03+01:21:54,2024-05-04+00:00,Amazon.com,,AFN,,,SHIPMENT,MarketplaceFacilitator,Amazon,,1,USD,,,,13.48,FALSE,13.48,,,,,NC,,,341830000,RICHMOND,VA,US,,477600550,477600550,ShipTo,City,RICHMOND,,,,,,,,,,,,,0.14,0.01,Tax,Local Sales and Use Tax,Taxable,0,13.48
,,,,2024-05-03+01:21:54,2024-05-04+00:00,Amazon.com,,AFN,,,SHIPMENT,MarketplaceFacilitator,Amazon,,1,USD,,,,13.48,FALSE,13.48,,,,,NC,,,341830000,RICHMOND,VA,US,,477600550,477600550,ShipTo,County,RICHMOND (IND CITY),,,,,,,,,,,,,0,0,Tax,Local Sales and Use Tax,NonTaxable,13.48,0
,,,,2024-05-03+01:21:54,2024-05-04+00:00,Amazon.com,,AFN,,,SHIPMENT,MarketplaceFacilitator,Amazon,,1,USD,,,,13.48,FALSE,13.48,,,,,NC,,,341830000,RICHMOND,VA,US,,477600550,477600550,ShipTo,District,CENTRAL VIRGINIA DISTRICT,,,,,,,,,,,,,0.09,0.007,Tax,Local Sales and Use Tax,Taxable,0,13.48
,,,,2024-05-03+20:50:02,2024-05-04+00:00,Amazon.com,,AFN,,,SHIPMENT,Standard,Seller,A_GEN_NOTAX,1,USD,,,,13.48,FALSE,13.48,0,0,,,NY,,,330852010,DERRY,NH,US,,300150000,300150000,ShipTo,State,NH,,,,,,,,,,,,0,,0,Tax,No Sales or Use Tax Imposed,NonTaxable,13.48,0
,,,,2024-05-03+20:50:02,2024-05-04+00:00,Amazon.com,,AFN,,,SHIPMENT,Standard,Seller,A_GEN_NOTAX,1,USD,,,,13.48,FALSE,13.48,,,,,NY,,,330852010,DERRY,NH,US,,300150000,300150000,ShipTo,City,NOT APPLICABLE,,,,,,,,,,,,0,,0,Tax,,ZeroRated,13.48,0
,,,,2024-05-03+20:50:02,2024-05-04+00:00,Amazon.com,,AFN,,,SHIPMENT,Standard,Seller,A_GEN_NOTAX,1,USD,,,,13.48,FALSE,13.48,,,,,NY,,,330852010,DERRY,NH,US,,300150000,300150000,ShipTo,County,NOT APPLICABLE,,,,,,,,,,,,0,,0,Tax,,ZeroRated,13.48,0
,,,,2024-05-03+20:50:02,2024-05-04+00:00,Amazon.com,,AFN,,,SHIPMENT,Standard,Seller,A_GEN_NOTAX,1,USD,,,,13.48,FALSE,13.48,,,,,NY,,,330852010,DERRY,NH,US,,300150000,300150000,ShipTo,District,NOT APPLICABLE,,,,,,,,,,,,0,,0,Tax,,ZeroRated,13.48,0
,,,,2024-05-03+17:16:52,2024-05-04+00:00,Amazon.com,,AFN,,,SHIPMENT,MarketplaceFacilitator,Amazon,,1,USD,,,,13.48,FALSE,13.48,0,1.06,,,IL,,,140311740,MILWAUKEE,WI,US,,500790710,500790710,ShipTo,State,WI,,,,,,,,,,,,,0.67,0.05,Tax,General Sales and Use Tax,Taxable,0,13.48
,,,,2024-05-03+17:16:52,2024-05-04+00:00,Amazon.com,,AFN,,,SHIPMENT,MarketplaceFacilitator,Amazon,,1,USD,,,,13.48,FALSE,13.48,,,,,IL,,,140311740,MILWAUKEE,WI,US,,500790710,500790710,ShipTo,City,MILWAUKEE,,,,,,,,,,,,,0.27,0.02,Tax,Local Sales and Use Tax,Taxable,0,13.48
,,,,2024-05-03+17:16:52,2024-05-04+00:00,Amazon.com,,AFN,,,SHIPMENT,MarketplaceFacilitator,Amazon,,1,USD,,,,13.48,FALSE,13.48,,,,,IL,,,140311740,MILWAUKEE,WI,US,,500790710,500790710,ShipTo,County,MILWAUKEE,,,,,,,,,,,,,0.12,0.009,Tax,Local Sales and Use Tax,Taxable,0,13.48
,,,,2024-05-03+17:16:52,2024-05-04+00:00,Amazon.com,,AFN,,,SHIPMENT,MarketplaceFacilitator,Amazon,,1,USD,,,,13.48,FALSE,13.48,,,,,IL,,,140311740,MILWAUKEE,WI,US,,500790710,500790710,ShipTo,District,NOT APPLICABLE,,,,,,,,,,,,,0,0,Tax,,ZeroRated,13.48,0
,,,,2024-05-03+22:13:38,2024-05-04+00:00,Amazon.com,,AFN,,,SHIPMENT,MarketplaceFacilitator,Amazon,,1,USD,,,,13.48,FALSE,13.48,0,1.11,,,TX,,,444535425,SAN ANTONIO,TX,US,,440292570,440292570,ShipTo,State,TX,,,,,,,,,,,,,0.84,0.0625,Tax,Sales and Use Tax,Taxable,0,13.48
,,,,2024-05-03+22:13:38,2024-05-04+00:00,Amazon.com,,AFN,,,SHIPMENT,MarketplaceFacilitator,Amazon,,1,USD,,,,13.48,FALSE,13.48,,,,,TX,,,444535425,SAN ANTONIO,TX,US,,440292570,440292570,ShipTo,City,SAN ANTONIO,,,,,,,,,,,,,0.17,0.0125,Tax,Local Sales and Use Tax,Taxable,0,13.48
,,,,2024-05-03+22:13:38,2024-05-04+00:00,Amazon.com,,AFN,,,SHIPMENT,MarketplaceFacilitator,Amazon,,1,USD,,,,13.48,FALSE,13.48,,,,,TX,,,444535425,SAN ANTONIO,TX,US,,440292570,440292570,ShipTo,County,NOT APPLICABLE,,,,,,,,,,,,,0,0,Tax,,ZeroRated,13.48,0
,,,,2024-05-03+22:13:38,2024-05-04+00:00,Amazon.com,,AFN,,,SHIPMENT,MarketplaceFacilitator,Amazon,,1,USD,,,,13.48,FALSE,13.48,,,,,TX,,,444535425,SAN ANTONIO,TX,US,,440292570,440292570,ShipTo,District,SAN ANTONIO ADVANCED TRANSPORTATION DISTRICT,,,,,,,,,,,,,0.03,0.0025,Tax,Local Sales and Use Tax,Taxable,0,13.48
,,,,2024-05-03+22:13:38,2024-05-04+00:00,Amazon.com,,AFN,,,SHIPMENT,MarketplaceFacilitator,Amazon,,1,USD,,,,13.48,FALSE,13.48,,,,,TX,,,444535425,SAN ANTONIO,TX,US,,440292570,440292570,ShipTo,District,SAN ANTONIO METROPOLITAN TRANSIT AUTHORITY,,,,,,,,,,,,,0.07,0.005,Tax,Local Sales and Use Tax,Taxable,0,13.48
,,,,2024-05-03+12:12:00,2024-05-04+00:00,Amazon.com,,AFN,,,SHIPMENT,MarketplaceFacilitator,Amazon,,1,USD,,,,13.48,FALSE,13.48,0,0.91,,,NC,,,341830000,NEW BERN,NC,US,,340490000,340490000,ShipTo,State,NC,,,,,,,,,,,,,0.64,0.0475,Tax,Sales and Use Tax,Taxable,0,13.48
,,,,2024-05-03+12:12:00,2024-05-04+00:00,Amazon.com,,AFN,,,SHIPMENT,MarketplaceFacilitator,Amazon,,1,USD,,,,13.48,FALSE,13.48,,,,,NC,,,341830000,NEW BERN,NC,US,,340490000,340490000,ShipTo,City,NOT APPLICABLE,,,,,,,,,,,,,0,0,Tax,,ZeroRated,13.48,0
,,,,2024-05-03+12:12:00,2024-05-04+00:00,Amazon.com,,AFN,,,SHIPMENT,MarketplaceFacilitator,Amazon,,1,USD,,,,13.48,FALSE,13.48,,,,,NC,,,341830000,NEW BERN,NC,US,,340490000,340490000,ShipTo,County,CRAVEN,,,,,,,,,,,,,0.27,0.02,Tax,Local Sales and Use Tax,Taxable,0,13.48
,,,,2024-05-03+12:12:00,2024-05-04+00:00,Amazon.com,,AFN,,,SHIPMENT,MarketplaceFacilitator,Amazon,,1,USD,,,,13.48,FALSE,13.48,,,,,NC,,,341830000,NEW BERN,NC,US,,340490000,340490000,ShipTo,District,NOT APPLICABLE,,,,,,,,,,,,,0,0,Tax,,ZeroRated,13.48,0
,,,,2024-05-03+17:41:45,2024-05-04+00:00,Amazon.com,,AFN,,,SHIPMENT,MarketplaceFacilitator,Amazon,,1,USD,,,,13.48,FALSE,13.48,0,0.94,,,GA,,,110511914,HILTON HEAD,SC,US,,410131223,410131223,ShipTo,State,SC,,,,,,,,,,,,,0.81,0.06,Tax,Sales and Use Tax,Taxable,0,13.48
,,,,2024-05-03+17:41:45,2024-05-04+00:00,Amazon.com,,AFN,,,SHIPMENT,MarketplaceFacilitator,Amazon,,1,USD,,,,13.48,FALSE,13.48,,,,,GA,,,110511914,HILTON HEAD,SC,US,,410131223,410131223,ShipTo,City,NOT APPLICABLE,,,,,,,,,,,,,0,0,Tax,,ZeroRated,13.48,0
,,,,2024-05-03+17:41:45,2024-05-04+00:00,Amazon.com,,AFN,,,SHIPMENT,MarketplaceFacilitator,Amazon,,1,USD,,,,13.48,FALSE,13.48,,,,,GA,,,110511914,HILTON HEAD,SC,US,,410131223,410131223,ShipTo,County,BEAUFORT,,,,,,,,,,,,,0.13,0.01,Tax,Local Sales and Use Tax,Taxable,0,13.48
,,,,2024-05-03+17:41:45,2024-05-04+00:00,Amazon.com,,AFN,,,SHIPMENT,MarketplaceFacilitator,Amazon,,1,USD,,,,13.48,FALSE,13.48,,,,,GA,,,110511914,HILTON HEAD,SC,US,,410131223,410131223,ShipTo,District,NOT APPLICABLE,,,,,,,,,,,,,0,0,Tax,,ZeroRated,13.48,0
,,,,2024-05-03+15:46:37,2024-05-04+00:00,Amazon.com,,AFN,,,SHIPMENT,MarketplaceFacilitator,Amazon,,1,USD,,,,13.48,FALSE,13.48,0,1.1,,,IL,,,140311740,ROCHESTER,MN,US,,241090900,241090900,ShipTo,State,MN,,,Y,0,0,-1.21,PromotionIdAndCouponCode,0,,Amazon Funded Discount US,NoReductionInTaxabaleBasis,,0.93,0.06875,Tax,General Sales and Use Tax,Taxable,0,13.48
,,,,2024-05-03+15:46:37,2024-05-04+00:00,Amazon.com,,AFN,,,SHIPMENT,MarketplaceFacilitator,Amazon,,1,USD,,,,13.48,FALSE,13.48,,,,,IL,,,140311740,ROCHESTER,MN,US,,241090900,241090900,ShipTo,City,ROCHESTER,,,Y,0,0,-1.21,PromotionIdAndCouponCode,0,,Amazon Funded Discount US,NoReductionInTaxabaleBasis,,0.1,0.0075,Tax,Local Sales and Use Tax,Taxable,0,13.48
,,,,2024-05-03+15:46:37,2024-05-04+00:00,Amazon.com,,AFN,,,SHIPMENT,MarketplaceFacilitator,Amazon,,1,USD,,,,13.48,FALSE,13.48,,,,,IL,,,140311740,ROCHESTER,MN,US,,241090900,241090900,ShipTo,County,NOT APPLICABLE,,,Y,0,0,-1.21,PromotionIdAndCouponCode,0,,Amazon Funded Discount US,NoReductionInTaxabaleBasis,,0,0,Tax,,ZeroRated,13.48,0
,,,,2024-05-03+15:46:37,2024-05-04+00:00,Amazon.com,,AFN,,,SHIPMENT,MarketplaceFacilitator,Amazon,,1,USD,,,,13.48,FALSE,13.48,,,,,IL,,,140311740,ROCHESTER,MN,US,,241090900,241090900,ShipTo,District,OLMSTED COUNTY TRANSIT TAX AREA,,,Y,0,0,-1.21,PromotionIdAndCouponCode,0,,Amazon Funded Discount US,NoReductionInTaxabaleBasis,,0.07,0.005,Tax,Local Sales and Use Tax,Taxable,0,13.48
,,,,2024-05-03+15:46:37,2024-05-04+00:00,Amazon.com,,AFN,,,SHIPMENT,MarketplaceFacilitator,Amazon,,1,USD,,,,13.48,FALSE,13.48,0,1.1,,,IL,,,140311740,ROCHESTER,MN,US,,241090900,241090900,ShipTo,State,MN,,,Y,0,0,-1.22,PromotionIdAndCouponCode,0,,Amazon Funded Discount US,NoReductionInTaxabaleBasis,,0.93,0.06875,Tax,General Sales and Use Tax,Taxable,0,13.48
,,,,2024-05-03+15:46:37,2024-05-04+00:00,Amazon.com,,AFN,,,SHIPMENT,MarketplaceFacilitator,Amazon,,1,USD,,,,13.48,FALSE,13.48,,,,,IL,,,140311740,ROCHESTER,MN,US,,241090900,241090900,ShipTo,City,ROCHESTER,,,Y,0,0,-1.22,PromotionIdAndCouponCode,0,,Amazon Funded Discount US,NoReductionInTaxabaleBasis,,0.1,0.0075,Tax,Local Sales and Use Tax,Taxable,0,13.48
,,,,2024-05-03+15:46:37,2024-05-04+00:00,Amazon.com,,AFN,,,SHIPMENT,MarketplaceFacilitator,Amazon,,1,USD,,,,13.48,FALSE,13.48,,,,,IL,,,140311740,ROCHESTER,MN,US,,241090900,241090900,ShipTo,County,NOT APPLICABLE,,,Y,0,0,-1.22,PromotionIdAndCouponCode,0,,Amazon Funded Discount US,NoReductionInTaxabaleBasis,,0,0,Tax,,ZeroRated,13.48,0
,,,,2024-05-03+15:46:37,2024-05-04+00:00,Amazon.com,,AFN,,,SHIPMENT,MarketplaceFacilitator,Amazon,,1,USD,,,,13.48,FALSE,13.48,,,,,IL,,,140311740,ROCHESTER,MN,US,,241090900,241090900,ShipTo,District,OLMSTED COUNTY TRANSIT TAX AREA,,,Y,0,0,-1.22,PromotionIdAndCouponCode,0,,Amazon Funded Discount US,NoReductionInTaxabaleBasis,,0.07,0.005,Tax,Local Sales and Use Tax,Taxable,0,13.48
,,,,2024-05-03+22:12:57,2024-05-04+00:00,Amazon.com,,AFN,,,SHIPMENT,MarketplaceFacilitator,Amazon,,1,USD,,,,13.48,FALSE,13.48,0,1.11,,,CA,,,470590000,BAKERSFIELD,CA,US,,050290240,050290240,ShipTo,State,CA,,,,,,,,,,,,,0.81,0.06,Tax,Sales and Use Tax,Taxable,0,13.48
,,,,2024-05-03+22:12:57,2024-05-04+00:00,Amazon.com,,AFN,,,SHIPMENT,MarketplaceFacilitator,Amazon,,1,USD,,,,13.48,FALSE,13.48,,,,,CA,,,470590000,BAKERSFIELD,CA,US,,050290240,050290240,ShipTo,City,NOT APPLICABLE,,,,,,,,,,,,,0,0,Tax,,ZeroRated,13.48,0
,,,,2024-05-03+22:12:57,2024-05-04+00:00,Amazon.com,,AFN,,,SHIPMENT,MarketplaceFacilitator,Amazon,,1,USD,,,,13.48,FALSE,13.48,,,,,CA,,,470590000,BAKERSFIELD,CA,US,,050290240,050290240,ShipTo,County,KERN,,,,,,,,,,,,,0.17,0.0125,Tax,Local Sales and Use Tax,Taxable,0,13.48
,,,,2024-05-03+22:12:57,2024-05-04+00:00,Amazon.com,,AFN,,,SHIPMENT,MarketplaceFacilitator,Amazon,,1,USD,,,,13.48,FALSE,13.48,,,,,CA,,,470590000,BAKERSFIELD,CA,US,,050290240,050290240,ShipTo,District,TRANSACTIONS AND USE TAX (BSVG),,,,,,,,,,,,,0.13,0.01,Tax,Local Sales and Use Tax,Taxable,0,13.48
,,,,2024-05-03+19:03:50,2024-05-04+00:00,Amazon.com,,AFN,,,SHIPMENT,MarketplaceFacilitator,Amazon,,1,USD,,,,13.48,FALSE,13.48,0,0.94,,,NJ,,,310150000,SOUTH BURLINGTON,VT,US,,460070200,460070200,ShipTo,State,VT,,,Y,0,0,-1.21,PromotionIdAndCouponCode,0,,Amazon Funded Discount US,NoReductionInTaxabaleBasis,,0.81,0.06,Tax,Sales and Use Tax,Taxable,0,13.48
,,,,2024-05-03+19:03:50,2024-05-04+00:00,Amazon.com,,AFN,,,SHIPMENT,MarketplaceFacilitator,Amazon,,1,USD,,,,13.48,FALSE,13.48,,,,,NJ,,,310150000,SOUTH BURLINGTON,VT,US,,460070200,460070200,ShipTo,City,SOUTH BURLINGTON,,,Y,0,0,-1.21,PromotionIdAndCouponCode,0,,Amazon Funded Discount US,NoReductionInTaxabaleBasis,,0.13,0.01,Tax,Local Option Sales and Use Tax,Taxable,0,13.48
,,,,2024-05-03+19:03:50,2024-05-04+00:00,Amazon.com,,AFN,,,SHIPMENT,MarketplaceFacilitator,Amazon,,1,USD,,,,13.48,FALSE,13.48,,,,,NJ,,,310150000,SOUTH BURLINGTON,VT,US,,460070200,460070200,ShipTo,County,NOT APPLICABLE,,,Y,0,0,-1.21,PromotionIdAndCouponCode,0,,Amazon Funded Discount US,NoReductionInTaxabaleBasis,,0,0,Tax,,ZeroRated,13.48,0
,,,,2024-05-03+19:03:50,2024-05-04+00:00,Amazon.com,,AFN,,,SHIPMENT,MarketplaceFacilitator,Amazon,,1,USD,,,,13.48,FALSE,13.48,,,,,NJ,,,310150000,SOUTH BURLINGTON,VT,US,,460070200,460070200,ShipTo,District,NOT APPLICABLE,,,Y,0,0,-1.21,PromotionIdAndCouponCode,0,,Amazon Funded Discount US,NoReductionInTaxabaleBasis,,0,0,Tax,,ZeroRated,13.48,0
,,,,2024-05-03+19:03:50,2024-05-04+00:00,Amazon.com,,AFN,,,SHIPMENT,MarketplaceFacilitator,Amazon,,1,USD,,,,13.48,FALSE,13.48,0,0.94,,,NJ,,,310150000,SOUTH BURLINGTON,VT,US,,460070200,460070200,ShipTo,State,VT,,,Y,0,0,-1.21,PromotionIdAndCouponCode,0,,Amazon Funded Discount US,NoReductionInTaxabaleBasis,,0.81,0.06,Tax,Sales and Use Tax,Taxable,0,13.48
,,,,2024-05-03+19:03:50,2024-05-04+00:00,Amazon.com,,AFN,,,SHIPMENT,MarketplaceFacilitator,Amazon,,1,USD,,,,13.48,FALSE,13.48,,,,,NJ,,,310150000,SOUTH BURLINGTON,VT,US,,460070200,460070200,ShipTo,City,SOUTH BURLINGTON,,,Y,0,0,-1.21,PromotionIdAndCouponCode,0,,Amazon Funded Discount US,NoReductionInTaxabaleBasis,,0.13,0.01,Tax,Local Option Sales and Use Tax,Taxable,0,13.48
,,,,2024-05-03+19:03:50,2024-05-04+00:00,Amazon.com,,AFN,,,SHIPMENT,MarketplaceFacilitator,Amazon,,1,USD,,,,13.48,FALSE,13.48,,,,,NJ,,,310150000,SOUTH BURLINGTON,VT,US,,460070200,460070200,ShipTo,County,NOT APPLICABLE,,,Y,0,0,-1.21,PromotionIdAndCouponCode,0,,Amazon Funded Discount US,NoReductionInTaxabaleBasis,,0,0,Tax,,ZeroRated,13.48,0
,,,,2024-05-03+19:03:50,2024-05-04+00:00,Amazon.com,,AFN,,,SHIPMENT,MarketplaceFacilitator,Amazon,,1,USD,,,,13.48,FALSE,13.48,,,,,NJ,,,310150000,SOUTH BURLINGTON,VT,US,,460070200,460070200,ShipTo,District,NOT APPLICABLE,,,Y,0,0,-1.21,PromotionIdAndCouponCode,0,,Amazon Funded Discount US,NoReductionInTaxabaleBasis,,0,0,Tax,,ZeroRated,13.48,0
,,,,2024-05-03+19:03:50,2024-05-04+00:00,Amazon.com,,AFN,,,SHIPMENT,MarketplaceFacilitator,Amazon,,1,USD,,,,13.48,FALSE,13.48,0,0.94,,,NJ,,,310150000,SOUTH BURLINGTON,VT,US,,460070200,460070200,ShipTo,State,VT,,,Y,0,0,-1.22,PromotionIdAndCouponCode,0,,Amazon Funded Discount US,NoReductionInTaxabaleBasis,,0.81,0.06,Tax,Sales and Use Tax,Taxable,0,13.48
,,,,2024-05-03+19:03:50,2024-05-04+00:00,Amazon.com,,AFN,,,SHIPMENT,MarketplaceFacilitator,Amazon,,1,USD,,,,13.48,FALSE,13.48,,,,,NJ,,,310150000,SOUTH BURLINGTON,VT,US,,460070200,460070200,ShipTo,City,SOUTH BURLINGTON,,,Y,0,0,-1.22,PromotionIdAndCouponCode,0,,Amazon Funded Discount US,NoReductionInTaxabaleBasis,,0.13,0.01,Tax,Local Option Sales and Use Tax,Taxable,0,13.48
,,,,2024-05-03+19:03:50,2024-05-04+00:00,Amazon.com,,AFN,,,SHIPMENT,MarketplaceFacilitator,Amazon,,1,USD,,,,13.48,FALSE,13.48,,,,,NJ,,,310150000,SOUTH BURLINGTON,VT,US,,460070200,460070200,ShipTo,County,NOT APPLICABLE,,,Y,0,0,-1.22,PromotionIdAndCouponCode,0,,Amazon Funded Discount US,NoReductionInTaxabaleBasis,,0,0,Tax,,ZeroRated,13.48,0
,,,,2024-05-03+19:03:50,2024-05-04+00:00,Amazon.com,,AFN,,,SHIPMENT,MarketplaceFacilitator,Amazon,,1,USD,,,,13.48,FALSE,13.48,,,,,NJ,,,310150000,SOUTH BURLINGTON,VT,US,,460070200,460070200,ShipTo,District,NOT APPLICABLE,,,Y,0,0,-1.22,PromotionIdAndCouponCode,0,,Amazon Funded Discount US,NoReductionInTaxabaleBasis,,0,0,Tax,,ZeroRated,13.48,0
,,,,2024-05-03+19:03:50,2024-05-04+00:00,Amazon.com,,AFN,,,SHIPMENT,MarketplaceFacilitator,Amazon,,1,USD,,,,13.48,FALSE,13.48,0,0.94,,,NJ,,,310150000,SOUTH BURLINGTON,VT,US,,460070200,460070200,ShipTo,State,VT,,,Y,0,0,-1.21,PromotionIdAndCouponCode,0,,Amazon Funded Discount US,NoReductionInTaxabaleBasis,,0.81,0.06,Tax,Sales and Use Tax,Taxable,0,13.48
,,,,2024-05-03+19:03:50,2024-05-04+00:00,Amazon.com,,AFN,,,SHIPMENT,MarketplaceFacilitator,Amazon,,1,USD,,,,13.48,FALSE,13.48,,,,,NJ,,,310150000,SOUTH BURLINGTON,VT,US,,460070200,460070200,ShipTo,City,SOUTH BURLINGTON,,,Y,0,0,-1.21,PromotionIdAndCouponCode,0,,Amazon Funded Discount US,NoReductionInTaxabaleBasis,,0.13,0.01,Tax,Local Option Sales and Use Tax,Taxable,0,13.48
,,,,2024-05-03+19:03:50,2024-05-04+00:00,Amazon.com,,AFN,,,SHIPMENT,MarketplaceFacilitator,Amazon,,1,USD,,,,13.48,FALSE,13.48,,,,,NJ,,,310150000,SOUTH BURLINGTON,VT,US,,460070200,460070200,ShipTo,County,NOT APPLICABLE,,,Y,0,0,-1.21,PromotionIdAndCouponCode,0,,Amazon Funded Discount US,NoReductionInTaxabaleBasis,,0,0,Tax,,ZeroRated,13.48,0
,,,,2024-05-03+19:03:50,2024-05-04+00:00,Amazon.com,,AFN,,,SHIPMENT,MarketplaceFacilitator,Amazon,,1,USD,,,,13.48,FALSE,13.48,,,,,NJ,,,310150000,SOUTH BURLINGTON,VT,US,,460070200,460070200,ShipTo,District,NOT APPLICABLE,,,Y,0,0,-1.21,PromotionIdAndCouponCode,0,,Amazon Funded Discount US,NoReductionInTaxabaleBasis,,0,0,Tax,,ZeroRated,13.48,0
,,,,2024-05-03+16:06:15,2024-05-04+00:00,Amazon.com,,AFN,,,SHIPMENT,MarketplaceFacilitator,Amazon,,1,USD,,,,13.48,FALSE,13.48,0,0,,,IL,,,141974702,APO,AE,US,,330616912,330616912,ShipTo,State,NY,,,,,,,,,,,,,0,0,Tax,,ZeroRated,13.48,0
,,,,2024-05-03+16:06:15,2024-05-04+00:00,Amazon.com,,AFN,,,SHIPMENT,MarketplaceFacilitator,Amazon,,1,USD,,,,13.48,FALSE,13.48,,,,,IL,,,141974702,APO,AE,US,,330616912,330616912,ShipTo,City,APO,,,,,,,,,,,,,0,0,Tax,No Sales or Use Tax Imposed,NonTaxable,13.48,0
,,,,2024-05-03+16:06:15,2024-05-04+00:00,Amazon.com,,AFN,,,SHIPMENT,MarketplaceFacilitator,Amazon,,1,USD,,,,13.48,FALSE,13.48,,,,,IL,,,141974702,APO,AE,US,,330616912,330616912,ShipTo,County,NOT APPLICABLE,,,,,,,,,,,,,0,0,Tax,,ZeroRated,13.48,0
,,,,2024-05-03+16:06:15,2024-05-04+00:00,Amazon.com,,AFN,,,SHIPMENT,MarketplaceFacilitator,Amazon,,1,USD,,,,13.48,FALSE,13.48,,,,,IL,,,141974702,APO,AE,US,,330616912,330616912,ShipTo,District,NOT APPLICABLE,,,,,,,,,,,,,0,0,Tax,,ZeroRated,13.48,0
,,,,2024-05-04+13:05:17,2024-05-04+00:00,Amazon.com,,AFN,,,SHIPMENT,MarketplaceFacilitator,Amazon,,1,USD,,,,13.48,FALSE,13.48,0,0.81,,,NC,,,341830000,PHILADELPHIA,PA,US,,391013000,391013000,ShipTo,State,PA,,,,,,,,,,,,,0.81,0.06,Tax,Sales and Use Tax,Taxable,0,13.48
,,,,2024-05-04+13:05:17,2024-05-04+00:00,Amazon.com,,AFN,,,SHIPMENT,MarketplaceFacilitator,Amazon,,1,USD,,,,13.48,FALSE,13.48,,,,,NC,,,341830000,PHILADELPHIA,PA,US,,391013000,391013000,ShipTo,City,NOT APPLICABLE,,,,,,,,,,,,,0,0,Tax,,ZeroRated,13.48,0
,,,,2024-05-04+13:05:17,2024-05-04+00:00,Amazon.com,,AFN,,,SHIPMENT,MarketplaceFacilitator,Amazon,,1,USD,,,,13.48,FALSE,13.48,,,,,NC,,,341830000,PHILADELPHIA,PA,US,,391013000,391013000,ShipTo,County,NOT APPLICABLE,,,,,,,,,,,,,0,0,Tax,,ZeroRated,13.48,0
,,,,2024-05-04+13:05:17,2024-05-04+00:00,Amazon.com,,AFN,,,SHIPMENT,MarketplaceFacilitator,Amazon,,1,USD,,,,13.48,FALSE,13.48,,,,,NC,,,341830000,PHILADELPHIA,PA,US,,391013000,391013000,ShipTo,District,NOT APPLICABLE,,,,,,,,,,,,,0,0,Tax,,ZeroRated,13.48,0
,,,,2024-05-04+18:56:54,2024-05-05+00:00,Amazon.com,,AFN,,,SHIPMENT,MarketplaceFacilitator,Amazon,,1,USD,,,,13.48,FALSE,13.48,0,0.74,,,IL,,,140311740,MIDDLETON,WI,US,,500250000,500250000,ShipTo,State,WI,,,,,,,,,,,,,0.67,0.05,Tax,General Sales and Use Tax,Taxable,0,13.48
,,,,2024-05-04+18:56:54,2024-05-05+00:00,Amazon.com,,AFN,,,SHIPMENT,MarketplaceFacilitator,Amazon,,1,USD,,,,13.48,FALSE,13.48,,,,,IL,,,140311740,MIDDLETON,WI,US,,500250000,500250000,ShipTo,City,NOT APPLICABLE,,,,,,,,,,,,,0,0,Tax,,ZeroRated,13.48,0
,,,,2024-05-04+18:56:54,2024-05-05+00:00,Amazon.com,,AFN,,,SHIPMENT,MarketplaceFacilitator,Amazon,,1,USD,,,,13.48,FALSE,13.48,,,,,IL,,,140311740,MIDDLETON,WI,US,,500250000,500250000,ShipTo,County,DANE,,,,,,,,,,,,,0.07,0.005,Tax,Local Sales and Use Tax,Taxable,0,13.48
,,,,2024-05-04+18:56:54,2024-05-05+00:00,Amazon.com,,AFN,,,SHIPMENT,MarketplaceFacilitator,Amazon,,1,USD,,,,13.48,FALSE,13.48,,,,,IL,,,140311740,MIDDLETON,WI,US,,500250000,500250000,ShipTo,District,NOT APPLICABLE,,,,,,,,,,,,,0,0,Tax,,ZeroRated,13.48,0
,,,,2024-05-03+17:56:45,2024-05-05+00:00,Amazon.com,,AFN,,,SHIPMENT,MarketplaceFacilitator,Amazon,,1,USD,,,,13.48,FALSE,13.48,0,0.94,,,IL,,,140311740,INDIANAPOLIS,IN,US,,150970670,150970670,ShipTo,State,IN,,,,,,,,,,,,,0.94,0.07,Tax,Gross Retail and Use Tax,Taxable,0,13.48
,,,,2024-05-03+17:56:45,2024-05-05+00:00,Amazon.com,,AFN,,,SHIPMENT,MarketplaceFacilitator,Amazon,,1,USD,,,,13.48,FALSE,13.48,,,,,IL,,,140311740,INDIANAPOLIS,IN,US,,150970670,150970670,ShipTo,City,NOT APPLICABLE,,,,,,,,,,,,,0,0,Tax,,ZeroRated,13.48,0
,,,,2024-05-03+17:56:45,2024-05-05+00:00,Amazon.com,,AFN,,,SHIPMENT,MarketplaceFacilitator,Amazon,,1,USD,,,,13.48,FALSE,13.48,,,,,IL,,,140311740,INDIANAPOLIS,IN,US,,150970670,150970670,ShipTo,County,NOT APPLICABLE,,,,,,,,,,,,,0,0,Tax,,ZeroRated,13.48,0
,,,,2024-05-03+17:56:45,2024-05-05+00:00,Amazon.com,,AFN,,,SHIPMENT,MarketplaceFacilitator,Amazon,,1,USD,,,,13.48,FALSE,13.48,,,,,IL,,,140311740,INDIANAPOLIS,IN,US,,150970670,150970670,ShipTo,District,NOT APPLICABLE,,,,,,,,,,,,,0,0,Tax,,ZeroRated,13.48,0
,,,,2024-05-04+05:15:44,2024-05-05+00:00,Amazon.com,,AFN,,,SHIPMENT,MarketplaceFacilitator,Amazon,,1,USD,,,,6.99,FALSE,6.99,0,0.49,,,NC,,,341190170,BAY SPRINGS,MS,US,,251290000,251290000,ShipTo,State,MS,,,,,,,,,,,,,0.49,0.07,Tax,Sales and Use Tax,Taxable,0,6.99
,,,,2024-05-04+05:15:44,2024-05-05+00:00,Amazon.com,,AFN,,,SHIPMENT,MarketplaceFacilitator,Amazon,,1,USD,,,,6.99,FALSE,6.99,,,,,NC,,,341190170,BAY SPRINGS,MS,US,,251290000,251290000,ShipTo,City,NOT APPLICABLE,,,,,,,,,,,,,0,0,Tax,,ZeroRated,6.99,0
,,,,2024-05-04+05:15:44,2024-05-05+00:00,Amazon.com,,AFN,,,SHIPMENT,MarketplaceFacilitator,Amazon,,1,USD,,,,6.99,FALSE,6.99,,,,,NC,,,341190170,BAY SPRINGS,MS,US,,251290000,251290000,ShipTo,County,NOT APPLICABLE,,,,,,,,,,,,,0,0,Tax,,ZeroRated,6.99,0
,,,,2024-05-04+05:15:44,2024-05-05+00:00,Amazon.com,,AFN,,,SHIPMENT,MarketplaceFacilitator,Amazon,,1,USD,,,,6.99,FALSE,6.99,,,,,NC,,,341190170,BAY SPRINGS,MS,US,,251290000,251290000,ShipTo,District,NOT APPLICABLE,,,,,,,,,,,,,0,0,Tax,,ZeroRated,6.99,0
,,,,2024-05-04+05:15:44,2024-05-05+00:00,Amazon.com,,AFN,,,SHIPMENT,MarketplaceFacilitator,Amazon,,1,USD,,,,13.48,FALSE,13.48,0,0.94,,,NC,,,341190170,BAY SPRINGS,MS,US,,251290000,251290000,ShipTo,State,MS,,,,,,,,,,,,,0.94,0.07,Tax,Sales and Use Tax,Taxable,0,13.48
,,,,2024-05-04+05:15:44,2024-05-05+00:00,Amazon.com,,AFN,,,SHIPMENT,MarketplaceFacilitator,Amazon,,1,USD,,,,13.48,FALSE,13.48,,,,,NC,,,341190170,BAY SPRINGS,MS,US,,251290000,251290000,ShipTo,City,NOT APPLICABLE,,,,,,,,,,,,,0,0,Tax,,ZeroRated,13.48,0
,,,,2024-05-04+05:15:44,2024-05-05+00:00,Amazon.com,,AFN,,,SHIPMENT,MarketplaceFacilitator,Amazon,,1,USD,,,,13.48,FALSE,13.48,,,,,NC,,,341190170,BAY SPRINGS,MS,US,,251290000,251290000,ShipTo,County,NOT APPLICABLE,,,,,,,,,,,,,0,0,Tax,,ZeroRated,13.48,0
,,,,2024-05-04+05:15:44,2024-05-05+00:00,Amazon.com,,AFN,,,SHIPMENT,MarketplaceFacilitator,Amazon,,1,USD,,,,13.48,FALSE,13.48,,,,,NC,,,341190170,BAY SPRINGS,MS,US,,251290000,251290000,ShipTo,District,NOT APPLICABLE,,,,,,,,,,,,,0,0,Tax,,ZeroRated,13.48,0
,,,,2024-05-05+14:26:36,2024-05-05+00:00,Amazon.com,,AFN,,,SHIPMENT,MarketplaceFacilitator,Amazon,,1,USD,,,,13.48,FALSE,13.48,0,0.92,,,IL,,,140311740,SAINT JACOB,IL,US,,141190000,141190000,ShipTo,State,IL,,,,,,,,,,,,,0.85,0.0625,Tax,Retailers'/Service Occupation and Use/Service Use Tax,Taxable,0,13.48
,,,,2024-05-05+14:26:36,2024-05-05+00:00,Amazon.com,,AFN,,,SHIPMENT,MarketplaceFacilitator,Amazon,,1,USD,,,,13.48,FALSE,13.48,,,,,IL,,,140311740,SAINT JACOB,IL,US,,141190000,141190000,ShipTo,City,NOT APPLICABLE,,,,,,,,,,,,,0,0,Tax,,ZeroRated,13.48,0
,,,,2024-05-05+14:26:36,2024-05-05+00:00,Amazon.com,,AFN,,,SHIPMENT,MarketplaceFacilitator,Amazon,,1,USD,,,,13.48,FALSE,13.48,,,,,IL,,,140311740,SAINT JACOB,IL,US,,141190000,141190000,ShipTo,County,MADISON,,,,,,,,,,,,,0.03,0.0025,Tax,Local Sales Tax,Taxable,0,13.48
,,,,2024-05-05+14:26:36,2024-05-05+00:00,Amazon.com,,AFN,,,SHIPMENT,MarketplaceFacilitator,Amazon,,1,USD,,,,13.48,FALSE,13.48,,,,,IL,,,140311740,SAINT JACOB,IL,US,,141190000,141190000,ShipTo,District,METRO-EAST MASS TRANSIT DISTRICT (MADISON),,,,,,,,,,,,,0.03,0.0025,Tax,Local Sales and Use Tax,Taxable,0,13.48
,,,,2024-05-05+14:26:36,2024-05-05+00:00,Amazon.com,,AFN,,,SHIPMENT,MarketplaceFacilitator,Amazon,,1,USD,,,,13.48,FALSE,13.48,,,,,IL,,,140311740,SAINT JACOB,IL,US,,141190000,141190000,ShipTo,District,METRO-EAST PARK AND RECREATION DISTRICT,,,,,,,,,,,,,0.01,0.001,Tax,Local Sales Tax,Taxable,0,13.48
,,,,2024-05-05+16:27:21,2024-05-05+00:00,Amazon.com,,AFN,,,SHIPMENT,MarketplaceFacilitator,Amazon,,1,USD,,,,13.48,FALSE,13.48,0,1.4,,,WA,,,480330320,SEATTLE,WA,US,,480335461,480335461,ShipTo,State,WA,,,,,,,,,,,,,0.88,0.065,Tax,Retail Sales and Use Tax,Taxable,0,13.48
,,,,2024-05-05+16:27:21,2024-05-05+00:00,Amazon.com,,AFN,,,SHIPMENT,MarketplaceFacilitator,Amazon,,1,USD,,,,13.48,FALSE,13.48,,,,,WA,,,480330320,SEATTLE,WA,US,,480335461,480335461,ShipTo,City,SEATTLE,,,,,,,,,,,,,0.31,0.023,Tax,Local Sales and Use Tax,Taxable,0,13.48
,,,,2024-05-05+16:27:21,2024-05-05+00:00,Amazon.com,,AFN,,,SHIPMENT,MarketplaceFacilitator,Amazon,,1,USD,,,,13.48,FALSE,13.48,,,,,WA,,,480330320,SEATTLE,WA,US,,480335461,480335461,ShipTo,County,KING,,,,,,,,,,,,,0,0,Tax,Local Sales and Use Tax,NonTaxable,13.48,0
,,,,2024-05-05+16:27:21,2024-05-05+00:00,Amazon.com,,AFN,,,SHIPMENT,MarketplaceFacilitator,Amazon,,1,USD,,,,13.48,FALSE,13.48,,,,,WA,,,480330320,SEATTLE,WA,US,,480335461,480335461,ShipTo,District,REGIONAL TRANSIT AUTHORITY,,,,,,,,,,,,,0.19,0.014,Tax,Local Sales and Use Tax,Taxable,0,13.48
,,,,2024-05-05+16:27:21,2024-05-05+00:00,Amazon.com,,AFN,,,SHIPMENT,MarketplaceFacilitator,Amazon,,1,USD,,,,13.48,FALSE,13.48,,,,,WA,,,480330320,SEATTLE,WA,US,,480335461,480335461,ShipTo,District,SEATTLE TRANSPORTATION BENEFIT DISTRICT,,,,,,,,,,,,,0.02,0.0015,Tax,Local Sales and Use Tax,Taxable,0,13.48
,,,,2024-05-05+16:27:21,2024-05-05+00:00,Amazon.com,,AFN,,,SHIPMENT,MarketplaceFacilitator,Amazon,,1,USD,,,,0.19,FALSE,0.19,0,0,,,WA,,,480330320,SEATTLE,WA,US,,480335461,480335461,ShipTo,State,WA,,,Y,0,0,-0.19,PromotionIdAndCouponCode,0,,Self Funded,ReductionInTaxableBasis,,0,0.065,Tax,Retail Sales and Use Tax,Taxable,0,0
,,,,2024-05-05+16:27:21,2024-05-05+00:00,Amazon.com,,AFN,,,SHIPMENT,MarketplaceFacilitator,Amazon,,1,USD,,,,0.19,FALSE,0.19,,,,,WA,,,480330320,SEATTLE,WA,US,,480335461,480335461,ShipTo,City,SEATTLE,,,Y,0,0,-0.19,PromotionIdAndCouponCode,0,,Self Funded,ReductionInTaxableBasis,,0,0.023,Tax,Local Sales and Use Tax,Taxable,0,0
,,,,2024-05-05+16:27:21,2024-05-05+00:00,Amazon.com,,AFN,,,SHIPMENT,MarketplaceFacilitator,Amazon,,1,USD,,,,0.19,FALSE,0.19,,,,,WA,,,480330320,SEATTLE,WA,US,,480335461,480335461,ShipTo,County,KING,,,Y,0,0,-0.19,PromotionIdAndCouponCode,0,,Self Funded,ReductionInTaxableBasis,,0,0,Tax,Local Sales and Use Tax,NonTaxable,0,0
,,,,2024-05-05+16:27:21,2024-05-05+00:00,Amazon.com,,AFN,,,SHIPMENT,MarketplaceFacilitator,Amazon,,1,USD,,,,0.19,FALSE,0.19,,,,,WA,,,480330320,SEATTLE,WA,US,,480335461,480335461,ShipTo,District,REGIONAL TRANSIT AUTHORITY,,,Y,0,0,-0.19,PromotionIdAndCouponCode,0,,Self Funded,ReductionInTaxableBasis,,0,0.014,Tax,Local Sales and Use Tax,Taxable,0,0
,,,,2024-05-05+16:27:21,2024-05-05+00:00,Amazon.com,,AFN,,,SHIPMENT,MarketplaceFacilitator,Amazon,,1,USD,,,,0.19,FALSE,0.19,,,,,WA,,,480330320,SEATTLE,WA,US,,480335461,480335461,ShipTo,District,SEATTLE TRANSPORTATION BENEFIT DISTRICT,,,Y,0,0,-0.19,PromotionIdAndCouponCode,0,,Self Funded,ReductionInTaxableBasis,,0,0.0015,Tax,Local Sales and Use Tax,Taxable,0,0
,,,,2024-05-05+13:23:36,2024-05-05+00:00,Amazon.com,,AFN,,,SHIPMENT,MarketplaceFacilitator,Amazon,,1,USD,,,,13.48,FALSE,13.48,0,1.08,,,TN,,,431570560,LOCUST GROVE,GA,US,,111510000,111510000,ShipTo,State,GA,,,,,,,,,,,,,0.54,0.04,Tax,Sales and Use Tax,Taxable,0,13.48
,,,,2024-05-05+13:23:36,2024-05-05+00:00,Amazon.com,,AFN,,,SHIPMENT,MarketplaceFacilitator,Amazon,,1,USD,,,,13.48,FALSE,13.48,,,,,TN,,,431570560,LOCUST GROVE,GA,US,,111510000,111510000,ShipTo,City,NOT APPLICABLE,,,,,,,,,,,,,0,0,Tax,,ZeroRated,13.48,0
,,,,2024-05-05+13:23:36,2024-05-05+00:00,Amazon.com,,AFN,,,SHIPMENT,MarketplaceFacilitator,Amazon,,1,USD,,,,13.48,FALSE,13.48,,,,,TN,,,431570560,LOCUST GROVE,GA,US,,111510000,111510000,ShipTo,County,HENRY,,,,,,,,,,,,,0.54,0.04,Tax,Local Sales and Use Tax,Taxable,0,13.48
,,,,2024-05-05+13:23:36,2024-05-05+00:00,Amazon.com,,AFN,,,SHIPMENT,MarketplaceFacilitator,Amazon,,1,USD,,,,13.48,FALSE,13.48,,,,,TN,,,431570560,LOCUST GROVE,GA,US,,111510000,111510000,ShipTo,District,NOT APPLICABLE,,,,,,,,,,,,,0,0,Tax,,ZeroRated,13.48,0
,,,,2024-05-05+17:13:47,2024-05-06+00:00,Amazon.com,,AFN,,,SHIPMENT,MarketplaceFacilitator,Amazon,,1,USD,,,,13.48,FALSE,13.48,0,1.2,,,NJ,,,310150000,BROOKLYN,NY,US,,330472010,330472010,ShipTo,State,NY,,,,,,,,,,,,,0.54,0.04,Tax,Sales and Compensating Use Tax,Taxable,0,13.48
,,,,2024-05-05+17:13:47,2024-05-06+00:00,Amazon.com,,AFN,,,SHIPMENT,MarketplaceFacilitator,Amazon,,1,USD,,,,13.48,FALSE,13.48,,,,,NJ,,,310150000,BROOKLYN,NY,US,,330472010,330472010,ShipTo,City,NEW YORK,,,,,,,,,,,,,0.61,0.045,Tax,Local Sales and Use Tax,Taxable,0,13.48
,,,,2024-05-05+17:13:47,2024-05-06+00:00,Amazon.com,,AFN,,,SHIPMENT,MarketplaceFacilitator,Amazon,,1,USD,,,,13.48,FALSE,13.48,,,,,NJ,,,310150000,BROOKLYN,NY,US,,330472010,330472010,ShipTo,County,NOT APPLICABLE,,,,,,,,,,,,,0,0,Tax,,ZeroRated,13.48,0
,,,,2024-05-05+17:13:47,2024-05-06+00:00,Amazon.com,,AFN,,,SHIPMENT,MarketplaceFacilitator,Amazon,,1,USD,,,,13.48,FALSE,13.48,,,,,NJ,,,310150000,BROOKLYN,NY,US,,330472010,330472010,ShipTo,District,METROPOLITAN COMMUTER TRANSPORTATION DISTRICT,,,,,,,,,,,,,0.05,0.00375,Tax,Metropolitan Commuter Transportation District,Taxable,0,13.48
,,,,2024-05-05+18:46:45,2024-05-06+00:00,Amazon.com,,AFN,,,SHIPMENT,MarketplaceFacilitator,Amazon,,1,USD,,,,13.48,FALSE,13.48,0,0.94,,,IL,,,140311740,ELKHART,IN,US,,150390430,150390430,ShipTo,State,IN,,,,,,,,,,,,,0.94,0.07,Tax,Gross Retail and Use Tax,Taxable,0,13.48
,,,,2024-05-05+18:46:45,2024-05-06+00:00,Amazon.com,,AFN,,,SHIPMENT,MarketplaceFacilitator,Amazon,,1,USD,,,,13.48,FALSE,13.48,,,,,IL,,,140311740,ELKHART,IN,US,,150390430,150390430,ShipTo,City,NOT APPLICABLE,,,,,,,,,,,,,0,0,Tax,,ZeroRated,13.48,0
,,,,2024-05-05+18:46:45,2024-05-06+00:00,Amazon.com,,AFN,,,SHIPMENT,MarketplaceFacilitator,Amazon,,1,USD,,,,13.48,FALSE,13.48,,,,,IL,,,140311740,ELKHART,IN,US,,150390430,150390430,ShipTo,County,NOT APPLICABLE,,,,,,,,,,,,,0,0,Tax,,ZeroRated,13.48,0
,,,,2024-05-05+18:46:45,2024-05-06+00:00,Amazon.com,,AFN,,,SHIPMENT,MarketplaceFacilitator,Amazon,,1,USD,,,,13.48,FALSE,13.48,,,,,IL,,,140311740,ELKHART,IN,US,,150390430,150390430,ShipTo,District,NOT APPLICABLE,,,,,,,,,,,,,0,0,Tax,,ZeroRated,13.48,0
,,,,2024-05-06+05:13:43,2024-05-06+00:00,Amazon.com,,AFN,,,SHIPMENT,MarketplaceFacilitator,Amazon,,1,USD,,,,13.48,FALSE,13.48,0,1.27,,,TX,,,444535425,BOSSIER CITY,LA,US,,190150130,190150130,ShipTo,State,LA,,,,,,,,,,,,,0.6,0.0445,Tax,Sales and Use Tax,Taxable,0,13.48
,,,,2024-05-06+05:13:43,2024-05-06+00:00,Amazon.com,,AFN,,,SHIPMENT,MarketplaceFacilitator,Amazon,,1,USD,,,,13.48,FALSE,13.48,,,,,TX,,,444535425,BOSSIER CITY,LA,US,,190150130,190150130,ShipTo,City,BOSSIER CITY,,,,,,,,,,,,,0.33,0.025,Tax,Local Sales and Use Tax,Taxable,0,13.48
,,,,2024-05-06+05:13:43,2024-05-06+00:00,Amazon.com,,AFN,,,SHIPMENT,MarketplaceFacilitator,Amazon,,1,USD,,,,13.48,FALSE,13.48,,,,,TX,,,444535425,BOSSIER CITY,LA,US,,190150130,190150130,ShipTo,County,BOSSIER,,,,,,,,,,,,,0.34,0.025,Tax,Local Sales and Use Tax,Taxable,0,13.48
,,,,2024-05-06+05:13:43,2024-05-06+00:00,Amazon.com,,AFN,,,SHIPMENT,MarketplaceFacilitator,Amazon,,1,USD,,,,13.48,FALSE,13.48,,,,,TX,,,444535425,BOSSIER CITY,LA,US,,190150130,190150130,ShipTo,District,NOT APPLICABLE,,,,,,,,,,,,,0,0,Tax,,ZeroRated,13.48,0
,,,,2024-05-06+05:13:43,2024-05-06+00:00,Amazon.com,,AFN,,,SHIPMENT,MarketplaceFacilitator,Amazon,,1,USD,,,,13.48,FALSE,13.48,0,1.27,,,TX,,,444535425,BOSSIER CITY,LA,US,,190150130,190150130,ShipTo,State,LA,,,,,,,,,,,,,0.6,0.0445,Tax,Sales and Use Tax,Taxable,0,13.48
,,,,2024-05-06+05:13:43,2024-05-06+00:00,Amazon.com,,AFN,,,SHIPMENT,MarketplaceFacilitator,Amazon,,1,USD,,,,13.48,FALSE,13.48,,,,,TX,,,444535425,BOSSIER CITY,LA,US,,190150130,190150130,ShipTo,City,BOSSIER CITY,,,,,,,,,,,,,0.33,0.025,Tax,Local Sales and Use Tax,Taxable,0,13.48
,,,,2024-05-06+05:13:43,2024-05-06+00:00,Amazon.com,,AFN,,,SHIPMENT,MarketplaceFacilitator,Amazon,,1,USD,,,,13.48,FALSE,13.48,,,,,TX,,,444535425,BOSSIER CITY,LA,US,,190150130,190150130,ShipTo,County,BOSSIER,,,,,,,,,,,,,0.34,0.025,Tax,Local Sales and Use Tax,Taxable,0,13.48
,,,,2024-05-06+05:13:43,2024-05-06+00:00,Amazon.com,,AFN,,,SHIPMENT,MarketplaceFacilitator,Amazon,,1,USD,,,,13.48,FALSE,13.48,,,,,TX,,,444535425,BOSSIER CITY,LA,US,,190150130,190150130,ShipTo,District,NOT APPLICABLE,,,,,,,,,,,,,0,0,Tax,,ZeroRated,13.48,0
,,,,2024-05-06+05:51:59,2024-05-06+00:00,Amazon.com,,AFN,,,SHIPMENT,MarketplaceFacilitator,Amazon,,1,USD,,,,15.99,FALSE,15.99,0,1.12,,,NC,,,341830000,EASLEY,SC,US,,410770280,410770280,ShipTo,State,SC,,,,,,,,,,,,,0.96,0.06,Tax,Sales and Use Tax,Taxable,0,15.99
,,,,2024-05-06+05:51:59,2024-05-06+00:00,Amazon.com,,AFN,,,SHIPMENT,MarketplaceFacilitator,Amazon,,1,USD,,,,15.99,FALSE,15.99,,,,,NC,,,341830000,EASLEY,SC,US,,410770280,410770280,ShipTo,City,NOT APPLICABLE,,,,,,,,,,,,,0,0,Tax,,ZeroRated,15.99,0
,,,,2024-05-06+05:51:59,2024-05-06+00:00,Amazon.com,,AFN,,,SHIPMENT,MarketplaceFacilitator,Amazon,,1,USD,,,,15.99,FALSE,15.99,,,,,NC,,,341830000,EASLEY,SC,US,,410770280,410770280,ShipTo,County,PICKENS,,,,,,,,,,,,,0.16,0.01,Tax,Local Sales and Use Tax,Taxable,0,15.99
,,,,2024-05-06+05:51:59,2024-05-06+00:00,Amazon.com,,AFN,,,SHIPMENT,MarketplaceFacilitator,Amazon,,1,USD,,,,15.99,FALSE,15.99,,,,,NC,,,341830000,EASLEY,SC,US,,410770280,410770280,ShipTo,District,NOT APPLICABLE,,,,,,,,,,,,,0,0,Tax,,ZeroRated,15.99,0
,,,,2024-05-06+08:02:07,2024-05-06+00:00,Amazon.com,,AFN,,,SHIPMENT,MarketplaceFacilitator,Amazon,,1,USD,,,,13.48,FALSE,13.48,0,0.71,,,MD,,,210050000,HARTFIELD,VA,US,,471190000,471190000,ShipTo,State,VA,,,,,,,,,,,,,0.58,0.043,Tax,Retail Sales and Use Tax,Taxable,0,13.48
,,,,2024-05-06+08:02:07,2024-05-06+00:00,Amazon.com,,AFN,,,SHIPMENT,MarketplaceFacilitator,Amazon,,1,USD,,,,13.48,FALSE,13.48,,,,,MD,,,210050000,HARTFIELD,VA,US,,471190000,471190000,ShipTo,City,NOT APPLICABLE,,,,,,,,,,,,,0,0,Tax,,ZeroRated,13.48,0
,,,,2024-05-06+08:02:07,2024-05-06+00:00,Amazon.com,,AFN,,,SHIPMENT,MarketplaceFacilitator,Amazon,,1,USD,,,,13.48,FALSE,13.48,,,,,MD,,,210050000,HARTFIELD,VA,US,,471190000,471190000,ShipTo,County,MIDDLESEX,,,,,,,,,,,,,0.13,0.01,Tax,Local Sales and Use Tax,Taxable,0,13.48
,,,,2024-05-06+08:02:07,2024-05-06+00:00,Amazon.com,,AFN,,,SHIPMENT,MarketplaceFacilitator,Amazon,,1,USD,,,,13.48,FALSE,13.48,,,,,MD,,,210050000,HARTFIELD,VA,US,,471190000,471190000,ShipTo,District,NOT APPLICABLE,,,,,,,,,,,,,0,0,Tax,,ZeroRated,13.48,0
,,,,2024-05-04+15:46:11,2024-05-06+00:00,Amazon.com,,AFN,,,SHIPMENT,MarketplaceFacilitator,Amazon,,1,USD,,,,13.48,FALSE,13.48,0,0.94,,,IL,,,141974702,OXFORD,MS,US,,250710510,250710510,ShipTo,State,MS,,,,,,,,,,,,,0.94,0.07,Tax,Sales and Use Tax,Taxable,0,13.48
,,,,2024-05-04+15:46:11,2024-05-06+00:00,Amazon.com,,AFN,,,SHIPMENT,MarketplaceFacilitator,Amazon,,1,USD,,,,13.48,FALSE,13.48,,,,,IL,,,141974702,OXFORD,MS,US,,250710510,250710510,ShipTo,City,NOT APPLICABLE,,,,,,,,,,,,,0,0,Tax,,ZeroRated,13.48,0
,,,,2024-05-04+15:46:11,2024-05-06+00:00,Amazon.com,,AFN,,,SHIPMENT,MarketplaceFacilitator,Amazon,,1,USD,,,,13.48,FALSE,13.48,,,,,IL,,,141974702,OXFORD,MS,US,,250710510,250710510,ShipTo,County,NOT APPLICABLE,,,,,,,,,,,,,0,0,Tax,,ZeroRated,13.48,0
,,,,2024-05-04+15:46:11,2024-05-06+00:00,Amazon.com,,AFN,,,SHIPMENT,MarketplaceFacilitator,Amazon,,1,USD,,,,13.48,FALSE,13.48,,,,,IL,,,141974702,OXFORD,MS,US,,250710510,250710510,ShipTo,District,NOT APPLICABLE,,,,,,,,,,,,,0,0,Tax,,ZeroRated,13.48,0
,,,,2024-05-06+11:05:26,2024-05-06+00:00,Amazon.com,,AFN,,,SHIPMENT,MarketplaceFacilitator,Amazon,,1,USD,,,,13.99,FALSE,13.99,0,1.2,,,WA,,,480330320,BATTLE GROUND,WA,US,,480111642,480111642,ShipTo,State,WA,,,,,,,,,,,,,0.91,0.065,Tax,Retail Sales and Use Tax,Taxable,0,13.99
,,,,2024-05-06+11:05:26,2024-05-06+00:00,Amazon.com,,AFN,,,SHIPMENT,MarketplaceFacilitator,Amazon,,1,USD,,,,13.99,FALSE,13.99,,,,,WA,,,480330320,BATTLE GROUND,WA,US,,480111642,480111642,ShipTo,City,BATTLE GROUND,,,,,,,,,,,,,0.18,0.013,Tax,Local Sales and Use Tax,Taxable,0,13.99
,,,,2024-05-06+11:05:26,2024-05-06+00:00,Amazon.com,,AFN,,,SHIPMENT,MarketplaceFacilitator,Amazon,,1,USD,,,,13.99,FALSE,13.99,,,,,WA,,,480330320,BATTLE GROUND,WA,US,,480111642,480111642,ShipTo,County,CLARK,,,,,,,,,,,,,0,0,Tax,Local Sales and Use Tax,NonTaxable,13.99,0
,,,,2024-05-06+11:05:26,2024-05-06+00:00,Amazon.com,,AFN,,,SHIPMENT,MarketplaceFacilitator,Amazon,,1,USD,,,,13.99,FALSE,13.99,,,,,WA,,,480330320,BATTLE GROUND,WA,US,,480111642,480111642,ShipTo,District,BATTLE GROUND TRANSPORTATION BENEFIT DISTRICT,,,,,,,,,,,,,0.01,0.001,Tax,Local Sales and Use Tax,Taxable,0,13.99
,,,,2024-05-06+11:05:26,2024-05-06+00:00,Amazon.com,,AFN,,,SHIPMENT,MarketplaceFacilitator,Amazon,,1,USD,,,,13.99,FALSE,13.99,,,,,WA,,,480330320,BATTLE GROUND,WA,US,,480111642,480111642,ShipTo,District,PUBLIC TRANSPORTATION BENEFIT AREA,,,,,,,,,,,,,0.1,0.007,Tax,Local Sales and Use Tax,Taxable,0,13.99
,,,,2024-05-06+18:58:35,2024-05-06+00:00,Amazon.com,,AFN,,,SHIPMENT,MarketplaceFacilitator,Amazon,,1,USD,,,,13.48,FALSE,13.48,0,0.89,,,NJ,,,310150000,JERSEY CITY,NJ,US,,310176710,310176710,ShipTo,State,NJ,,,,,,,,,,,,,0.89,0.06625,Tax,Sales and Use Tax,Taxable,0,13.48
,,,,2024-05-06+18:58:35,2024-05-06+00:00,Amazon.com,,AFN,,,SHIPMENT,MarketplaceFacilitator,Amazon,,1,USD,,,,13.48,FALSE,13.48,,,,,NJ,,,310150000,JERSEY CITY,NJ,US,,310176710,310176710,ShipTo,City,NOT APPLICABLE,,,,,,,,,,,,,0,0,Tax,,ZeroRated,13.48,0
,,,,2024-05-06+18:58:35,2024-05-06+00:00,Amazon.com,,AFN,,,SHIPMENT,MarketplaceFacilitator,Amazon,,1,USD,,,,13.48,FALSE,13.48,,,,,NJ,,,310150000,JERSEY CITY,NJ,US,,310176710,310176710,ShipTo,County,NOT APPLICABLE,,,,,,,,,,,,,0,0,Tax,,ZeroRated,13.48,0
,,,,2024-05-06+18:58:35,2024-05-06+00:00,Amazon.com,,AFN,,,SHIPMENT,MarketplaceFacilitator,Amazon,,1,USD,,,,13.48,FALSE,13.48,,,,,NJ,,,310150000,JERSEY CITY,NJ,US,,310176710,310176710,ShipTo,District,NOT APPLICABLE,,,,,,,,,,,,,0,0,Tax,,ZeroRated,13.48,0
,,,,2024-05-06+18:58:35,2024-05-06+00:00,Amazon.com,,AFN,,,SHIPMENT,MarketplaceFacilitator,Amazon,,1,USD,,,,3.71,FALSE,3.71,0,0,,,NJ,,,310150000,JERSEY CITY,NJ,US,,310176710,310176710,ShipTo,State,NJ,,,Y,0,0,-3.71,PromotionIdAndCouponCode,0,,Self Funded,ReductionInTaxableBasis,,0,0.06625,Tax,Sales and Use Tax,Taxable,0,0
,,,,2024-05-06+18:58:35,2024-05-06+00:00,Amazon.com,,AFN,,,SHIPMENT,MarketplaceFacilitator,Amazon,,1,USD,,,,3.71,FALSE,3.71,,,,,NJ,,,310150000,JERSEY CITY,NJ,US,,310176710,310176710,ShipTo,City,NOT APPLICABLE,,,Y,0,0,-3.71,PromotionIdAndCouponCode,0,,Self Funded,ReductionInTaxableBasis,,0,0,Tax,,NonTaxable,0,0
,,,,2024-05-06+18:58:35,2024-05-06+00:00,Amazon.com,,AFN,,,SHIPMENT,MarketplaceFacilitator,Amazon,,1,USD,,,,3.71,FALSE,3.71,,,,,NJ,,,310150000,JERSEY CITY,NJ,US,,310176710,310176710,ShipTo,County,NOT APPLICABLE,,,Y,0,0,-3.71,PromotionIdAndCouponCode,0,,Self Funded,ReductionInTaxableBasis,,0,0,Tax,,NonTaxable,0,0
,,,,2024-05-06+18:58:35,2024-05-06+00:00,Amazon.com,,AFN,,,SHIPMENT,MarketplaceFacilitator,Amazon,,1,USD,,,,3.71,FALSE,3.71,,,,,NJ,,,310150000,JERSEY CITY,NJ,US,,310176710,310176710,ShipTo,District,NOT APPLICABLE,,,Y,0,0,-3.71,PromotionIdAndCouponCode,0,,Self Funded,ReductionInTaxableBasis,,0,0,Tax,,NonTaxable,0,0
,,,,2024-05-06+18:27:03,2024-05-06+00:00,Amazon.com,,AFN,,,SHIPMENT,Standard,Seller,A_GEN_NOTAX,1,USD,,,,15.99,FALSE,15.99,0,0,,,WA,,,480330320,Salem,OR,US,,380530500,380530500,ShipTo,State,OR,,,,,,,,,,,,0,,0,Tax,No Sales or Use Tax Imposed,NonTaxable,15.99,0
,,,,2024-05-06+18:27:03,2024-05-06+00:00,Amazon.com,,AFN,,,SHIPMENT,Standard,Seller,A_GEN_NOTAX,1,USD,,,,15.99,FALSE,15.99,,,,,WA,,,480330320,Salem,OR,US,,380530500,380530500,ShipTo,City,NOT APPLICABLE,,,,,,,,,,,,0,,0,Tax,,ZeroRated,15.99,0
,,,,2024-05-06+18:27:03,2024-05-06+00:00,Amazon.com,,AFN,,,SHIPMENT,Standard,Seller,A_GEN_NOTAX,1,USD,,,,15.99,FALSE,15.99,,,,,WA,,,480330320,Salem,OR,US,,380530500,380530500,ShipTo,County,NOT APPLICABLE,,,,,,,,,,,,0,,0,Tax,,ZeroRated,15.99,0
,,,,2024-05-06+18:27:03,2024-05-06+00:00,Amazon.com,,AFN,,,SHIPMENT,Standard,Seller,A_GEN_NOTAX,1,USD,,,,15.99,FALSE,15.99,,,,,WA,,,480330320,Salem,OR,US,,380530500,380530500,ShipTo,District,NOT APPLICABLE,,,,,,,,,,,,0,,0,Tax,,ZeroRated,15.99,0
,,,,2024-05-06+08:43:44,2024-05-06+00:00,Amazon.com,,AFN,,,SHIPMENT,MarketplaceFacilitator,Amazon,,1,USD,,,,15.99,FALSE,15.99,0,1.27,,,TN,,,431570560,ROBERT,LA,US,,191050000,191050000,ShipTo,State,LA,,,,,,,,,,,,,0.71,0.0445,Tax,Sales and Use Tax,Taxable,0,15.99
,,,,2024-05-06+08:43:44,2024-05-06+00:00,Amazon.com,,AFN,,,SHIPMENT,MarketplaceFacilitator,Amazon,,1,USD,,,,15.99,FALSE,15.99,,,,,TN,,,431570560,ROBERT,LA,US,,191050000,191050000,ShipTo,City,NOT APPLICABLE,,,,,,,,,,,,,0,0,Tax,,ZeroRated,15.99,0
,,,,2024-05-06+08:43:44,2024-05-06+00:00,Amazon.com,,AFN,,,SHIPMENT,MarketplaceFacilitator,Amazon,,1,USD,,,,15.99,FALSE,15.99,,,,,TN,,,431570560,ROBERT,LA,US,,191050000,191050000,ShipTo,County,TANGIPAHOA,,,,,,,,,,,,,0.56,0.035,Tax,Local Sales and Use Tax,Taxable,0,15.99
,,,,2024-05-06+08:43:44,2024-05-06+00:00,Amazon.com,,AFN,,,SHIPMENT,MarketplaceFacilitator,Amazon,,1,USD,,,,15.99,FALSE,15.99,,,,,TN,,,431570560,ROBERT,LA,US,,191050000,191050000,ShipTo,District,NOT APPLICABLE,,,,,,,,,,,,,0,0,Tax,,ZeroRated,15.99,0
,,,,2024-05-06+20:53:58,2024-05-07+00:00,Amazon.com,,AFN,,,SHIPMENT,MarketplaceFacilitator,Amazon,,1,USD,,,,2.11,FALSE,2.11,0,0,,,MO,,,261831880,HENDERSON,KY,US,,181010370,181010370,ShipTo,State,KY,,,Y,0,0,-2.11,PromotionIdAndCouponCode,0,,Self Funded,ReductionInTaxableBasis,,0,0.06,Tax,Sales and Use Tax,Taxable,0,0
,,,,2024-05-06+20:53:58,2024-05-07+00:00,Amazon.com,,AFN,,,SHIPMENT,MarketplaceFacilitator,Amazon,,1,USD,,,,2.11,FALSE,2.11,,,,,MO,,,261831880,HENDERSON,KY,US,,181010370,181010370,ShipTo,City,NOT APPLICABLE,,,Y,0,0,-2.11,PromotionIdAndCouponCode,0,,Self Funded,ReductionInTaxableBasis,,0,0,Tax,,NonTaxable,0,0
,,,,2024-05-06+20:53:58,2024-05-07+00:00,Amazon.com,,AFN,,,SHIPMENT,MarketplaceFacilitator,Amazon,,1,USD,,,,2.11,FALSE,2.11,,,,,MO,,,261831880,HENDERSON,KY,US,,181010370,181010370,ShipTo,County,NOT APPLICABLE,,,Y,0,0,-2.11,PromotionIdAndCouponCode,0,,Self Funded,ReductionInTaxableBasis,,0,0,Tax,,NonTaxable,0,0
,,,,2024-05-06+20:53:58,2024-05-07+00:00,Amazon.com,,AFN,,,SHIPMENT,MarketplaceFacilitator,Amazon,,1,USD,,,,2.11,FALSE,2.11,,,,,MO,,,261831880,HENDERSON,KY,US,,181010370,181010370,ShipTo,District,NOT APPLICABLE,,,Y,0,0,-2.11,PromotionIdAndCouponCode,0,,Self Funded,ReductionInTaxableBasis,,0,0,Tax,,NonTaxable,0,0
,,,,2024-05-06+20:53:58,2024-05-07+00:00,Amazon.com,,AFN,,,SHIPMENT,MarketplaceFacilitator,Amazon,,1,USD,,,,13.48,FALSE,13.48,0,0.81,,,MO,,,261831880,HENDERSON,KY,US,,181010370,181010370,ShipTo,State,KY,,,,,,,,,,,,,0.81,0.06,Tax,Sales and Use Tax,Taxable,0,13.48
,,,,2024-05-06+20:53:58,2024-05-07+00:00,Amazon.com,,AFN,,,SHIPMENT,MarketplaceFacilitator,Amazon,,1,USD,,,,13.48,FALSE,13.48,,,,,MO,,,261831880,HENDERSON,KY,US,,181010370,181010370,ShipTo,City,NOT APPLICABLE,,,,,,,,,,,,,0,0,Tax,,ZeroRated,13.48,0
,,,,2024-05-06+20:53:58,2024-05-07+00:00,Amazon.com,,AFN,,,SHIPMENT,MarketplaceFacilitator,Amazon,,1,USD,,,,13.48,FALSE,13.48,,,,,MO,,,261831880,HENDERSON,KY,US,,181010370,181010370,ShipTo,County,NOT APPLICABLE,,,,,,,,,,,,,0,0,Tax,,ZeroRated,13.48,0
,,,,2024-05-06+20:53:58,2024-05-07+00:00,Amazon.com,,AFN,,,SHIPMENT,MarketplaceFacilitator,Amazon,,1,USD,,,,13.48,FALSE,13.48,,,,,MO,,,261831880,HENDERSON,KY,US,,181010370,181010370,ShipTo,District,NOT APPLICABLE,,,,,,,,,,,,,0,0,Tax,,ZeroRated,13.48,0
,,,,2024-05-06+20:33:51,2024-05-07+00:00,Amazon.com,,AFN,,,SHIPMENT,MarketplaceFacilitator,Amazon,,1,USD,,,,15.99,FALSE,15.99,0,0.96,,,NY,,,330550000,FLINT,MI,US,,230490000,230490000,ShipTo,State,MI,,,,,,,,,,,,,0.96,0.06,Tax,Sales and Use Tax,Taxable,0,15.99
,,,,2024-05-06+20:33:51,2024-05-07+00:00,Amazon.com,,AFN,,,SHIPMENT,MarketplaceFacilitator,Amazon,,1,USD,,,,15.99,FALSE,15.99,,,,,NY,,,330550000,FLINT,MI,US,,230490000,230490000,ShipTo,City,NOT APPLICABLE,,,,,,,,,,,,,0,0,Tax,,ZeroRated,15.99,0
,,,,2024-05-06+20:33:51,2024-05-07+00:00,Amazon.com,,AFN,,,SHIPMENT,MarketplaceFacilitator,Amazon,,1,USD,,,,15.99,FALSE,15.99,,,,,NY,,,330550000,FLINT,MI,US,,230490000,230490000,ShipTo,County,NOT APPLICABLE,,,,,,,,,,,,,0,0,Tax,,ZeroRated,15.99,0
,,,,2024-05-06+20:33:51,2024-05-07+00:00,Amazon.com,,AFN,,,SHIPMENT,MarketplaceFacilitator,Amazon,,1,USD,,,,15.99,FALSE,15.99,,,,,NY,,,330550000,FLINT,MI,US,,230490000,230490000,ShipTo,District,NOT APPLICABLE,,,,,,,,,,,,,0,0,Tax,,ZeroRated,15.99,0
,,,,2024-05-06+19:23:00,2024-05-07+00:00,Amazon.com,,AFN,,,SHIPMENT,MarketplaceFacilitator,Amazon,,1,USD,,,,15.99,FALSE,15.99,0,1.28,,,TN,,,470590000,SEMMES,AL,US,,010970092,010970092,ShipTo,State,AL,,,,,,,,,,,,,1.28,0.08,Tax,Sales and Use Tax,Taxable,0,15.99
,,,,2024-05-06+19:23:00,2024-05-07+00:00,Amazon.com,,AFN,,,SHIPMENT,MarketplaceFacilitator,Amazon,,1,USD,,,,15.99,FALSE,15.99,,,,,TN,,,470590000,SEMMES,AL,US,,010970092,010970092,ShipTo,City,NOT APPLICABLE,,,,,,,,,,,,,0,0,Tax,,ZeroRated,15.99,0
,,,,2024-05-06+19:23:00,2024-05-07+00:00,Amazon.com,,AFN,,,SHIPMENT,MarketplaceFacilitator,Amazon,,1,USD,,,,15.99,FALSE,15.99,,,,,TN,,,470590000,SEMMES,AL,US,,010970092,010970092,ShipTo,County,NOT APPLICABLE,,,,,,,,,,,,,0,0,Tax,,ZeroRated,15.99,0
,,,,2024-05-06+19:23:00,2024-05-07+00:00,Amazon.com,,AFN,,,SHIPMENT,MarketplaceFacilitator,Amazon,,1,USD,,,,15.99,FALSE,15.99,,,,,TN,,,470590000,SEMMES,AL,US,,010970092,010970092,ShipTo,District,NOT APPLICABLE,,,,,,,,,,,,,0,0,Tax,,ZeroRated,15.99,0
,,,,2024-05-06+17:46:44,2024-05-07+00:00,Amazon.com,,AFN,,,SHIPMENT,MarketplaceFacilitator,Amazon,,1,USD,,,,2.54,FALSE,2.54,0,0,,,IL,,,140311740,CEDAR FALLS,IA,US,,160130150,160130150,ShipTo,State,IA,,,,,,,,,,,,,0,0,Tax,Sales and Use Tax,Exempt,2.54,0
,,,,2024-05-06+17:46:44,2024-05-07+00:00,Amazon.com,,AFN,,,SHIPMENT,MarketplaceFacilitator,Amazon,,1,USD,,,,2.54,FALSE,2.54,,,,,IL,,,140311740,CEDAR FALLS,IA,US,,160130150,160130150,ShipTo,City,CEDAR FALLS,,,,,,,,,,,,,0,0,Tax,Local Option Sales and Services Tax,Exempt,2.54,0
,,,,2024-05-06+17:46:44,2024-05-07+00:00,Amazon.com,,AFN,,,SHIPMENT,MarketplaceFacilitator,Amazon,,1,USD,,,,2.54,FALSE,2.54,,,,,IL,,,140311740,CEDAR FALLS,IA,US,,160130150,160130150,ShipTo,County,BLACK HAWK,,,,,,,,,,,,,0,0,Tax,Local Option Sales and Services Tax,Exempt,2.54,0
,,,,2024-05-06+17:46:44,2024-05-07+00:00,Amazon.com,,AFN,,,SHIPMENT,MarketplaceFacilitator,Amazon,,1,USD,,,,2.54,FALSE,2.54,,,,,IL,,,140311740,CEDAR FALLS,IA,US,,160130150,160130150,ShipTo,District,NOT APPLICABLE,,,,,,,,,,,,,0,0,Tax,,ZeroRated,2.54,0
,,,,2024-05-06+17:46:44,2024-05-07+00:00,Amazon.com,,AFN,,,SHIPMENT,MarketplaceFacilitator,Amazon,,1,USD,,,,13.48,FALSE,13.48,0,0.94,,,IL,,,140311740,CEDAR FALLS,IA,US,,160130150,160130150,ShipTo,State,IA,,,,,,,,,,,,,0.81,0.06,Tax,Sales and Use Tax,Taxable,0,13.48
,,,,2024-05-06+17:46:44,2024-05-07+00:00,Amazon.com,,AFN,,,SHIPMENT,MarketplaceFacilitator,Amazon,,1,USD,,,,13.48,FALSE,13.48,,,,,IL,,,140311740,CEDAR FALLS,IA,US,,160130150,160130150,ShipTo,City,CEDAR FALLS,,,,,,,,,,,,,0.13,0.01,Tax,Local Option Sales and Services Tax,Taxable,0,13.48
,,,,2024-05-06+17:46:44,2024-05-07+00:00,Amazon.com,,AFN,,,SHIPMENT,MarketplaceFacilitator,Amazon,,1,USD,,,,13.48,FALSE,13.48,,,,,IL,,,140311740,CEDAR FALLS,IA,US,,160130150,160130150,ShipTo,County,BLACK HAWK,,,,,,,,,,,,,0,0,Tax,Local Option Sales and Services Tax,NonTaxable,13.48,0
,,,,2024-05-06+17:46:44,2024-05-07+00:00,Amazon.com,,AFN,,,SHIPMENT,MarketplaceFacilitator,Amazon,,1,USD,,,,13.48,FALSE,13.48,,,,,IL,,,140311740,CEDAR FALLS,IA,US,,160130150,160130150,ShipTo,District,NOT APPLICABLE,,,,,,,,,,,,,0,0,Tax,,ZeroRated,13.48,0
,,,,2024-05-07+01:44:47,2024-05-07+00:00,Amazon.com,,AFN,,,SHIPMENT,MarketplaceFacilitator,Amazon,,1,USD,,,,15.99,FALSE,15.99,0,1.04,,,NJ,,,310150000,NORTH RIDGEVILLE,OH,US,,360934020,360934020,ShipTo,State,OH,,,,,,,,,,,,,0.92,0.0575,Tax,Sales and Use Tax,Taxable,0,15.99
,,,,2024-05-07+01:44:47,2024-05-07+00:00,Amazon.com,,AFN,,,SHIPMENT,MarketplaceFacilitator,Amazon,,1,USD,,,,15.99,FALSE,15.99,,,,,NJ,,,310150000,NORTH RIDGEVILLE,OH,US,,360934020,360934020,ShipTo,City,NOT APPLICABLE,,,,,,,,,,,,,0,0,Tax,,ZeroRated,15.99,0
,,,,2024-05-07+01:44:47,2024-05-07+00:00,Amazon.com,,AFN,,,SHIPMENT,MarketplaceFacilitator,Amazon,,1,USD,,,,15.99,FALSE,15.99,,,,,NJ,,,310150000,NORTH RIDGEVILLE,OH,US,,360934020,360934020,ShipTo,County,LORAIN,,,,,,,,,,,,,0.12,0.0075,Tax,Local Sales and Use Tax,Taxable,0,15.99
,,,,2024-05-07+01:44:47,2024-05-07+00:00,Amazon.com,,AFN,,,SHIPMENT,MarketplaceFacilitator,Amazon,,1,USD,,,,15.99,FALSE,15.99,,,,,NJ,,,310150000,NORTH RIDGEVILLE,OH,US,,360934020,360934020,ShipTo,District,NOT APPLICABLE,,,,,,,,,,,,,0,0,Tax,,ZeroRated,15.99,0
,,,,2024-05-07+08:29:30,2024-05-07+00:00,Amazon.com,,AFN,,,SHIPMENT,MarketplaceFacilitator,Amazon,,1,USD,,,,15.99,FALSE,15.99,0,1.42,,,GA,,,110730000,ATLANTA,GA,US,,111210080,111210080,ShipTo,State,GA,,,,,,,,,,,,,0.64,0.04,Tax,Sales and Use Tax,Taxable,0,15.99
,,,,2024-05-07+08:29:30,2024-05-07+00:00,Amazon.com,,AFN,,,SHIPMENT,MarketplaceFacilitator,Amazon,,1,USD,,,,15.99,FALSE,15.99,,,,,GA,,,110730000,ATLANTA,GA,US,,111210080,111210080,ShipTo,City,ATLANTA,,,,,,,,,,,,,0.3,0.019,Tax,Local Sales and Use Tax,Taxable,0,15.99
,,,,2024-05-07+08:29:30,2024-05-07+00:00,Amazon.com,,AFN,,,SHIPMENT,MarketplaceFacilitator,Amazon,,1,USD,,,,15.99,FALSE,15.99,,,,,GA,,,110730000,ATLANTA,GA,US,,111210080,111210080,ShipTo,County,FULTON,,,,,,,,,,,,,0.32,0.02,Tax,Local Sales and Use Tax,Taxable,0,15.99
,,,,2024-05-07+08:29:30,2024-05-07+00:00,Amazon.com,,AFN,,,SHIPMENT,MarketplaceFacilitator,Amazon,,1,USD,,,,15.99,FALSE,15.99,,,,,GA,,,110730000,ATLANTA,GA,US,,111210080,111210080,ShipTo,District,METROPOLITAN ATLANTA RAPID TRANSIT AUTHORITY,,,,,,,,,,,,,0.16,0.01,Tax,Local Sales and Use Tax,Taxable,0,15.99
,,,,2024-05-07+08:29:30,2024-05-07+00:00,Amazon.com,,AFN,,,SHIPMENT,MarketplaceFacilitator,Amazon,,1,USD,,,,0.11,FALSE,0.11,0,0,,,GA,,,110730000,ATLANTA,GA,US,,111210080,111210080,ShipTo,State,GA,,,Y,0,0,-0.11,PromotionIdAndCouponCode,0,,Self Funded,ReductionInTaxableBasis,,0,0.04,Tax,Sales and Use Tax,Taxable,0,0
,,,,2024-05-07+08:29:30,2024-05-07+00:00,Amazon.com,,AFN,,,SHIPMENT,MarketplaceFacilitator,Amazon,,1,USD,,,,0.11,FALSE,0.11,,,,,GA,,,110730000,ATLANTA,GA,US,,111210080,111210080,ShipTo,City,ATLANTA,,,Y,0,0,-0.11,PromotionIdAndCouponCode,0,,Self Funded,ReductionInTaxableBasis,,0,0.019,Tax,Local Sales and Use Tax,Taxable,0,0
,,,,2024-05-07+08:29:30,2024-05-07+00:00,Amazon.com,,AFN,,,SHIPMENT,MarketplaceFacilitator,Amazon,,1,USD,,,,0.11,FALSE,0.11,,,,,GA,,,110730000,ATLANTA,GA,US,,111210080,111210080,ShipTo,County,FULTON,,,Y,0,0,-0.11,PromotionIdAndCouponCode,0,,Self Funded,ReductionInTaxableBasis,,0,0.02,Tax,Local Sales and Use Tax,Taxable,0,0
,,,,2024-05-07+08:29:30,2024-05-07+00:00,Amazon.com,,AFN,,,SHIPMENT,MarketplaceFacilitator,Amazon,,1,USD,,,,0.11,FALSE,0.11,,,,,GA,,,110730000,ATLANTA,GA,US,,111210080,111210080,ShipTo,District,METROPOLITAN ATLANTA RAPID TRANSIT AUTHORITY,,,Y,0,0,-0.11,PromotionIdAndCouponCode,0,,Self Funded,ReductionInTaxableBasis,,0,0.01,Tax,Local Sales and Use Tax,Taxable,0,0
,,,,2024-05-05+18:13:42,2024-05-07+00:00,Amazon.com,,AFN,,,SHIPMENT,MarketplaceFacilitator,Amazon,,1,USD,,,,13.48,FALSE,13.48,0,1.08,,,NY,,,330550000,LA FARGEVILLE,NY,US,,330450000,330450000,ShipTo,State,NY,,,,,,,,,,,,,0.54,0.04,Tax,Sales and Compensating Use Tax,Taxable,0,13.48
,,,,2024-05-05+18:13:42,2024-05-07+00:00,Amazon.com,,AFN,,,SHIPMENT,MarketplaceFacilitator,Amazon,,1,USD,,,,13.48,FALSE,13.48,,,,,NY,,,330550000,LA FARGEVILLE,NY,US,,330450000,330450000,ShipTo,City,NOT APPLICABLE,,,,,,,,,,,,,0,0,Tax,,ZeroRated,13.48,0
,,,,2024-05-05+18:13:42,2024-05-07+00:00,Amazon.com,,AFN,,,SHIPMENT,MarketplaceFacilitator,Amazon,,1,USD,,,,13.48,FALSE,13.48,,,,,NY,,,330550000,LA FARGEVILLE,NY,US,,330450000,330450000,ShipTo,County,JEFFERSON,,,,,,,,,,,,,0.54,0.04,Tax,Local Sales and Use Tax,Taxable,0,13.48
,,,,2024-05-05+18:13:42,2024-05-07+00:00,Amazon.com,,AFN,,,SHIPMENT,MarketplaceFacilitator,Amazon,,1,USD,,,,13.48,FALSE,13.48,,,,,NY,,,330550000,LA FARGEVILLE,NY,US,,330450000,330450000,ShipTo,District,NOT APPLICABLE,,,,,,,,,,,,,0,0,Tax,,ZeroRated,13.48,0
,,,,2024-05-07+03:23:01,2024-05-07+00:00,Amazon.com,,AFN,,,SHIPMENT,MarketplaceFacilitator,Amazon,,1,USD,,,,15.99,FALSE,15.99,0,1.52,,,CA,,,470590000,CERRITOS,CA,US,,050376430,050376430,ShipTo,State,CA,,,,,,,,,,,,,0.96,0.06,Tax,Sales and Use Tax,Taxable,0,15.99
,,,,2024-05-07+03:23:01,2024-05-07+00:00,Amazon.com,,AFN,,,SHIPMENT,MarketplaceFacilitator,Amazon,,1,USD,,,,15.99,FALSE,15.99,,,,,CA,,,470590000,CERRITOS,CA,US,,050376430,050376430,ShipTo,City,NOT APPLICABLE,,,,,,,,,,,,,0,0,Tax,,ZeroRated,15.99,0
,,,,2024-05-07+03:23:01,2024-05-07+00:00,Amazon.com,,AFN,,,SHIPMENT,MarketplaceFacilitator,Amazon,,1,USD,,,,15.99,FALSE,15.99,,,,,CA,,,470590000,CERRITOS,CA,US,,050376430,050376430,ShipTo,County,LOS ANGELES,,,,,,,,,,,,,0.2,0.0125,Tax,Local Sales and Use Tax,Taxable,0,15.99
,,,,2024-05-07+03:23:01,2024-05-07+00:00,Amazon.com,,AFN,,,SHIPMENT,MarketplaceFacilitator,Amazon,,1,USD,,,,15.99,FALSE,15.99,,,,,CA,,,470590000,CERRITOS,CA,US,,050376430,050376430,ShipTo,District,MEASURE H TRANSACTIONS AND USE TAX (LACH),,,,,,,,,,,,,0.04,0.0025,Tax,Local Sales and Use Tax,Taxable,0,15.99
,,,,2024-05-07+03:23:01,2024-05-07+00:00,Amazon.com,,AFN,,,SHIPMENT,MarketplaceFacilitator,Amazon,,1,USD,,,,15.99,FALSE,15.99,,,,,CA,,,470590000,CERRITOS,CA,US,,050376430,050376430,ShipTo,District,METROPOLITAN TRANSIT DISTRICT (LAMT),,,,,,,,,,,,,0.08,0.005,Tax,Local Sales and Use Tax,Taxable,0,15.99
,,,,2024-05-07+03:23:01,2024-05-07+00:00,Amazon.com,,AFN,,,SHIPMENT,MarketplaceFacilitator,Amazon,,1,USD,,,,15.99,FALSE,15.99,,,,,CA,,,470590000,CERRITOS,CA,US,,050376430,050376430,ShipTo,District,TRANSACTIONS AND USE TAX (LAMA),,,,,,,,,,,,,0.08,0.005,Tax,Local Sales and Use Tax,Taxable,0,15.99
,,,,2024-05-07+03:23:01,2024-05-07+00:00,Amazon.com,,AFN,,,SHIPMENT,MarketplaceFacilitator,Amazon,,1,USD,,,,15.99,FALSE,15.99,,,,,CA,,,470590000,CERRITOS,CA,US,,050376430,050376430,ShipTo,District,TRANSIT DISTRICT (LACT),,,,,,,,,,,,,0.08,0.005,Tax,Local Sales and Use Tax,Taxable,0,15.99
,,,,2024-05-07+03:23:01,2024-05-07+00:00,Amazon.com,,AFN,,,SHIPMENT,MarketplaceFacilitator,Amazon,,1,USD,,,,15.99,FALSE,15.99,,,,,CA,,,470590000,CERRITOS,CA,US,,050376430,050376430,ShipTo,District,TRANSPORTATION COMMISSION (LATC),,,,,,,,,,,,,0.08,0.005,Tax,Local Sales and Use Tax,Taxable,0,15.99
,,,,2024-05-07+02:16:46,2024-05-07+00:00,Amazon.com,,AFN,,,SHIPMENT,MarketplaceFacilitator,Amazon,,1,USD,,,,15.99,FALSE,15.99,0,1.28,,,IL,,,140311740,CREST HILL,IL,US,,141970640,141970640,ShipTo,State,IL,,,,,,,,,,,,,1,0.0625,Tax,Retailers'/Service Occupation and Use/Service Use Tax,Taxable,0,15.99
,,,,2024-05-07+02:16:46,2024-05-07+00:00,Amazon.com,,AFN,,,SHIPMENT,MarketplaceFacilitator,Amazon,,1,USD,,,,15.99,FALSE,15.99,,,,,IL,,,140311740,CREST HILL,IL,US,,141970640,141970640,ShipTo,City,CREST HILL,,,,,,,,,,,,,0.16,0.01,Tax,Local Sales Tax,Taxable,0,15.99
,,,,2024-05-07+02:16:46,2024-05-07+00:00,Amazon.com,,AFN,,,SHIPMENT,MarketplaceFacilitator,Amazon,,1,USD,,,,15.99,FALSE,15.99,,,,,IL,,,140311740,CREST HILL,IL,US,,141970640,141970640,ShipTo,County,NOT APPLICABLE,,,,,,,,,,,,,0,0,Tax,,ZeroRated,15.99,0
,,,,2024-05-07+02:16:46,2024-05-07+00:00,Amazon.com,,AFN,,,SHIPMENT,MarketplaceFacilitator,Amazon,,1,USD,,,,15.99,FALSE,15.99,,,,,IL,,,140311740,CREST HILL,IL,US,,141970640,141970640,ShipTo,District,"REGIONAL TRANSPORTATION AUTHORITY (KANE,LAKE,MCHENRY,WILL)",,,,,,,,,,,,,0.12,0.0075,Tax,Local Sales and Use Tax,Taxable,0,15.99
,,,,2024-05-07+16:33:37,2024-05-07+00:00,Amazon.com,,AFN,,,SHIPMENT,MarketplaceFacilitator,Amazon,,1,USD,,,,15.99,FALSE,15.99,0,1.32,,,TX,,,444535425,BURLESON,TX,US,,442513055,442513055,ShipTo,State,TX,,,,,,,,,,,,,1,0.0625,Tax,Sales and Use Tax,Taxable,0,15.99
,,,,2024-05-07+16:33:37,2024-05-07+00:00,Amazon.com,,AFN,,,SHIPMENT,MarketplaceFacilitator,Amazon,,1,USD,,,,15.99,FALSE,15.99,,,,,TX,,,444535425,BURLESON,TX,US,,442513055,442513055,ShipTo,City,BURLESON,,,,,,,,,,,,,0.32,0.02,Tax,Local Sales and Use Tax,Taxable,0,15.99
,,,,2024-05-07+16:33:37,2024-05-07+00:00,Amazon.com,,AFN,,,SHIPMENT,MarketplaceFacilitator,Amazon,,1,USD,,,,15.99,FALSE,15.99,,,,,TX,,,444535425,BURLESON,TX,US,,442513055,442513055,ShipTo,County,NOT APPLICABLE,,,,,,,,,,,,,0,0,Tax,,ZeroRated,15.99,0
,,,,2024-05-07+16:33:37,2024-05-07+00:00,Amazon.com,,AFN,,,SHIPMENT,MarketplaceFacilitator,Amazon,,1,USD,,,,15.99,FALSE,15.99,,,,,TX,,,444535425,BURLESON,TX,US,,442513055,442513055,ShipTo,District,NOT APPLICABLE,,,,,,,,,,,,,0,0,Tax,,ZeroRated,15.99,0
,,,,2024-05-07+08:48:42,2024-05-08+00:00,Amazon.com,,AFN,,,SHIPMENT,MarketplaceFacilitator,Amazon,,1,USD,,,,13.48,FALSE,13.48,0,1.08,,,GA,,,470590000,BIRMINGHAM,AL,US,,011175545,011175545,ShipTo,State,AL,,,,,,,,,,,,,1.08,0.08,Tax,Sales and Use Tax,Taxable,0,13.48
,,,,2024-05-07+08:48:42,2024-05-08+00:00,Amazon.com,,AFN,,,SHIPMENT,MarketplaceFacilitator,Amazon,,1,USD,,,,13.48,FALSE,13.48,,,,,GA,,,470590000,BIRMINGHAM,AL,US,,011175545,011175545,ShipTo,City,NOT APPLICABLE,,,,,,,,,,,,,0,0,Tax,,ZeroRated,13.48,0
,,,,2024-05-07+08:48:42,2024-05-08+00:00,Amazon.com,,AFN,,,SHIPMENT,MarketplaceFacilitator,Amazon,,1,USD,,,,13.48,FALSE,13.48,,,,,GA,,,470590000,BIRMINGHAM,AL,US,,011175545,011175545,ShipTo,County,NOT APPLICABLE,,,,,,,,,,,,,0,0,Tax,,ZeroRated,13.48,0
,,,,2024-05-07+08:48:42,2024-05-08+00:00,Amazon.com,,AFN,,,SHIPMENT,MarketplaceFacilitator,Amazon,,1,USD,,,,13.48,FALSE,13.48,,,,,GA,,,470590000,BIRMINGHAM,AL,US,,011175545,011175545,ShipTo,District,NOT APPLICABLE,,,,,,,,,,,,,0,0,Tax,,ZeroRated,13.48,0
,,,,2024-05-07+18:43:41,2024-05-08+00:00,Amazon.com,,AFN,,,SHIPMENT,MarketplaceFacilitator,Amazon,,1,USD,,,,15.99,FALSE,15.99,0,0.96,,,NY,,,330550000,LAKE ORION,MI,US,,231250000,231250000,ShipTo,State,MI,,,,,,,,,,,,,0.96,0.06,Tax,Sales and Use Tax,Taxable,0,15.99
,,,,2024-05-07+18:43:41,2024-05-08+00:00,Amazon.com,,AFN,,,SHIPMENT,MarketplaceFacilitator,Amazon,,1,USD,,,,15.99,FALSE,15.99,,,,,NY,,,330550000,LAKE ORION,MI,US,,231250000,231250000,ShipTo,City,NOT APPLICABLE,,,,,,,,,,,,,0,0,Tax,,ZeroRated,15.99,0
,,,,2024-05-07+18:43:41,2024-05-08+00:00,Amazon.com,,AFN,,,SHIPMENT,MarketplaceFacilitator,Amazon,,1,USD,,,,15.99,FALSE,15.99,,,,,NY,,,330550000,LAKE ORION,MI,US,,231250000,231250000,ShipTo,County,NOT APPLICABLE,,,,,,,,,,,,,0,0,Tax,,ZeroRated,15.99,0
,,,,2024-05-07+18:43:41,2024-05-08+00:00,Amazon.com,,AFN,,,SHIPMENT,MarketplaceFacilitator,Amazon,,1,USD,,,,15.99,FALSE,15.99,,,,,NY,,,330550000,LAKE ORION,MI,US,,231250000,231250000,ShipTo,District,NOT APPLICABLE,,,,,,,,,,,,,0,0,Tax,,ZeroRated,15.99,0
,,,,2024-05-08+05:47:36,2024-05-08+00:00,Amazon.com,,AFN,,,SHIPMENT,MarketplaceFacilitator,Amazon,,1,USD,,,,15.99,FALSE,15.99,0,1.02,,,NJ,,,310215431,COLCHESTER,CT,US,,070110000,070110000,ShipTo,State,CT,,,,,,,,,,,,,1.02,0.0635,Tax,Sales and Use Tax,Taxable,0,15.99
,,,,2024-05-08+05:47:36,2024-05-08+00:00,Amazon.com,,AFN,,,SHIPMENT,MarketplaceFacilitator,Amazon,,1,USD,,,,15.99,FALSE,15.99,,,,,NJ,,,310215431,COLCHESTER,CT,US,,070110000,070110000,ShipTo,City,NOT APPLICABLE,,,,,,,,,,,,,0,0,Tax,,ZeroRated,15.99,0
,,,,2024-05-08+05:47:36,2024-05-08+00:00,Amazon.com,,AFN,,,SHIPMENT,MarketplaceFacilitator,Amazon,,1,USD,,,,15.99,FALSE,15.99,,,,,NJ,,,310215431,COLCHESTER,CT,US,,070110000,070110000,ShipTo,County,NOT APPLICABLE,,,,,,,,,,,,,0,0,Tax,,ZeroRated,15.99,0
,,,,2024-05-08+05:47:36,2024-05-08+00:00,Amazon.com,,AFN,,,SHIPMENT,MarketplaceFacilitator,Amazon,,1,USD,,,,15.99,FALSE,15.99,,,,,NJ,,,310215431,COLCHESTER,CT,US,,070110000,070110000,ShipTo,District,NOT APPLICABLE,,,,,,,,,,,,,0,0,Tax,,ZeroRated,15.99,0
,,,,2024-05-08+03:35:20,2024-05-08+00:00,Amazon.com,,AFN,,,SHIPMENT,MarketplaceFacilitator,Amazon,,1,USD,,,,15.99,FALSE,15.99,0,0.96,,,OH,,,360350780,MUNISING,MI,US,,230031260,230031260,ShipTo,State,MI,,,,,,,,,,,,,0.96,0.06,Tax,Sales and Use Tax,Taxable,0,15.99
,,,,2024-05-08+03:35:20,2024-05-08+00:00,Amazon.com,,AFN,,,SHIPMENT,MarketplaceFacilitator,Amazon,,1,USD,,,,15.99,FALSE,15.99,,,,,OH,,,360350780,MUNISING,MI,US,,230031260,230031260,ShipTo,City,NOT APPLICABLE,,,,,,,,,,,,,0,0,Tax,,ZeroRated,15.99,0
,,,,2024-05-08+03:35:20,2024-05-08+00:00,Amazon.com,,AFN,,,SHIPMENT,MarketplaceFacilitator,Amazon,,1,USD,,,,15.99,FALSE,15.99,,,,,OH,,,360350780,MUNISING,MI,US,,230031260,230031260,ShipTo,County,NOT APPLICABLE,,,,,,,,,,,,,0,0,Tax,,ZeroRated,15.99,0
,,,,2024-05-08+03:35:20,2024-05-08+00:00,Amazon.com,,AFN,,,SHIPMENT,MarketplaceFacilitator,Amazon,,1,USD,,,,15.99,FALSE,15.99,,,,,OH,,,360350780,MUNISING,MI,US,,230031260,230031260,ShipTo,District,NOT APPLICABLE,,,,,,,,,,,,,0,0,Tax,,ZeroRated,15.99,0
,,,,2024-05-07+21:35:37,2024-05-08+00:00,Amazon.com,,AFN,,,SHIPMENT,MarketplaceFacilitator,Amazon,,1,USD,,,,15.99,FALSE,15.99,0,1.32,,,TX,,,442092620,COLLEGE STATION,TX,US,,440413710,440413710,ShipTo,State,TX,,,,,,,,,,,,,1,0.0625,Tax,Sales and Use Tax,Taxable,0,15.99
,,,,2024-05-07+21:35:37,2024-05-08+00:00,Amazon.com,,AFN,,,SHIPMENT,MarketplaceFacilitator,Amazon,,1,USD,,,,15.99,FALSE,15.99,,,,,TX,,,442092620,COLLEGE STATION,TX,US,,440413710,440413710,ShipTo,City,COLLEGE STATION,,,,,,,,,,,,,0.24,0.015,Tax,Local Sales and Use Tax,Taxable,0,15.99
,,,,2024-05-07+21:35:37,2024-05-08+00:00,Amazon.com,,AFN,,,SHIPMENT,MarketplaceFacilitator,Amazon,,1,USD,,,,15.99,FALSE,15.99,,,,,TX,,,442092620,COLLEGE STATION,TX,US,,440413710,440413710,ShipTo,County,BRAZOS,,,,,,,,,,,,,0.08,0.005,Tax,Local Sales and Use Tax,Taxable,0,15.99
,,,,2024-05-07+21:35:37,2024-05-08+00:00,Amazon.com,,AFN,,,SHIPMENT,MarketplaceFacilitator,Amazon,,1,USD,,,,15.99,FALSE,15.99,,,,,TX,,,442092620,COLLEGE STATION,TX,US,,440413710,440413710,ShipTo,District,NOT APPLICABLE,,,,,,,,,,,,,0,0,Tax,,ZeroRated,15.99,0
,,,,2024-05-07+21:03:38,2024-05-08+00:00,Amazon.com,,AFN,,,SHIPMENT,MarketplaceFacilitator,Amazon,,1,USD,,,,15.99,FALSE,15.99,0,1.26,,,TX,,,444535425,MOORHEAD,MN,US,,240270680,240270680,ShipTo,State,MN,,,,,,,,,,,,,1.1,0.06875,Tax,General Sales and Use Tax,Taxable,0,15.99
,,,,2024-05-07+21:03:38,2024-05-08+00:00,Amazon.com,,AFN,,,SHIPMENT,MarketplaceFacilitator,Amazon,,1,USD,,,,15.99,FALSE,15.99,,,,,TX,,,444535425,MOORHEAD,MN,US,,240270680,240270680,ShipTo,City,MOORHEAD,,,,,,,,,,,,,0.08,0.005,Tax,Local Sales and Use Tax,Taxable,0,15.99
,,,,2024-05-07+21:03:38,2024-05-08+00:00,Amazon.com,,AFN,,,SHIPMENT,MarketplaceFacilitator,Amazon,,1,USD,,,,15.99,FALSE,15.99,,,,,TX,,,444535425,MOORHEAD,MN,US,,240270680,240270680,ShipTo,County,CLAY,,,,,,,,,,,,,0.08,0.005,Tax,Local Sales and Use Tax,Taxable,0,15.99
,,,,2024-05-07+21:03:38,2024-05-08+00:00,Amazon.com,,AFN,,,SHIPMENT,MarketplaceFacilitator,Amazon,,1,USD,,,,15.99,FALSE,15.99,,,,,TX,,,444535425,MOORHEAD,MN,US,,240270680,240270680,ShipTo,District,NOT APPLICABLE,,,,,,,,,,,,,0,0,Tax,,ZeroRated,15.99,0
,,,,2024-05-08+07:45:46,2024-05-08+00:00,Amazon.com,,AFN,,,SHIPMENT,MarketplaceFacilitator,Amazon,,1,USD,,,,15.99,FALSE,15.99,0,1.28,,,NC,,,341190170,BLYTHEWOOD,SC,US,,410790000,410790000,ShipTo,State,SC,,,Y,0,0,-1.28,PromotionIdAndCouponCode,0,,Amazon Funded Discount US,NoReductionInTaxabaleBasis,,0.96,0.06,Tax,Sales and Use Tax,Taxable,0,15.99
,,,,2024-05-08+07:45:46,2024-05-08+00:00,Amazon.com,,AFN,,,SHIPMENT,MarketplaceFacilitator,Amazon,,1,USD,,,,15.99,FALSE,15.99,,,,,NC,,,341190170,BLYTHEWOOD,SC,US,,410790000,410790000,ShipTo,City,NOT APPLICABLE,,,Y,0,0,-1.28,PromotionIdAndCouponCode,0,,Amazon Funded Discount US,NoReductionInTaxabaleBasis,,0,0,Tax,,ZeroRated,15.99,0
,,,,2024-05-08+07:45:46,2024-05-08+00:00,Amazon.com,,AFN,,,SHIPMENT,MarketplaceFacilitator,Amazon,,1,USD,,,,15.99,FALSE,15.99,,,,,NC,,,341190170,BLYTHEWOOD,SC,US,,410790000,410790000,ShipTo,County,RICHLAND,,,Y,0,0,-1.28,PromotionIdAndCouponCode,0,,Amazon Funded Discount US,NoReductionInTaxabaleBasis,,0.32,0.02,Tax,Local Sales and Use Tax,Taxable,0,15.99
,,,,2024-05-08+07:45:46,2024-05-08+00:00,Amazon.com,,AFN,,,SHIPMENT,MarketplaceFacilitator,Amazon,,1,USD,,,,15.99,FALSE,15.99,,,,,NC,,,341190170,BLYTHEWOOD,SC,US,,410790000,410790000,ShipTo,District,NOT APPLICABLE,,,Y,0,0,-1.28,PromotionIdAndCouponCode,0,,Amazon Funded Discount US,NoReductionInTaxabaleBasis,,0,0,Tax,,ZeroRated,15.99,0
,,,,2024-05-08+07:45:46,2024-05-08+00:00,Amazon.com,,AFN,,,SHIPMENT,MarketplaceFacilitator,Amazon,,1,USD,,,,15.99,FALSE,15.99,0,1.28,,,NC,,,341190170,BLYTHEWOOD,SC,US,,410790000,410790000,ShipTo,State,SC,,,Y,0,0,-1.28,PromotionIdAndCouponCode,0,,Amazon Funded Discount US,NoReductionInTaxabaleBasis,,0.96,0.06,Tax,Sales and Use Tax,Taxable,0,15.99
,,,,2024-05-08+07:45:46,2024-05-08+00:00,Amazon.com,,AFN,,,SHIPMENT,MarketplaceFacilitator,Amazon,,1,USD,,,,15.99,FALSE,15.99,,,,,NC,,,341190170,BLYTHEWOOD,SC,US,,410790000,410790000,ShipTo,City,NOT APPLICABLE,,,Y,0,0,-1.28,PromotionIdAndCouponCode,0,,Amazon Funded Discount US,NoReductionInTaxabaleBasis,,0,0,Tax,,ZeroRated,15.99,0
,,,,2024-05-08+07:45:46,2024-05-08+00:00,Amazon.com,,AFN,,,SHIPMENT,MarketplaceFacilitator,Amazon,,1,USD,,,,15.99,FALSE,15.99,,,,,NC,,,341190170,BLYTHEWOOD,SC,US,,410790000,410790000,ShipTo,County,RICHLAND,,,Y,0,0,-1.28,PromotionIdAndCouponCode,0,,Amazon Funded Discount US,NoReductionInTaxabaleBasis,,0.32,0.02,Tax,Local Sales and Use Tax,Taxable,0,15.99
,,,,2024-05-08+07:45:46,2024-05-08+00:00,Amazon.com,,AFN,,,SHIPMENT,MarketplaceFacilitator,Amazon,,1,USD,,,,15.99,FALSE,15.99,,,,,NC,,,341190170,BLYTHEWOOD,SC,US,,410790000,410790000,ShipTo,District,NOT APPLICABLE,,,Y,0,0,-1.28,PromotionIdAndCouponCode,0,,Amazon Funded Discount US,NoReductionInTaxabaleBasis,,0,0,Tax,,ZeroRated,15.99,0
,,,,2024-05-08+02:13:48,2024-05-08+00:00,Amazon.com,,AFN,,,SHIPMENT,MarketplaceFacilitator,Amazon,,1,USD,,,,14.99,FALSE,14.99,0,1.33,,,NY,,,330550000,NEW YORK,NY,US,,330612010,330612010,ShipTo,State,NY,,,,,,,,,,,,,0.6,0.04,Tax,Sales and Compensating Use Tax,Taxable,0,14.99
,,,,2024-05-08+02:13:48,2024-05-08+00:00,Amazon.com,,AFN,,,SHIPMENT,MarketplaceFacilitator,Amazon,,1,USD,,,,14.99,FALSE,14.99,,,,,NY,,,330550000,NEW YORK,NY,US,,330612010,330612010,ShipTo,City,NEW YORK,,,,,,,,,,,,,0.67,0.045,Tax,Local Sales and Use Tax,Taxable,0,14.99
,,,,2024-05-08+02:13:48,2024-05-08+00:00,Amazon.com,,AFN,,,SHIPMENT,MarketplaceFacilitator,Amazon,,1,USD,,,,14.99,FALSE,14.99,,,,,NY,,,330550000,NEW YORK,NY,US,,330612010,330612010,ShipTo,County,NOT APPLICABLE,,,,,,,,,,,,,0,0,Tax,,ZeroRated,14.99,0
,,,,2024-05-08+02:13:48,2024-05-08+00:00,Amazon.com,,AFN,,,SHIPMENT,MarketplaceFacilitator,Amazon,,1,USD,,,,14.99,FALSE,14.99,,,,,NY,,,330550000,NEW YORK,NY,US,,330612010,330612010,ShipTo,District,METROPOLITAN COMMUTER TRANSPORTATION DISTRICT,,,,,,,,,,,,,0.06,0.00375,Tax,Metropolitan Commuter Transportation District,Taxable,0,14.99
,,,,2024-05-08+16:39:46,2024-05-08+00:00,Amazon.com,,AFN,,,SHIPMENT,MarketplaceFacilitator,Amazon,,1,USD,,,,15.99,FALSE,15.99,0,1.16,,,NC,,,341190170,CHARLOTTE,NC,US,,341190170,341190170,ShipTo,State,NC,,,,,,,,,,,,,0.76,0.0475,Tax,Sales and Use Tax,Taxable,0,15.99
,,,,2024-05-08+16:39:46,2024-05-08+00:00,Amazon.com,,AFN,,,SHIPMENT,MarketplaceFacilitator,Amazon,,1,USD,,,,15.99,FALSE,15.99,,,,,NC,,,341190170,CHARLOTTE,NC,US,,341190170,341190170,ShipTo,City,NOT APPLICABLE,,,,,,,,,,,,,0,0,Tax,,ZeroRated,15.99,0
,,,,2024-05-08+16:39:46,2024-05-08+00:00,Amazon.com,,AFN,,,SHIPMENT,MarketplaceFacilitator,Amazon,,1,USD,,,,15.99,FALSE,15.99,,,,,NC,,,341190170,CHARLOTTE,NC,US,,341190170,341190170,ShipTo,County,MECKLENBURG,,,,,,,,,,,,,0.32,0.02,Tax,Local Sales and Use Tax,Taxable,0,15.99
,,,,2024-05-08+16:39:46,2024-05-08+00:00,Amazon.com,,AFN,,,SHIPMENT,MarketplaceFacilitator,Amazon,,1,USD,,,,15.99,FALSE,15.99,,,,,NC,,,341190170,CHARLOTTE,NC,US,,341190170,341190170,ShipTo,District,PUBLIC TRANSPORTATION AUTHORITY,,,,,,,,,,,,,0.08,0.005,Tax,Local Sales and Use Tax,Taxable,0,15.99
,,,,2024-05-08+17:32:08,2024-05-08+00:00,Amazon.com,,AFN,,,SHIPMENT,MarketplaceFacilitator,Amazon,,1,USD,,,,16.99,FALSE,16.99,0,1.51,,,NY,,,330550000,JAMAICA,NY,US,,330812010,330812010,ShipTo,State,NY,,,,,,,,,,,,,0.68,0.04,Tax,Sales and Compensating Use Tax,Taxable,0,16.99
,,,,2024-05-08+17:32:08,2024-05-08+00:00,Amazon.com,,AFN,,,SHIPMENT,MarketplaceFacilitator,Amazon,,1,USD,,,,16.99,FALSE,16.99,,,,,NY,,,330550000,JAMAICA,NY,US,,330812010,330812010,ShipTo,City,NEW YORK,,,,,,,,,,,,,0.77,0.045,Tax,Local Sales and Use Tax,Taxable,0,16.99
,,,,2024-05-08+17:32:08,2024-05-08+00:00,Amazon.com,,AFN,,,SHIPMENT,MarketplaceFacilitator,Amazon,,1,USD,,,,16.99,FALSE,16.99,,,,,NY,,,330550000,JAMAICA,NY,US,,330812010,330812010,ShipTo,County,NOT APPLICABLE,,,,,,,,,,,,,0,0,Tax,,ZeroRated,16.99,0
,,,,2024-05-08+17:32:08,2024-05-08+00:00,Amazon.com,,AFN,,,SHIPMENT,MarketplaceFacilitator,Amazon,,1,USD,,,,16.99,FALSE,16.99,,,,,NY,,,330550000,JAMAICA,NY,US,,330812010,330812010,ShipTo,District,METROPOLITAN COMMUTER TRANSPORTATION DISTRICT,,,,,,,,,,,,,0.06,0.00375,Tax,Metropolitan Commuter Transportation District,Taxable,0,16.99
,,,,2024-05-08+18:04:09,2024-05-09+00:00,Amazon.com,,AFN,,,SHIPMENT,MarketplaceFacilitator,Amazon,,1,USD,,,,15.99,FALSE,15.99,0,1.12,,,FL,,,100570000,MELBOURNE,FL,US,,100090890,100090890,ShipTo,State,FL,,,,,,,,,,,,,0.96,0.06,Tax,Sales and Use Tax,Taxable,0,15.99
,,,,2024-05-08+18:04:09,2024-05-09+00:00,Amazon.com,,AFN,,,SHIPMENT,MarketplaceFacilitator,Amazon,,1,USD,,,,15.99,FALSE,15.99,,,,,FL,,,100570000,MELBOURNE,FL,US,,100090890,100090890,ShipTo,City,NOT APPLICABLE,,,,,,,,,,,,,0,0,Tax,,ZeroRated,15.99,0
,,,,2024-05-08+18:04:09,2024-05-09+00:00,Amazon.com,,AFN,,,SHIPMENT,MarketplaceFacilitator,Amazon,,1,USD,,,,15.99,FALSE,15.99,,,,,FL,,,100570000,MELBOURNE,FL,US,,100090890,100090890,ShipTo,County,BREVARD,,,,,,,,,,,,,0.16,0.01,Tax,Local Sales and Use Tax (Discretionary Sales Surtax),Taxable,0,15.99
,,,,2024-05-08+18:04:09,2024-05-09+00:00,Amazon.com,,AFN,,,SHIPMENT,MarketplaceFacilitator,Amazon,,1,USD,,,,15.99,FALSE,15.99,,,,,FL,,,100570000,MELBOURNE,FL,US,,100090890,100090890,ShipTo,District,NOT APPLICABLE,,,,,,,,,,,,,0,0,Tax,,ZeroRated,15.99,0
,,,,2024-05-08+19:34:15,2024-05-09+00:00,Amazon.com,,AFN,,,SHIPMENT,MarketplaceFacilitator,Amazon,,1,USD,,,,15.99,FALSE,15.99,0,0.96,,,OH,,,360974726,PITTSBURGH,PA,US,,390030000,390030000,ShipTo,State,PA,,,,,,,,,,,,,0.96,0.06,Tax,Sales and Use Tax,Taxable,0,15.99
,,,,2024-05-08+19:34:15,2024-05-09+00:00,Amazon.com,,AFN,,,SHIPMENT,MarketplaceFacilitator,Amazon,,1,USD,,,,15.99,FALSE,15.99,,,,,OH,,,360974726,PITTSBURGH,PA,US,,390030000,390030000,ShipTo,City,NOT APPLICABLE,,,,,,,,,,,,,0,0,Tax,,ZeroRated,15.99,0
,,,,2024-05-08+19:34:15,2024-05-09+00:00,Amazon.com,,AFN,,,SHIPMENT,MarketplaceFacilitator,Amazon,,1,USD,,,,15.99,FALSE,15.99,,,,,OH,,,360974726,PITTSBURGH,PA,US,,390030000,390030000,ShipTo,County,NOT APPLICABLE,,,,,,,,,,,,,0,0,Tax,,ZeroRated,15.99,0
,,,,2024-05-08+19:34:15,2024-05-09+00:00,Amazon.com,,AFN,,,SHIPMENT,MarketplaceFacilitator,Amazon,,1,USD,,,,15.99,FALSE,15.99,,,,,OH,,,360974726,PITTSBURGH,PA,US,,390030000,390030000,ShipTo,District,NOT APPLICABLE,,,,,,,,,,,,,0,0,Tax,,ZeroRated,15.99,0
,,,,2024-05-08+20:55:24,2024-05-09+00:00,Amazon.com,,AFN,,,SHIPMENT,MarketplaceFacilitator,Amazon,,1,USD,,,,16.99,FALSE,16.99,0,1.32,,,WA,,,480330320,SAN DIEGO,CA,US,,050733020,050733020,ShipTo,State,CA,,,,,,,,,,,,,1.02,0.06,Tax,Sales and Use Tax,Taxable,0,16.99
,,,,2024-05-08+20:55:24,2024-05-09+00:00,Amazon.com,,AFN,,,SHIPMENT,MarketplaceFacilitator,Amazon,,1,USD,,,,16.99,FALSE,16.99,,,,,WA,,,480330320,SAN DIEGO,CA,US,,050733020,050733020,ShipTo,City,NOT APPLICABLE,,,,,,,,,,,,,0,0,Tax,,ZeroRated,16.99,0
,,,,2024-05-08+20:55:24,2024-05-09+00:00,Amazon.com,,AFN,,,SHIPMENT,MarketplaceFacilitator,Amazon,,1,USD,,,,16.99,FALSE,16.99,,,,,WA,,,480330320,SAN DIEGO,CA,US,,050733020,050733020,ShipTo,County,SAN DIEGO,,,,,,,,,,,,,0.21,0.0125,Tax,Local Sales and Use Tax,Taxable,0,16.99
,,,,2024-05-08+20:55:24,2024-05-09+00:00,Amazon.com,,AFN,,,SHIPMENT,MarketplaceFacilitator,Amazon,,1,USD,,,,16.99,FALSE,16.99,,,,,WA,,,480330320,SAN DIEGO,CA,US,,050733020,050733020,ShipTo,District,REGIONAL TRANSPORTATION COMMISSION (SDCT),,,,,,,,,,,,,0.09,0.005,Tax,Local Sales and Use Tax,Taxable,0,16.99
,,,,2024-05-09+00:29:38,2024-05-09+00:00,Amazon.com,,AFN,,,SHIPMENT,MarketplaceFacilitator,Amazon,,1,USD,,,,16.99,FALSE,16.99,0,1,,,GA,,,110511914,GLENDALE,WI,US,,500790340,500790340,ShipTo,State,WI,,,,,,,,,,,,,0.85,0.05,Tax,General Sales and Use Tax,Taxable,0,16.99
,,,,2024-05-09+00:29:38,2024-05-09+00:00,Amazon.com,,AFN,,,SHIPMENT,MarketplaceFacilitator,Amazon,,1,USD,,,,16.99,FALSE,16.99,,,,,GA,,,110511914,GLENDALE,WI,US,,500790340,500790340,ShipTo,City,NOT APPLICABLE,,,,,,,,,,,,,0,0,Tax,,ZeroRated,16.99,0
,,,,2024-05-09+00:29:38,2024-05-09+00:00,Amazon.com,,AFN,,,SHIPMENT,MarketplaceFacilitator,Amazon,,1,USD,,,,16.99,FALSE,16.99,,,,,GA,,,110511914,GLENDALE,WI,US,,500790340,500790340,ShipTo,County,MILWAUKEE,,,,,,,,,,,,,0.15,0.009,Tax,Local Sales and Use Tax,Taxable,0,16.99
,,,,2024-05-09+00:29:38,2024-05-09+00:00,Amazon.com,,AFN,,,SHIPMENT,MarketplaceFacilitator,Amazon,,1,USD,,,,16.99,FALSE,16.99,,,,,GA,,,110511914,GLENDALE,WI,US,,500790340,500790340,ShipTo,District,NOT APPLICABLE,,,,,,,,,,,,,0,0,Tax,,ZeroRated,16.99,0
,,,,2024-05-08+16:51:54,2024-05-09+00:00,Amazon.com,,AFN,,,SHIPMENT,MarketplaceFacilitator,Amazon,,1,USD,,,,15.99,FALSE,15.99,0,0.96,,,NC,,,341830000,PHILADELPHIA,PA,US,,391013000,391013000,ShipTo,State,PA,,,,,,,,,,,,,0.96,0.06,Tax,Sales and Use Tax,Taxable,0,15.99
,,,,2024-05-08+16:51:54,2024-05-09+00:00,Amazon.com,,AFN,,,SHIPMENT,MarketplaceFacilitator,Amazon,,1,USD,,,,15.99,FALSE,15.99,,,,,NC,,,341830000,PHILADELPHIA,PA,US,,391013000,391013000,ShipTo,City,NOT APPLICABLE,,,,,,,,,,,,,0,0,Tax,,ZeroRated,15.99,0
,,,,2024-05-08+16:51:54,2024-05-09+00:00,Amazon.com,,AFN,,,SHIPMENT,MarketplaceFacilitator,Amazon,,1,USD,,,,15.99,FALSE,15.99,,,,,NC,,,341830000,PHILADELPHIA,PA,US,,391013000,391013000,ShipTo,County,NOT APPLICABLE,,,,,,,,,,,,,0,0,Tax,,ZeroRated,15.99,0
,,,,2024-05-08+16:51:54,2024-05-09+00:00,Amazon.com,,AFN,,,SHIPMENT,MarketplaceFacilitator,Amazon,,1,USD,,,,15.99,FALSE,15.99,,,,,NC,,,341830000,PHILADELPHIA,PA,US,,391013000,391013000,ShipTo,District,NOT APPLICABLE,,,,,,,,,,,,,0,0,Tax,,ZeroRated,15.99,0
,,,,2024-03-11+11:54:15,2024-05-09+00:00,Amazon.com,,AFN,,,REFUND,MarketplaceFacilitator,Amazon,,1,USD,,,,15.5,FALSE,-15.5,0,0,,,FL,,,100570000,Apo,AE,US,,330616912,330616912,ShipTo,State,NY,,,,,,,,,,,,,0,0,Tax,,ZeroRated,-15.5,0
,,,,2024-03-11+11:54:15,2024-05-09+00:00,Amazon.com,,AFN,,,REFUND,MarketplaceFacilitator,Amazon,,1,USD,,,,15.5,FALSE,-15.5,,,,,FL,,,100570000,Apo,AE,US,,330616912,330616912,ShipTo,City,APO,,,,,,,,,,,,,0,0,Tax,No Sales or Use Tax Imposed,NonTaxable,-15.5,0
,,,,2024-03-11+11:54:15,2024-05-09+00:00,Amazon.com,,AFN,,,REFUND,MarketplaceFacilitator,Amazon,,1,USD,,,,15.5,FALSE,-15.5,,,,,FL,,,100570000,Apo,AE,US,,330616912,330616912,ShipTo,County,NOT APPLICABLE,,,,,,,,,,,,,0,0,Tax,,ZeroRated,-15.5,0
,,,,2024-03-11+11:54:15,2024-05-09+00:00,Amazon.com,,AFN,,,REFUND,MarketplaceFacilitator,Amazon,,1,USD,,,,15.5,FALSE,-15.5,,,,,FL,,,100570000,Apo,AE,US,,330616912,330616912,ShipTo,District,NOT APPLICABLE,,,,,,,,,,,,,0,0,Tax,,ZeroRated,-15.5,0
,,,,2024-05-09+07:43:37,2024-05-09+00:00,Amazon.com,,AFN,,,SHIPMENT,MarketplaceFacilitator,Amazon,,1,USD,,,,16.99,FALSE,16.99,0,1.61,,,TX,,,444535425,COTATI,CA,US,,050976680,050976680,ShipTo,State,CA,,,,,,,,,,,,,1.03,0.06,Tax,Sales and Use Tax,Taxable,0,16.99
,,,,2024-05-09+07:43:37,2024-05-09+00:00,Amazon.com,,AFN,,,SHIPMENT,MarketplaceFacilitator,Amazon,,1,USD,,,,16.99,FALSE,16.99,,,,,TX,,,444535425,COTATI,CA,US,,050976680,050976680,ShipTo,City,NOT APPLICABLE,,,,,,,,,,,,,0,0,Tax,,ZeroRated,16.99,0
,,,,2024-05-09+07:43:37,2024-05-09+00:00,Amazon.com,,AFN,,,SHIPMENT,MarketplaceFacilitator,Amazon,,1,USD,,,,16.99,FALSE,16.99,,,,,TX,,,444535425,COTATI,CA,US,,050976680,050976680,ShipTo,County,SONOMA,,,,,,,,,,,,,0.21,0.0125,Tax,Local Sales and Use Tax,Taxable,0,16.99
,,,,2024-05-09+07:43:37,2024-05-09+00:00,Amazon.com,,AFN,,,SHIPMENT,MarketplaceFacilitator,Amazon,,1,USD,,,,16.99,FALSE,16.99,,,,,TX,,,444535425,COTATI,CA,US,,050976680,050976680,ShipTo,District,AGRICULTURAL PRESERVATION & OPEN SPACE DISTRICT (SAPD),,,,,,,,,,,,,0.04,0.0025,Tax,Local Sales and Use Tax,Taxable,0,16.99
,,,,2024-05-09+07:43:37,2024-05-09+00:00,Amazon.com,,AFN,,,SHIPMENT,MarketplaceFacilitator,Amazon,,1,USD,,,,16.99,FALSE,16.99,,,,,TX,,,444535425,COTATI,CA,US,,050976680,050976680,ShipTo,District,TRANSACTIONS AND USE TAX (COTI),,,,,,,,,,,,,0.17,0.01,Tax,Local Sales and Use Tax,Taxable,0,16.99
,,,,2024-05-09+07:43:37,2024-05-09+00:00,Amazon.com,,AFN,,,SHIPMENT,MarketplaceFacilitator,Amazon,,1,USD,,,,16.99,FALSE,16.99,,,,,TX,,,444535425,COTATI,CA,US,,050976680,050976680,ShipTo,District,TRANSACTIONS AND USE TAX (SCLM),,,,,,,,,,,,,0.02,0.00125,Tax,Local Sales and Use Tax,Taxable,0,16.99
,,,,2024-05-09+07:43:37,2024-05-09+00:00,Amazon.com,,AFN,,,SHIPMENT,MarketplaceFacilitator,Amazon,,1,USD,,,,16.99,FALSE,16.99,,,,,TX,,,444535425,COTATI,CA,US,,050976680,050976680,ShipTo,District,TRANSACTIONS AND USE TAX (SCPS),,,,,,,,,,,,,0.02,0.00125,Tax,Local Sales and Use Tax,Taxable,0,16.99
,,,,2024-05-09+07:43:37,2024-05-09+00:00,Amazon.com,,AFN,,,SHIPMENT,MarketplaceFacilitator,Amazon,,1,USD,,,,16.99,FALSE,16.99,,,,,TX,,,444535425,COTATI,CA,US,,050976680,050976680,ShipTo,District,TRANSACTIONS AND USE TAX (SOMT),,,,,,,,,,,,,0.04,0.0025,Tax,Local Sales and Use Tax,Taxable,0,16.99
,,,,2024-05-09+07:43:37,2024-05-09+00:00,Amazon.com,,AFN,,,SHIPMENT,MarketplaceFacilitator,Amazon,,1,USD,,,,16.99,FALSE,16.99,,,,,TX,,,444535425,COTATI,CA,US,,050976680,050976680,ShipTo,District,TRANSIT DISTRICT (SMRT),,,,,,,,,,,,,0.04,0.0025,Tax,Local Sales and Use Tax,Taxable,0,16.99
,,,,2024-05-09+07:43:37,2024-05-09+00:00,Amazon.com,,AFN,,,SHIPMENT,MarketplaceFacilitator,Amazon,,1,USD,,,,16.99,FALSE,16.99,,,,,TX,,,444535425,COTATI,CA,US,,050976680,050976680,ShipTo,District,TRANSPORTATION TRANSACTIONS AND USE TAX (SNTA),,,,,,,,,,,,,0.04,0.0025,Tax,Local Sales and Use Tax,Taxable,0,16.99
,,,,2024-05-09+01:02:45,2024-05-09+00:00,Amazon.com,,AFN,,,SHIPMENT,MarketplaceFacilitator,Amazon,,1,USD,,,,16.99,FALSE,16.99,0,1.32,,,KS,,,172090440,SAN DIEGO,CA,US,,050733020,050733020,ShipTo,State,CA,,,,,,,,,,,,,1.02,0.06,Tax,Sales and Use Tax,Taxable,0,16.99
,,,,2024-05-09+01:02:45,2024-05-09+00:00,Amazon.com,,AFN,,,SHIPMENT,MarketplaceFacilitator,Amazon,,1,USD,,,,16.99,FALSE,16.99,,,,,KS,,,172090440,SAN DIEGO,CA,US,,050733020,050733020,ShipTo,City,NOT APPLICABLE,,,,,,,,,,,,,0,0,Tax,,ZeroRated,16.99,0
,,,,2024-05-09+01:02:45,2024-05-09+00:00,Amazon.com,,AFN,,,SHIPMENT,MarketplaceFacilitator,Amazon,,1,USD,,,,16.99,FALSE,16.99,,,,,KS,,,172090440,SAN DIEGO,CA,US,,050733020,050733020,ShipTo,County,SAN DIEGO,,,,,,,,,,,,,0.21,0.0125,Tax,Local Sales and Use Tax,Taxable,0,16.99
,,,,2024-05-09+01:02:45,2024-05-09+00:00,Amazon.com,,AFN,,,SHIPMENT,MarketplaceFacilitator,Amazon,,1,USD,,,,16.99,FALSE,16.99,,,,,KS,,,172090440,SAN DIEGO,CA,US,,050733020,050733020,ShipTo,District,REGIONAL TRANSPORTATION COMMISSION (SDCT),,,,,,,,,,,,,0.09,0.005,Tax,Local Sales and Use Tax,Taxable,0,16.99
,,,,2024-05-09+12:15:12,2024-05-09+00:00,Amazon.com,,AFN,,,SHIPMENT,MarketplaceFacilitator,Amazon,,1,USD,,,,15.99,FALSE,15.99,0,1.12,,,MO,,,261831880,HOBART,IN,US,,150890630,150890630,ShipTo,State,IN,,,,,,,,,,,,,1.12,0.07,Tax,Gross Retail and Use Tax,Taxable,0,15.99
,,,,2024-05-09+12:15:12,2024-05-09+00:00,Amazon.com,,AFN,,,SHIPMENT,MarketplaceFacilitator,Amazon,,1,USD,,,,15.99,FALSE,15.99,,,,,MO,,,261831880,HOBART,IN,US,,150890630,150890630,ShipTo,City,NOT APPLICABLE,,,,,,,,,,,,,0,0,Tax,,ZeroRated,15.99,0
,,,,2024-05-09+12:15:12,2024-05-09+00:00,Amazon.com,,AFN,,,SHIPMENT,MarketplaceFacilitator,Amazon,,1,USD,,,,15.99,FALSE,15.99,,,,,MO,,,261831880,HOBART,IN,US,,150890630,150890630,ShipTo,County,NOT APPLICABLE,,,,,,,,,,,,,0,0,Tax,,ZeroRated,15.99,0
,,,,2024-05-09+12:15:12,2024-05-09+00:00,Amazon.com,,AFN,,,SHIPMENT,MarketplaceFacilitator,Amazon,,1,USD,,,,15.99,FALSE,15.99,,,,,MO,,,261831880,HOBART,IN,US,,150890630,150890630,ShipTo,District,NOT APPLICABLE,,,,,,,,,,,,,0,0,Tax,,ZeroRated,15.99,0
,,,,2024-05-09+00:33:42,2024-05-09+00:00,Amazon.com,,AFN,,,SHIPMENT,MarketplaceFacilitator,Amazon,,1,USD,,,,15.99,FALSE,15.99,0,1.3,,,TN,,,431570560,WAITE PARK,MN,US,,241451730,241451730,ShipTo,State,MN,,,,,,,,,,,,,1.1,0.06875,Tax,General Sales and Use Tax,Taxable,0,15.99
,,,,2024-05-09+00:33:42,2024-05-09+00:00,Amazon.com,,AFN,,,SHIPMENT,MarketplaceFacilitator,Amazon,,1,USD,,,,15.99,FALSE,15.99,,,,,TN,,,431570560,WAITE PARK,MN,US,,241451730,241451730,ShipTo,City,WAITE PARK,,,,,,,,,,,,,0.08,0.005,Tax,Local Sales and Use Tax,Taxable,0,15.99
,,,,2024-05-09+00:33:42,2024-05-09+00:00,Amazon.com,,AFN,,,SHIPMENT,MarketplaceFacilitator,Amazon,,1,USD,,,,15.99,FALSE,15.99,,,,,TN,,,431570560,WAITE PARK,MN,US,,241451730,241451730,ShipTo,County,NOT APPLICABLE,,,,,,,,,,,,,0,0,Tax,,ZeroRated,15.99,0
,,,,2024-05-09+00:33:42,2024-05-09+00:00,Amazon.com,,AFN,,,SHIPMENT,MarketplaceFacilitator,Amazon,,1,USD,,,,15.99,FALSE,15.99,,,,,TN,,,431570560,WAITE PARK,MN,US,,241451730,241451730,ShipTo,District,ST CLOUD AREA,,,,,,,,,,,,,0.08,0.005,Tax,Local Sales and Use Tax,Taxable,0,15.99
,,,,2024-05-09+00:33:42,2024-05-09+00:00,Amazon.com,,AFN,,,SHIPMENT,MarketplaceFacilitator,Amazon,,1,USD,,,,15.99,FALSE,15.99,,,,,TN,,,431570560,WAITE PARK,MN,US,,241451730,241451730,ShipTo,District,STEARNS COUNTY TRANSIT TAX AREA,,,,,,,,,,,,,0.04,0.0025,Tax,Local Sales and Use Tax,Taxable,0,15.99
,,,,2024-05-09+03:03:45,2024-05-09+00:00,Amazon.com,,AFN,,,SHIPMENT,MarketplaceFacilitator,Amazon,,1,USD,,,,16.99,FALSE,16.99,0,1.02,,,NY,,,330550000,ALLENTOWN,PA,US,,390770040,390770040,ShipTo,State,PA,,,,,,,,,,,,,1.02,0.06,Tax,Sales and Use Tax,Taxable,0,16.99
,,,,2024-05-09+03:03:45,2024-05-09+00:00,Amazon.com,,AFN,,,SHIPMENT,MarketplaceFacilitator,Amazon,,1,USD,,,,16.99,FALSE,16.99,,,,,NY,,,330550000,ALLENTOWN,PA,US,,390770040,390770040,ShipTo,City,NOT APPLICABLE,,,,,,,,,,,,,0,0,Tax,,ZeroRated,16.99,0
,,,,2024-05-09+03:03:45,2024-05-09+00:00,Amazon.com,,AFN,,,SHIPMENT,MarketplaceFacilitator,Amazon,,1,USD,,,,16.99,FALSE,16.99,,,,,NY,,,330550000,ALLENTOWN,PA,US,,390770040,390770040,ShipTo,County,NOT APPLICABLE,,,,,,,,,,,,,0,0,Tax,,ZeroRated,16.99,0
,,,,2024-05-09+03:03:45,2024-05-09+00:00,Amazon.com,,AFN,,,SHIPMENT,MarketplaceFacilitator,Amazon,,1,USD,,,,16.99,FALSE,16.99,,,,,NY,,,330550000,ALLENTOWN,PA,US,,390770040,390770040,ShipTo,District,NOT APPLICABLE,,,,,,,,,,,,,0,0,Tax,,ZeroRated,16.99,0
,,,,2024-05-09+15:13:38,2024-05-09+00:00,Amazon.com,,AFN,,,SHIPMENT,MarketplaceFacilitator,Amazon,,1,USD,,,,16.99,FALSE,16.99,0,1.19,,,TX,,,444535425,SHELL ROCK,IA,US,,160232324,160232324,ShipTo,State,IA,,,,,,,,,,,,,1.02,0.06,Tax,Sales and Use Tax,Taxable,0,16.99
,,,,2024-05-09+15:13:38,2024-05-09+00:00,Amazon.com,,AFN,,,SHIPMENT,MarketplaceFacilitator,Amazon,,1,USD,,,,16.99,FALSE,16.99,,,,,TX,,,444535425,SHELL ROCK,IA,US,,160232324,160232324,ShipTo,City,SHELL ROCK,,,,,,,,,,,,,0.17,0.01,Tax,Local Option Sales and Services Tax,Taxable,0,16.99
,,,,2024-05-09+15:13:38,2024-05-09+00:00,Amazon.com,,AFN,,,SHIPMENT,MarketplaceFacilitator,Amazon,,1,USD,,,,16.99,FALSE,16.99,,,,,TX,,,444535425,SHELL ROCK,IA,US,,160232324,160232324,ShipTo,County,BUTLER,,,,,,,,,,,,,0,0,Tax,Local Option Sales and Services Tax,NonTaxable,16.99,0
,,,,2024-05-09+15:13:38,2024-05-09+00:00,Amazon.com,,AFN,,,SHIPMENT,MarketplaceFacilitator,Amazon,,1,USD,,,,16.99,FALSE,16.99,,,,,TX,,,444535425,SHELL ROCK,IA,US,,160232324,160232324,ShipTo,District,NOT APPLICABLE,,,,,,,,,,,,,0,0,Tax,,ZeroRated,16.99,0
,,,,2024-05-09+11:13:45,2024-05-10+00:00,Amazon.com,,AFN,,,SHIPMENT,MarketplaceFacilitator,Amazon,,1,USD,,,,15.99,FALSE,15.99,0,0,,,NJ,,,310150000,ELMONT,NY,US,,330590000,330590000,ShipTo,State,NY,,,,,,,,,,,,,0,0,Tax,Sales and Compensating Use Tax,Exempt,15.99,0
,,,,2024-05-09+11:13:45,2024-05-10+00:00,Amazon.com,,AFN,,,SHIPMENT,MarketplaceFacilitator,Amazon,,1,USD,,,,15.99,FALSE,15.99,,,,,NJ,,,310150000,ELMONT,NY,US,,330590000,330590000,ShipTo,City,NOT APPLICABLE,,,,,,,,,,,,,0,0,Tax,,ZeroRated,15.99,0
,,,,2024-05-09+11:13:45,2024-05-10+00:00,Amazon.com,,AFN,,,SHIPMENT,MarketplaceFacilitator,Amazon,,1,USD,,,,15.99,FALSE,15.99,,,,,NJ,,,310150000,ELMONT,NY,US,,330590000,330590000,ShipTo,County,NASSAU,,,,,,,,,,,,,0,0,Tax,Local Sales and Use Tax,Exempt,15.99,0
,,,,2024-05-09+11:13:45,2024-05-10+00:00,Amazon.com,,AFN,,,SHIPMENT,MarketplaceFacilitator,Amazon,,1,USD,,,,15.99,FALSE,15.99,,,,,NJ,,,310150000,ELMONT,NY,US,,330590000,330590000,ShipTo,District,METROPOLITAN COMMUTER TRANSPORTATION DISTRICT,,,,,,,,,,,,,0,0,Tax,Metropolitan Commuter Transportation District,Exempt,15.99,0
,,,,2024-05-09+11:13:45,2024-05-10+00:00,Amazon.com,,AFN,,,SHIPMENT,MarketplaceFacilitator,Amazon,,1,USD,,,,15.99,FALSE,15.99,0,0,,,NJ,,,310150000,ELMONT,NY,US,,330590000,330590000,ShipTo,State,NY,,,,,,,,,,,,,0,0,Tax,Sales and Compensating Use Tax,Exempt,15.99,0
,,,,2024-05-09+11:13:45,2024-05-10+00:00,Amazon.com,,AFN,,,SHIPMENT,MarketplaceFacilitator,Amazon,,1,USD,,,,15.99,FALSE,15.99,,,,,NJ,,,310150000,ELMONT,NY,US,,330590000,330590000,ShipTo,City,NOT APPLICABLE,,,,,,,,,,,,,0,0,Tax,,ZeroRated,15.99,0
,,,,2024-05-09+11:13:45,2024-05-10+00:00,Amazon.com,,AFN,,,SHIPMENT,MarketplaceFacilitator,Amazon,,1,USD,,,,15.99,FALSE,15.99,,,,,NJ,,,310150000,ELMONT,NY,US,,330590000,330590000,ShipTo,County,NASSAU,,,,,,,,,,,,,0,0,Tax,Local Sales and Use Tax,Exempt,15.99,0
,,,,2024-05-09+11:13:45,2024-05-10+00:00,Amazon.com,,AFN,,,SHIPMENT,MarketplaceFacilitator,Amazon,,1,USD,,,,15.99,FALSE,15.99,,,,,NJ,,,310150000,ELMONT,NY,US,,330590000,330590000,ShipTo,District,METROPOLITAN COMMUTER TRANSPORTATION DISTRICT,,,,,,,,,,,,,0,0,Tax,Metropolitan Commuter Transportation District,Exempt,15.99,0
,,,,2024-05-09+09:11:59,2024-05-10+00:00,Amazon.com,,AFN,,,SHIPMENT,MarketplaceFacilitator,Amazon,,1,USD,,,,15.99,FALSE,15.99,0,1.25,,,UT,,,450350270,CINCINNATI,OH,US,,360610490,360610490,ShipTo,State,OH,,,,,,,,,,,,,0.92,0.0575,Tax,Sales and Use Tax,Taxable,0,15.99
,,,,2024-05-09+09:11:59,2024-05-10+00:00,Amazon.com,,AFN,,,SHIPMENT,MarketplaceFacilitator,Amazon,,1,USD,,,,15.99,FALSE,15.99,,,,,UT,,,450350270,CINCINNATI,OH,US,,360610490,360610490,ShipTo,City,NOT APPLICABLE,,,,,,,,,,,,,0,0,Tax,,ZeroRated,15.99,0
,,,,2024-05-09+09:11:59,2024-05-10+00:00,Amazon.com,,AFN,,,SHIPMENT,MarketplaceFacilitator,Amazon,,1,USD,,,,15.99,FALSE,15.99,,,,,UT,,,450350270,CINCINNATI,OH,US,,360610490,360610490,ShipTo,County,HAMILTON,,,,,,,,,,,,,0.2,0.0125,Tax,Local Sales and Use Tax,Taxable,0,15.99
,,,,2024-05-09+09:11:59,2024-05-10+00:00,Amazon.com,,AFN,,,SHIPMENT,MarketplaceFacilitator,Amazon,,1,USD,,,,15.99,FALSE,15.99,,,,,UT,,,450350270,CINCINNATI,OH,US,,360610490,360610490,ShipTo,District,SOUTHWEST OHIO REGIONAL TRANSIT AUTHORITY,,,,,,,,,,,,,0.13,0.008,Tax,Local Sales and Use Tax,Taxable,0,15.99
,,,,2024-05-09+20:48:59,2024-05-10+00:00,Amazon.com,,AFN,,,SHIPMENT,MarketplaceFacilitator,Amazon,,1,USD,,,,16.99,FALSE,16.99,0,1.1,,,NC,,,341830000,ORLANDO,FL,US,,100951160,100951160,ShipTo,State,FL,,,,,,,,,,,,,1.02,0.06,Tax,Sales and Use Tax,Taxable,0,16.99
,,,,2024-05-09+20:48:59,2024-05-10+00:00,Amazon.com,,AFN,,,SHIPMENT,MarketplaceFacilitator,Amazon,,1,USD,,,,16.99,FALSE,16.99,,,,,NC,,,341830000,ORLANDO,FL,US,,100951160,100951160,ShipTo,City,NOT APPLICABLE,,,,,,,,,,,,,0,0,Tax,,ZeroRated,16.99,0
,,,,2024-05-09+20:48:59,2024-05-10+00:00,Amazon.com,,AFN,,,SHIPMENT,MarketplaceFacilitator,Amazon,,1,USD,,,,16.99,FALSE,16.99,,,,,NC,,,341830000,ORLANDO,FL,US,,100951160,100951160,ShipTo,County,ORANGE,,,,,,,,,,,,,0.08,0.005,Tax,Local Sales and Use Tax (Discretionary Sales Surtax),Taxable,0,16.99
,,,,2024-05-09+20:48:59,2024-05-10+00:00,Amazon.com,,AFN,,,SHIPMENT,MarketplaceFacilitator,Amazon,,1,USD,,,,16.99,FALSE,16.99,,,,,NC,,,341830000,ORLANDO,FL,US,,100951160,100951160,ShipTo,District,NOT APPLICABLE,,,,,,,,,,,,,0,0,Tax,,ZeroRated,16.99,0
,,,,2024-05-09+07:03:36,2024-05-10+00:00,Amazon.com,,AFN,,,SHIPMENT,MarketplaceFacilitator,Amazon,,1,USD,,,,16.99,FALSE,16.99,0,1.19,,,TN,,,431570560,PALM COAST,FL,US,,100353356,100353356,ShipTo,State,FL,,,,,,,,,,,,,1.02,0.06,Tax,Sales and Use Tax,Taxable,0,16.99
,,,,2024-05-09+07:03:36,2024-05-10+00:00,Amazon.com,,AFN,,,SHIPMENT,MarketplaceFacilitator,Amazon,,1,USD,,,,16.99,FALSE,16.99,,,,,TN,,,431570560,PALM COAST,FL,US,,100353356,100353356,ShipTo,City,NOT APPLICABLE,,,,,,,,,,,,,0,0,Tax,,ZeroRated,16.99,0
,,,,2024-05-09+07:03:36,2024-05-10+00:00,Amazon.com,,AFN,,,SHIPMENT,MarketplaceFacilitator,Amazon,,1,USD,,,,16.99,FALSE,16.99,,,,,TN,,,431570560,PALM COAST,FL,US,,100353356,100353356,ShipTo,County,FLAGLER,,,,,,,,,,,,,0.17,0.01,Tax,Local Sales and Use Tax (Discretionary Sales Surtax),Taxable,0,16.99
,,,,2024-05-09+07:03:36,2024-05-10+00:00,Amazon.com,,AFN,,,SHIPMENT,MarketplaceFacilitator,Amazon,,1,USD,,,,16.99,FALSE,16.99,,,,,TN,,,431570560,PALM COAST,FL,US,,100353356,100353356,ShipTo,District,NOT APPLICABLE,,,,,,,,,,,,,0,0,Tax,,ZeroRated,16.99,0
,,,,2024-05-09+21:05:27,2024-05-10+00:00,Amazon.com,,AFN,,,SHIPMENT,MarketplaceFacilitator,Amazon,,1,USD,,,,16.99,FALSE,16.99,0,1.61,,,WA,,,480330320,PACIFIC PALISADES,CA,US,,050371900,050371900,ShipTo,State,CA,,,,,,,,,,,,,1.02,0.06,Tax,Sales and Use Tax,Taxable,0,16.99
,,,,2024-05-09+21:05:27,2024-05-10+00:00,Amazon.com,,AFN,,,SHIPMENT,MarketplaceFacilitator,Amazon,,1,USD,,,,16.99,FALSE,16.99,,,,,WA,,,480330320,PACIFIC PALISADES,CA,US,,050371900,050371900,ShipTo,City,NOT APPLICABLE,,,,,,,,,,,,,0,0,Tax,,ZeroRated,16.99,0
,,,,2024-05-09+21:05:27,2024-05-10+00:00,Amazon.com,,AFN,,,SHIPMENT,MarketplaceFacilitator,Amazon,,1,USD,,,,16.99,FALSE,16.99,,,,,WA,,,480330320,PACIFIC PALISADES,CA,US,,050371900,050371900,ShipTo,County,LOS ANGELES,,,,,,,,,,,,,0.21,0.0125,Tax,Local Sales and Use Tax,Taxable,0,16.99
,,,,2024-05-09+21:05:27,2024-05-10+00:00,Amazon.com,,AFN,,,SHIPMENT,MarketplaceFacilitator,Amazon,,1,USD,,,,16.99,FALSE,16.99,,,,,WA,,,480330320,PACIFIC PALISADES,CA,US,,050371900,050371900,ShipTo,District,MEASURE H TRANSACTIONS AND USE TAX (LACH),,,,,,,,,,,,,0.04,0.0025,Tax,Local Sales and Use Tax,Taxable,0,16.99
,,,,2024-05-09+21:05:27,2024-05-10+00:00,Amazon.com,,AFN,,,SHIPMENT,MarketplaceFacilitator,Amazon,,1,USD,,,,16.99,FALSE,16.99,,,,,WA,,,480330320,PACIFIC PALISADES,CA,US,,050371900,050371900,ShipTo,District,METROPOLITAN TRANSIT DISTRICT (LAMT),,,,,,,,,,,,,0.08,0.005,Tax,Local Sales and Use Tax,Taxable,0,16.99
,,,,2024-05-09+21:05:27,2024-05-10+00:00,Amazon.com,,AFN,,,SHIPMENT,MarketplaceFacilitator,Amazon,,1,USD,,,,16.99,FALSE,16.99,,,,,WA,,,480330320,PACIFIC PALISADES,CA,US,,050371900,050371900,ShipTo,District,TRANSACTIONS AND USE TAX (LAMA),,,,,,,,,,,,,0.09,0.005,Tax,Local Sales and Use Tax,Taxable,0,16.99
,,,,2024-05-09+21:05:27,2024-05-10+00:00,Amazon.com,,AFN,,,SHIPMENT,MarketplaceFacilitator,Amazon,,1,USD,,,,16.99,FALSE,16.99,,,,,WA,,,480330320,PACIFIC PALISADES,CA,US,,050371900,050371900,ShipTo,District,TRANSIT DISTRICT (LACT),,,,,,,,,,,,,0.09,0.005,Tax,Local Sales and Use Tax,Taxable,0,16.99
,,,,2024-05-09+21:05:27,2024-05-10+00:00,Amazon.com,,AFN,,,SHIPMENT,MarketplaceFacilitator,Amazon,,1,USD,,,,16.99,FALSE,16.99,,,,,WA,,,480330320,PACIFIC PALISADES,CA,US,,050371900,050371900,ShipTo,District,TRANSPORTATION COMMISSION (LATC),,,,,,,,,,,,,0.08,0.005,Tax,Local Sales and Use Tax,Taxable,0,16.99
,,,,2024-05-09+19:53:39,2024-05-10+00:00,Amazon.com,,AFN,,,SHIPMENT,MarketplaceFacilitator,Amazon,,1,USD,,,,16.99,FALSE,16.99,0,1.02,,,TN,,,431570560,NICHOLASVILLE,KY,US,,181130000,181130000,ShipTo,State,KY,,,,,,,,,,,,,1.02,0.06,Tax,Sales and Use Tax,Taxable,0,16.99
,,,,2024-05-09+19:53:39,2024-05-10+00:00,Amazon.com,,AFN,,,SHIPMENT,MarketplaceFacilitator,Amazon,,1,USD,,,,16.99,FALSE,16.99,,,,,TN,,,431570560,NICHOLASVILLE,KY,US,,181130000,181130000,ShipTo,City,NOT APPLICABLE,,,,,,,,,,,,,0,0,Tax,,ZeroRated,16.99,0
,,,,2024-05-09+19:53:39,2024-05-10+00:00,Amazon.com,,AFN,,,SHIPMENT,MarketplaceFacilitator,Amazon,,1,USD,,,,16.99,FALSE,16.99,,,,,TN,,,431570560,NICHOLASVILLE,KY,US,,181130000,181130000,ShipTo,County,NOT APPLICABLE,,,,,,,,,,,,,0,0,Tax,,ZeroRated,16.99,0
,,,,2024-05-09+19:53:39,2024-05-10+00:00,Amazon.com,,AFN,,,SHIPMENT,MarketplaceFacilitator,Amazon,,1,USD,,,,16.99,FALSE,16.99,,,,,TN,,,431570560,NICHOLASVILLE,KY,US,,181130000,181130000,ShipTo,District,NOT APPLICABLE,,,,,,,,,,,,,0,0,Tax,,ZeroRated,16.99,0
,,,,2024-05-10+00:23:39,2024-05-10+00:00,Amazon.com,,AFN,,,SHIPMENT,MarketplaceFacilitator,Amazon,,1,USD,,,,16.99,FALSE,16.99,0,1.66,,,TN,,,431570560,GREENEVILLE,TN,US,,430590310,430590310,ShipTo,State,TN,,,,,,,,,,,,,1.19,0.07,Tax,Sales and Use Tax,Taxable,0,16.99
,,,,2024-05-10+00:23:39,2024-05-10+00:00,Amazon.com,,AFN,,,SHIPMENT,MarketplaceFacilitator,Amazon,,1,USD,,,,16.99,FALSE,16.99,,,,,TN,,,431570560,GREENEVILLE,TN,US,,430590310,430590310,ShipTo,State,TN,,,,,,,,,,,,,0,0,Tax,State Single Article Tax,NonTaxable,16.99,0
,,,,2024-05-10+00:23:39,2024-05-10+00:00,Amazon.com,,AFN,,,SHIPMENT,MarketplaceFacilitator,Amazon,,1,USD,,,,16.99,FALSE,16.99,,,,,TN,,,431570560,GREENEVILLE,TN,US,,430590310,430590310,ShipTo,City,NOT APPLICABLE,,,,,,,,,,,,,0,0,Tax,,ZeroRated,16.99,0
,,,,2024-05-10+00:23:39,2024-05-10+00:00,Amazon.com,,AFN,,,SHIPMENT,MarketplaceFacilitator,Amazon,,1,USD,,,,16.99,FALSE,16.99,,,,,TN,,,431570560,GREENEVILLE,TN,US,,430590310,430590310,ShipTo,County,GREENE,,,,,,,,,,,,,0.47,0.0275,Tax,Local Sales and Use Tax,Taxable,0,16.99
,,,,2024-05-10+00:23:39,2024-05-10+00:00,Amazon.com,,AFN,,,SHIPMENT,MarketplaceFacilitator,Amazon,,1,USD,,,,16.99,FALSE,16.99,,,,,TN,,,431570560,GREENEVILLE,TN,US,,430590310,430590310,ShipTo,District,NOT APPLICABLE,,,,,,,,,,,,,0,0,Tax,,ZeroRated,16.99,0
,,,,2024-05-10+05:41:57,2024-05-10+00:00,Amazon.com,,AFN,,,SHIPMENT,MarketplaceFacilitator,Amazon,,1,USD,,,,16.99,FALSE,16.99,0,1.02,,,NC,,,341830000,ARDMORE,PA,US,,390452305,390452305,ShipTo,State,PA,,,,,,,,,,,,,1.02,0.06,Tax,Sales and Use Tax,Taxable,0,16.99
,,,,2024-05-10+05:41:57,2024-05-10+00:00,Amazon.com,,AFN,,,SHIPMENT,MarketplaceFacilitator,Amazon,,1,USD,,,,16.99,FALSE,16.99,,,,,NC,,,341830000,ARDMORE,PA,US,,390452305,390452305,ShipTo,City,NOT APPLICABLE,,,,,,,,,,,,,0,0,Tax,,ZeroRated,16.99,0
,,,,2024-05-10+05:41:57,2024-05-10+00:00,Amazon.com,,AFN,,,SHIPMENT,MarketplaceFacilitator,Amazon,,1,USD,,,,16.99,FALSE,16.99,,,,,NC,,,341830000,ARDMORE,PA,US,,390452305,390452305,ShipTo,County,NOT APPLICABLE,,,,,,,,,,,,,0,0,Tax,,ZeroRated,16.99,0
,,,,2024-05-10+05:41:57,2024-05-10+00:00,Amazon.com,,AFN,,,SHIPMENT,MarketplaceFacilitator,Amazon,,1,USD,,,,16.99,FALSE,16.99,,,,,NC,,,341830000,ARDMORE,PA,US,,390452305,390452305,ShipTo,District,NOT APPLICABLE,,,,,,,,,,,,,0,0,Tax,,ZeroRated,16.99,0
,,,,2024-05-10+12:53:37,2024-05-10+00:00,Amazon.com,,AFN,,,SHIPMENT,MarketplaceFacilitator,Amazon,,1,USD,,,,17.99,FALSE,17.99,0,1.26,,,TN,,,431570560,WINSTON,GA,US,,110970000,110970000,ShipTo,State,GA,,,Y,0,0,-1.26,PromotionIdAndCouponCode,0,,Amazon Funded Discount US,NoReductionInTaxabaleBasis,,0.72,0.04,Tax,Sales and Use Tax,Taxable,0,17.99
,,,,2024-05-10+12:53:37,2024-05-10+00:00,Amazon.com,,AFN,,,SHIPMENT,MarketplaceFacilitator,Amazon,,1,USD,,,,17.99,FALSE,17.99,,,,,TN,,,431570560,WINSTON,GA,US,,110970000,110970000,ShipTo,City,NOT APPLICABLE,,,Y,0,0,-1.26,PromotionIdAndCouponCode,0,,Amazon Funded Discount US,NoReductionInTaxabaleBasis,,0,0,Tax,,ZeroRated,17.99,0
,,,,2024-05-10+12:53:37,2024-05-10+00:00,Amazon.com,,AFN,,,SHIPMENT,MarketplaceFacilitator,Amazon,,1,USD,,,,17.99,FALSE,17.99,,,,,TN,,,431570560,WINSTON,GA,US,,110970000,110970000,ShipTo,County,DOUGLAS,,,Y,0,0,-1.26,PromotionIdAndCouponCode,0,,Amazon Funded Discount US,NoReductionInTaxabaleBasis,,0.54,0.03,Tax,Local Sales and Use Tax,Taxable,0,17.99
,,,,2024-05-10+12:53:37,2024-05-10+00:00,Amazon.com,,AFN,,,SHIPMENT,MarketplaceFacilitator,Amazon,,1,USD,,,,17.99,FALSE,17.99,,,,,TN,,,431570560,WINSTON,GA,US,,110970000,110970000,ShipTo,District,NOT APPLICABLE,,,Y,0,0,-1.26,PromotionIdAndCouponCode,0,,Amazon Funded Discount US,NoReductionInTaxabaleBasis,,0,0,Tax,,ZeroRated,17.99,0
,,,,2024-05-10+12:53:37,2024-05-10+00:00,Amazon.com,,AFN,,,SHIPMENT,MarketplaceFacilitator,Amazon,,1,USD,,,,17.99,FALSE,17.99,0,1.26,,,TN,,,431570560,WINSTON,GA,US,,110970000,110970000,ShipTo,State,GA,,,Y,0,0,-1.26,PromotionIdAndCouponCode,0,,Amazon Funded Discount US,NoReductionInTaxabaleBasis,,0.72,0.04,Tax,Sales and Use Tax,Taxable,0,17.99
,,,,2024-05-10+12:53:37,2024-05-10+00:00,Amazon.com,,AFN,,,SHIPMENT,MarketplaceFacilitator,Amazon,,1,USD,,,,17.99,FALSE,17.99,,,,,TN,,,431570560,WINSTON,GA,US,,110970000,110970000,ShipTo,City,NOT APPLICABLE,,,Y,0,0,-1.26,PromotionIdAndCouponCode,0,,Amazon Funded Discount US,NoReductionInTaxabaleBasis,,0,0,Tax,,ZeroRated,17.99,0
,,,,2024-05-10+12:53:37,2024-05-10+00:00,Amazon.com,,AFN,,,SHIPMENT,MarketplaceFacilitator,Amazon,,1,USD,,,,17.99,FALSE,17.99,,,,,TN,,,431570560,WINSTON,GA,US,,110970000,110970000,ShipTo,County,DOUGLAS,,,Y,0,0,-1.26,PromotionIdAndCouponCode,0,,Amazon Funded Discount US,NoReductionInTaxabaleBasis,,0.54,0.03,Tax,Local Sales and Use Tax,Taxable,0,17.99
,,,,2024-05-10+12:53:37,2024-05-10+00:00,Amazon.com,,AFN,,,SHIPMENT,MarketplaceFacilitator,Amazon,,1,USD,,,,17.99,FALSE,17.99,,,,,TN,,,431570560,WINSTON,GA,US,,110970000,110970000,ShipTo,District,NOT APPLICABLE,,,Y,0,0,-1.26,PromotionIdAndCouponCode,0,,Amazon Funded Discount US,NoReductionInTaxabaleBasis,,0,0,Tax,,ZeroRated,17.99,0
,,,,2024-05-10+04:21:41,2024-05-10+00:00,Amazon.com,,AFN,,,SHIPMENT,MarketplaceFacilitator,Amazon,,1,USD,,,,17.99,FALSE,17.99,0,1.26,,,GA,,,110511914,PINELLAS PARK,FL,US,,101031290,101031290,ShipTo,State,FL,,,,,,,,,,,,,1.08,0.06,Tax,Sales and Use Tax,Taxable,0,17.99
,,,,2024-05-10+04:21:41,2024-05-10+00:00,Amazon.com,,AFN,,,SHIPMENT,MarketplaceFacilitator,Amazon,,1,USD,,,,17.99,FALSE,17.99,,,,,GA,,,110511914,PINELLAS PARK,FL,US,,101031290,101031290,ShipTo,City,NOT APPLICABLE,,,,,,,,,,,,,0,0,Tax,,ZeroRated,17.99,0
,,,,2024-05-10+04:21:41,2024-05-10+00:00,Amazon.com,,AFN,,,SHIPMENT,MarketplaceFacilitator,Amazon,,1,USD,,,,17.99,FALSE,17.99,,,,,GA,,,110511914,PINELLAS PARK,FL,US,,101031290,101031290,ShipTo,County,PINELLAS,,,,,,,,,,,,,0.18,0.01,Tax,Local Sales and Use Tax (Discretionary Sales Surtax),Taxable,0,17.99
,,,,2024-05-10+04:21:41,2024-05-10+00:00,Amazon.com,,AFN,,,SHIPMENT,MarketplaceFacilitator,Amazon,,1,USD,,,,17.99,FALSE,17.99,,,,,GA,,,110511914,PINELLAS PARK,FL,US,,101031290,101031290,ShipTo,District,NOT APPLICABLE,,,,,,,,,,,,,0,0,Tax,,ZeroRated,17.99,0
,,,,2024-05-09+17:55:25,2024-05-10+00:00,Amazon.com,,AFN,,,SHIPMENT,MarketplaceFacilitator,Amazon,,1,USD,,,,16.99,FALSE,16.99,0,0.51,,,WA,,,480330320,KASILOF,AK,US,,021220000,021220000,ShipTo,State,AK,,,,,,,,,,,,,0,0,Tax,No Sales or Use Tax Imposed,NonTaxable,16.99,0
,,,,2024-05-09+17:55:25,2024-05-10+00:00,Amazon.com,,AFN,,,SHIPMENT,MarketplaceFacilitator,Amazon,,1,USD,,,,16.99,FALSE,16.99,,,,,WA,,,480330320,KASILOF,AK,US,,021220000,021220000,ShipTo,City,NOT APPLICABLE,,,,,,,,,,,,,0,0,Tax,,ZeroRated,16.99,0
,,,,2024-05-09+17:55:25,2024-05-10+00:00,Amazon.com,,AFN,,,SHIPMENT,MarketplaceFacilitator,Amazon,,1,USD,,,,16.99,FALSE,16.99,,,,,WA,,,480330320,KASILOF,AK,US,,021220000,021220000,ShipTo,County,KENAI PENINSULA BOROUGH,,,,,,,,,,,,,0.51,0.03,Tax,Local Sales and Use Tax,Taxable,0,16.99
,,,,2024-05-09+17:55:25,2024-05-10+00:00,Amazon.com,,AFN,,,SHIPMENT,MarketplaceFacilitator,Amazon,,1,USD,,,,16.99,FALSE,16.99,,,,,WA,,,480330320,KASILOF,AK,US,,021220000,021220000,ShipTo,District,NOT APPLICABLE,,,,,,,,,,,,,0,0,Tax,,ZeroRated,16.99,0
,,,,2024-05-09+21:25:23,2024-05-10+00:00,Amazon.com,,AFN,,,SHIPMENT,MarketplaceFacilitator,Amazon,,1,USD,,,,16.99,FALSE,16.99,0,1.5,,,WA,,,480330320,Carnation,WA,US,,480331746,480331746,ShipTo,State,WA,,,,,,,,,,,,,1.11,0.065,Tax,Retail Sales and Use Tax,Taxable,0,16.99
,,,,2024-05-09+21:25:23,2024-05-10+00:00,Amazon.com,,AFN,,,SHIPMENT,MarketplaceFacilitator,Amazon,,1,USD,,,,16.99,FALSE,16.99,,,,,WA,,,480330320,Carnation,WA,US,,480331746,480331746,ShipTo,City,CARNATION,,,,,,,,,,,,,0.39,0.023,Tax,Local Sales and Use Tax,Taxable,0,16.99
,,,,2024-05-09+21:25:23,2024-05-10+00:00,Amazon.com,,AFN,,,SHIPMENT,MarketplaceFacilitator,Amazon,,1,USD,,,,16.99,FALSE,16.99,,,,,WA,,,480330320,Carnation,WA,US,,480331746,480331746,ShipTo,County,KING,,,,,,,,,,,,,0,0,Tax,Local Sales and Use Tax,NonTaxable,16.99,0
,,,,2024-05-09+21:25:23,2024-05-10+00:00,Amazon.com,,AFN,,,SHIPMENT,MarketplaceFacilitator,Amazon,,1,USD,,,,16.99,FALSE,16.99,,,,,WA,,,480330320,Carnation,WA,US,,480331746,480331746,ShipTo,District,NOT APPLICABLE,,,,,,,,,,,,,0,0,Tax,,ZeroRated,16.99,0
,,,,2024-05-09+21:25:23,2024-05-10+00:00,Amazon.com,,AFN,,,SHIPMENT,MarketplaceFacilitator,Amazon,,1,USD,,,,1,FALSE,1,0,0,,,WA,,,480330320,Carnation,WA,US,,480331746,480331746,ShipTo,State,WA,,,Y,0,0,-1,PromotionIdAndCouponCode,0,,Self Funded,ReductionInTaxableBasis,,0,0.065,Tax,Retail Sales and Use Tax,Taxable,0,0
,,,,2024-05-09+21:25:23,2024-05-10+00:00,Amazon.com,,AFN,,,SHIPMENT,MarketplaceFacilitator,Amazon,,1,USD,,,,1,FALSE,1,,,,,WA,,,480330320,Carnation,WA,US,,480331746,480331746,ShipTo,City,CARNATION,,,Y,0,0,-1,PromotionIdAndCouponCode,0,,Self Funded,ReductionInTaxableBasis,,0,0.023,Tax,Local Sales and Use Tax,Taxable,0,0
,,,,2024-05-09+21:25:23,2024-05-10+00:00,Amazon.com,,AFN,,,SHIPMENT,MarketplaceFacilitator,Amazon,,1,USD,,,,1,FALSE,1,,,,,WA,,,480330320,Carnation,WA,US,,480331746,480331746,ShipTo,County,KING,,,Y,0,0,-1,PromotionIdAndCouponCode,0,,Self Funded,ReductionInTaxableBasis,,0,0,Tax,Local Sales and Use Tax,NonTaxable,0,0
,,,,2024-05-09+21:25:23,2024-05-10+00:00,Amazon.com,,AFN,,,SHIPMENT,MarketplaceFacilitator,Amazon,,1,USD,,,,1,FALSE,1,,,,,WA,,,480330320,Carnation,WA,US,,480331746,480331746,ShipTo,District,NOT APPLICABLE,,,Y,0,0,-1,PromotionIdAndCouponCode,0,,Self Funded,ReductionInTaxableBasis,,0,0,Tax,,NonTaxable,0,0
,,,,2024-05-10+18:05:26,2024-05-11+00:00,Amazon.com,,AFN,,,SHIPMENT,MarketplaceFacilitator,Amazon,,1,USD,,,,15.99,FALSE,15.99,0,0.96,,,MD,,,210050000,ANNAPOLIS,MD,US,,210030020,210030020,ShipTo,State,MD,,,,,,,,,,,,,0.96,0.06,Tax,Sales and Use Tax,Taxable,0,15.99
,,,,2024-05-10+18:05:26,2024-05-11+00:00,Amazon.com,,AFN,,,SHIPMENT,MarketplaceFacilitator,Amazon,,1,USD,,,,15.99,FALSE,15.99,,,,,MD,,,210050000,ANNAPOLIS,MD,US,,210030020,210030020,ShipTo,City,NOT APPLICABLE,,,,,,,,,,,,,0,0,Tax,,ZeroRated,15.99,0
,,,,2024-05-10+18:05:26,2024-05-11+00:00,Amazon.com,,AFN,,,SHIPMENT,MarketplaceFacilitator,Amazon,,1,USD,,,,15.99,FALSE,15.99,,,,,MD,,,210050000,ANNAPOLIS,MD,US,,210030020,210030020,ShipTo,County,NOT APPLICABLE,,,,,,,,,,,,,0,0,Tax,,ZeroRated,15.99,0
,,,,2024-05-10+18:05:26,2024-05-11+00:00,Amazon.com,,AFN,,,SHIPMENT,MarketplaceFacilitator,Amazon,,1,USD,,,,15.99,FALSE,15.99,,,,,MD,,,210050000,ANNAPOLIS,MD,US,,210030020,210030020,ShipTo,District,NOT APPLICABLE,,,,,,,,,,,,,0,0,Tax,,ZeroRated,15.99,0
,,,,2024-05-10+18:05:26,2024-05-11+00:00,Amazon.com,,AFN,,,SHIPMENT,MarketplaceFacilitator,Amazon,,1,USD,,,,2.1,FALSE,2.1,0,0,,,MD,,,210050000,ANNAPOLIS,MD,US,,210030020,210030020,ShipTo,State,MD,,,Y,0,0,-2.1,PromotionIdAndCouponCode,0,,Self Funded,ReductionInTaxableBasis,,0,0.06,Tax,Sales and Use Tax,Taxable,0,0
,,,,2024-05-10+18:05:26,2024-05-11+00:00,Amazon.com,,AFN,,,SHIPMENT,MarketplaceFacilitator,Amazon,,1,USD,,,,2.1,FALSE,2.1,,,,,MD,,,210050000,ANNAPOLIS,MD,US,,210030020,210030020,ShipTo,City,NOT APPLICABLE,,,Y,0,0,-2.1,PromotionIdAndCouponCode,0,,Self Funded,ReductionInTaxableBasis,,0,0,Tax,,NonTaxable,0,0
,,,,2024-05-10+18:05:26,2024-05-11+00:00,Amazon.com,,AFN,,,SHIPMENT,MarketplaceFacilitator,Amazon,,1,USD,,,,2.1,FALSE,2.1,,,,,MD,,,210050000,ANNAPOLIS,MD,US,,210030020,210030020,ShipTo,County,NOT APPLICABLE,,,Y,0,0,-2.1,PromotionIdAndCouponCode,0,,Self Funded,ReductionInTaxableBasis,,0,0,Tax,,NonTaxable,0,0
,,,,2024-05-10+18:05:26,2024-05-11+00:00,Amazon.com,,AFN,,,SHIPMENT,MarketplaceFacilitator,Amazon,,1,USD,,,,2.1,FALSE,2.1,,,,,MD,,,210050000,ANNAPOLIS,MD,US,,210030020,210030020,ShipTo,District,NOT APPLICABLE,,,Y,0,0,-2.1,PromotionIdAndCouponCode,0,,Self Funded,ReductionInTaxableBasis,,0,0,Tax,,NonTaxable,0,0
,,,,2024-05-10+18:01:42,2024-05-11+00:00,Amazon.com,,AFN,,,SHIPMENT,MarketplaceFacilitator,Amazon,,1,USD,,,,16.99,FALSE,16.99,0,1.02,,,VA,,,478000650,CENTREVILLE,VA,US,,470590000,470590000,ShipTo,State,VA,,,,,,,,,,,,,0.73,0.043,Tax,Retail Sales and Use Tax,Taxable,0,16.99
,,,,2024-05-10+18:01:42,2024-05-11+00:00,Amazon.com,,AFN,,,SHIPMENT,MarketplaceFacilitator,Amazon,,1,USD,,,,16.99,FALSE,16.99,,,,,VA,,,478000650,CENTREVILLE,VA,US,,470590000,470590000,ShipTo,City,NOT APPLICABLE,,,,,,,,,,,,,0,0,Tax,,ZeroRated,16.99,0
,,,,2024-05-10+18:01:42,2024-05-11+00:00,Amazon.com,,AFN,,,SHIPMENT,MarketplaceFacilitator,Amazon,,1,USD,,,,16.99,FALSE,16.99,,,,,VA,,,478000650,CENTREVILLE,VA,US,,470590000,470590000,ShipTo,County,FAIRFAX,,,,,,,,,,,,,0.17,0.01,Tax,Local Sales and Use Tax,Taxable,0,16.99
,,,,2024-05-10+18:01:42,2024-05-11+00:00,Amazon.com,,AFN,,,SHIPMENT,MarketplaceFacilitator,Amazon,,1,USD,,,,16.99,FALSE,16.99,,,,,VA,,,478000650,CENTREVILLE,VA,US,,470590000,470590000,ShipTo,District,NORTHERN VIRGINIA REGIONAL TRANSPORTATION DISTRICT,,,,,,,,,,,,,0.12,0.007,Tax,Local Sales and Use Tax,Taxable,0,16.99
,,,,2024-05-10+20:43:48,2024-05-11+00:00,Amazon.com,,AFN,,,SHIPMENT,MarketplaceFacilitator,Amazon,,1,USD,,,,17.99,FALSE,17.99,0,1.48,,,TX,,,444535425,HOUSTON,TX,US,,442011440,442011440,ShipTo,State,TX,,,,,,,,,,,,,1.12,0.0625,Tax,Sales and Use Tax,Taxable,0,17.99
,,,,2024-05-10+20:43:48,2024-05-11+00:00,Amazon.com,,AFN,,,SHIPMENT,MarketplaceFacilitator,Amazon,,1,USD,,,,17.99,FALSE,17.99,,,,,TX,,,444535425,HOUSTON,TX,US,,442011440,442011440,ShipTo,City,HOUSTON,,,,,,,,,,,,,0.18,0.01,Tax,Local Sales and Use Tax,Taxable,0,17.99
,,,,2024-05-10+20:43:48,2024-05-11+00:00,Amazon.com,,AFN,,,SHIPMENT,MarketplaceFacilitator,Amazon,,1,USD,,,,17.99,FALSE,17.99,,,,,TX,,,444535425,HOUSTON,TX,US,,442011440,442011440,ShipTo,County,NOT APPLICABLE,,,,,,,,,,,,,0,0,Tax,,ZeroRated,17.99,0
,,,,2024-05-10+20:43:48,2024-05-11+00:00,Amazon.com,,AFN,,,SHIPMENT,MarketplaceFacilitator,Amazon,,1,USD,,,,17.99,FALSE,17.99,,,,,TX,,,444535425,HOUSTON,TX,US,,442011440,442011440,ShipTo,District,HOUSTON METROPOLITAN TRANSIT AUTHORITY,,,,,,,,,,,,,0.18,0.01,Tax,Local Sales and Use Tax,Taxable,0,17.99
,,,,2024-05-10+21:49:17,2024-05-11+00:00,Amazon.com,,AFN,,,SHIPMENT,MarketplaceFacilitator,Amazon,,1,USD,,,,17.99,FALSE,17.99,0,1.08,,,NY,,,330550000,Sand lake,MI,US,,230813222,230813222,ShipTo,State,MI,,,,,,,,,,,,,1.08,0.06,Tax,Sales and Use Tax,Taxable,0,17.99
,,,,2024-05-10+21:49:17,2024-05-11+00:00,Amazon.com,,AFN,,,SHIPMENT,MarketplaceFacilitator,Amazon,,1,USD,,,,17.99,FALSE,17.99,,,,,NY,,,330550000,Sand lake,MI,US,,230813222,230813222,ShipTo,City,NOT APPLICABLE,,,,,,,,,,,,,0,0,Tax,,ZeroRated,17.99,0
,,,,2024-05-10+21:49:17,2024-05-11+00:00,Amazon.com,,AFN,,,SHIPMENT,MarketplaceFacilitator,Amazon,,1,USD,,,,17.99,FALSE,17.99,,,,,NY,,,330550000,Sand lake,MI,US,,230813222,230813222,ShipTo,County,NOT APPLICABLE,,,,,,,,,,,,,0,0,Tax,,ZeroRated,17.99,0
,,,,2024-05-10+21:49:17,2024-05-11+00:00,Amazon.com,,AFN,,,SHIPMENT,MarketplaceFacilitator,Amazon,,1,USD,,,,17.99,FALSE,17.99,,,,,NY,,,330550000,Sand lake,MI,US,,230813222,230813222,ShipTo,District,NOT APPLICABLE,,,,,,,,,,,,,0,0,Tax,,ZeroRated,17.99,0
,,,,2024-05-10+22:12:00,2024-05-11+00:00,Amazon.com,,AFN,,,SHIPMENT,MarketplaceFacilitator,Amazon,,1,USD,,,,16.99,FALSE,16.99,0,1.19,,,MD,,,210050000,TARBORO,NC,US,,340650000,340650000,ShipTo,State,NC,,,,,,,,,,,,,0.81,0.0475,Tax,Sales and Use Tax,Taxable,0,16.99
,,,,2024-05-10+22:12:00,2024-05-11+00:00,Amazon.com,,AFN,,,SHIPMENT,MarketplaceFacilitator,Amazon,,1,USD,,,,16.99,FALSE,16.99,,,,,MD,,,210050000,TARBORO,NC,US,,340650000,340650000,ShipTo,City,NOT APPLICABLE,,,,,,,,,,,,,0,0,Tax,,ZeroRated,16.99,0
,,,,2024-05-10+22:12:00,2024-05-11+00:00,Amazon.com,,AFN,,,SHIPMENT,MarketplaceFacilitator,Amazon,,1,USD,,,,16.99,FALSE,16.99,,,,,MD,,,210050000,TARBORO,NC,US,,340650000,340650000,ShipTo,County,EDGECOMBE,,,,,,,,,,,,,0.38,0.0225,Tax,Local Sales and Use Tax,Taxable,0,16.99
,,,,2024-05-10+22:12:00,2024-05-11+00:00,Amazon.com,,AFN,,,SHIPMENT,MarketplaceFacilitator,Amazon,,1,USD,,,,16.99,FALSE,16.99,,,,,MD,,,210050000,TARBORO,NC,US,,340650000,340650000,ShipTo,District,NOT APPLICABLE,,,,,,,,,,,,,0,0,Tax,,ZeroRated,16.99,0
,,,,2024-05-11+05:44:14,2024-05-11+00:00,Amazon.com,,AFN,,,SHIPMENT,MarketplaceFacilitator,Amazon,,1,USD,,,,16.99,FALSE,16.99,0,1.48,,,TX,,,442011440,LAKE CHARLES,LA,US,,190195401,190195401,ShipTo,State,LA,,,,,,,,,,,,,0.76,0.0445,Tax,Sales and Use Tax,Taxable,0,16.99
,,,,2024-05-11+05:44:14,2024-05-11+00:00,Amazon.com,,AFN,,,SHIPMENT,MarketplaceFacilitator,Amazon,,1,USD,,,,16.99,FALSE,16.99,,,,,TX,,,442011440,LAKE CHARLES,LA,US,,190195401,190195401,ShipTo,City,NOT APPLICABLE,,,,,,,,,,,,,0,0,Tax,,ZeroRated,16.99,0
,,,,2024-05-11+05:44:14,2024-05-11+00:00,Amazon.com,,AFN,,,SHIPMENT,MarketplaceFacilitator,Amazon,,1,USD,,,,16.99,FALSE,16.99,,,,,TX,,,442011440,LAKE CHARLES,LA,US,,190195401,190195401,ShipTo,County,CALCASIEU,,,,,,,,,,,,,0.72,0.0425,Tax,Local Sales and Use Tax,Taxable,0,16.99
,,,,2024-05-11+05:44:14,2024-05-11+00:00,Amazon.com,,AFN,,,SHIPMENT,MarketplaceFacilitator,Amazon,,1,USD,,,,16.99,FALSE,16.99,,,,,TX,,,442011440,LAKE CHARLES,LA,US,,190195401,190195401,ShipTo,District,NOT APPLICABLE,,,,,,,,,,,,,0,0,Tax,,ZeroRated,16.99,0
,,,,2024-05-06+11:05:26,2024-05-12+00:00,Amazon.com,,AFN,,,RETURN,MarketplaceFacilitator,Amazon,,1,USD,,,,13.99,FALSE,-13.99,0,-1.2,,,WA,,,480330320,BATTLE GROUND,WA,US,,480111642,480111642,ShipTo,State,WA,,,,,,,,,,,,,-0.91,0.065,Tax,Retail Sales and Use Tax,Taxable,0,-13.99
,,,,2024-05-06+11:05:26,2024-05-12+00:00,Amazon.com,,AFN,,,RETURN,MarketplaceFacilitator,Amazon,,1,USD,,,,13.99,FALSE,-13.99,,,,,WA,,,480330320,BATTLE GROUND,WA,US,,480111642,480111642,ShipTo,City,BATTLE GROUND,,,,,,,,,,,,,-0.18,0.013,Tax,Local Sales and Use Tax,Taxable,0,-13.99
,,,,2024-05-06+11:05:26,2024-05-12+00:00,Amazon.com,,AFN,,,RETURN,MarketplaceFacilitator,Amazon,,1,USD,,,,13.99,FALSE,-13.99,,,,,WA,,,480330320,BATTLE GROUND,WA,US,,480111642,480111642,ShipTo,County,CLARK,,,,,,,,,,,,,0,0,Tax,Local Sales and Use Tax,NonTaxable,-13.99,0
,,,,2024-05-06+11:05:26,2024-05-12+00:00,Amazon.com,,AFN,,,RETURN,MarketplaceFacilitator,Amazon,,1,USD,,,,13.99,FALSE,-13.99,,,,,WA,,,480330320,BATTLE GROUND,WA,US,,480111642,480111642,ShipTo,District,BATTLE GROUND TRANSPORTATION BENEFIT DISTRICT,,,,,,,,,,,,,-0.01,0.001,Tax,Local Sales and Use Tax,Taxable,0,-13.99
,,,,2024-05-06+11:05:26,2024-05-12+00:00,Amazon.com,,AFN,,,RETURN,MarketplaceFacilitator,Amazon,,1,USD,,,,13.99,FALSE,-13.99,,,,,WA,,,480330320,BATTLE GROUND,WA,US,,480111642,480111642,ShipTo,District,PUBLIC TRANSPORTATION BENEFIT AREA,,,,,,,,,,,,,-0.1,0.007,Tax,Local Sales and Use Tax,Taxable,0,-13.99
,,,,2024-05-11+15:51:21,2024-05-12+00:00,Amazon.com,,AFN,,,SHIPMENT,MarketplaceFacilitator,Amazon,,1,USD,,,,16.4,FALSE,16.4,0,1.09,,,NY,,,330550000,Lyndhurst,NJ,US,,310036454,310036454,ShipTo,State,NJ,,,,,,,,,,,,,1.09,0.06625,Tax,Sales and Use Tax,Taxable,0,16.4
,,,,2024-05-11+15:51:21,2024-05-12+00:00,Amazon.com,,AFN,,,SHIPMENT,MarketplaceFacilitator,Amazon,,1,USD,,,,16.4,FALSE,16.4,,,,,NY,,,330550000,Lyndhurst,NJ,US,,310036454,310036454,ShipTo,City,NOT APPLICABLE,,,,,,,,,,,,,0,0,Tax,,ZeroRated,16.4,0
,,,,2024-05-11+15:51:21,2024-05-12+00:00,Amazon.com,,AFN,,,SHIPMENT,MarketplaceFacilitator,Amazon,,1,USD,,,,16.4,FALSE,16.4,,,,,NY,,,330550000,Lyndhurst,NJ,US,,310036454,310036454,ShipTo,County,NOT APPLICABLE,,,,,,,,,,,,,0,0,Tax,,ZeroRated,16.4,0
,,,,2024-05-11+15:51:21,2024-05-12+00:00,Amazon.com,,AFN,,,SHIPMENT,MarketplaceFacilitator,Amazon,,1,USD,,,,16.4,FALSE,16.4,,,,,NY,,,330550000,Lyndhurst,NJ,US,,310036454,310036454,ShipTo,District,NOT APPLICABLE,,,,,,,,,,,,,0,0,Tax,,ZeroRated,16.4,0
,,,,2024-05-11+20:04:18,2024-05-12+00:00,Amazon.com,,AFN,,,SHIPMENT,MarketplaceFacilitator,Amazon,,1,USD,,,,16.4,FALSE,16.4,0,1.35,,,TX,,,444535425,HIGHLAND VILLAGE,TX,US,,441212322,441212322,ShipTo,State,TX,,,,,,,,,,,,,1.02,0.0625,Tax,Sales and Use Tax,Taxable,0,16.4
,,,,2024-05-11+20:04:18,2024-05-12+00:00,Amazon.com,,AFN,,,SHIPMENT,MarketplaceFacilitator,Amazon,,1,USD,,,,16.4,FALSE,16.4,,,,,TX,,,444535425,HIGHLAND VILLAGE,TX,US,,441212322,441212322,ShipTo,City,HIGHLAND VILLAGE,,,,,,,,,,,,,0.25,0.015,Tax,Local Sales and Use Tax,Taxable,0,16.4
,,,,2024-05-11+20:04:18,2024-05-12+00:00,Amazon.com,,AFN,,,SHIPMENT,MarketplaceFacilitator,Amazon,,1,USD,,,,16.4,FALSE,16.4,,,,,TX,,,444535425,HIGHLAND VILLAGE,TX,US,,441212322,441212322,ShipTo,County,NOT APPLICABLE,,,,,,,,,,,,,0,0,Tax,,ZeroRated,16.4,0
,,,,2024-05-11+20:04:18,2024-05-12+00:00,Amazon.com,,AFN,,,SHIPMENT,MarketplaceFacilitator,Amazon,,1,USD,,,,16.4,FALSE,16.4,,,,,TX,,,444535425,HIGHLAND VILLAGE,TX,US,,441212322,441212322,ShipTo,District,DENTON COUNTY TRANSIT AUTHORITY,,,,,,,,,,,,,0.08,0.005,Tax,Local Sales and Use Tax,Taxable,0,16.4
,,,,2024-05-11+20:04:18,2024-05-12+00:00,Amazon.com,,AFN,,,SHIPMENT,MarketplaceFacilitator,Amazon,,1,USD,,,,1.6,FALSE,1.6,0,0.13,,,TX,,,444535425,HIGHLAND VILLAGE,TX,US,,441212322,441212322,ShipTo,State,TX,,,,,,,,,,,,,0.1,0.0625,Tax,Sales and Use Tax,Taxable,0,1.6
,,,,2024-05-11+20:04:18,2024-05-12+00:00,Amazon.com,,AFN,,,SHIPMENT,MarketplaceFacilitator,Amazon,,1,USD,,,,1.6,FALSE,1.6,,,,,TX,,,444535425,HIGHLAND VILLAGE,TX,US,,441212322,441212322,ShipTo,City,HIGHLAND VILLAGE,,,,,,,,,,,,,0.02,0.015,Tax,Local Sales and Use Tax,Taxable,0,1.6
,,,,2024-05-11+20:04:18,2024-05-12+00:00,Amazon.com,,AFN,,,SHIPMENT,MarketplaceFacilitator,Amazon,,1,USD,,,,1.6,FALSE,1.6,,,,,TX,,,444535425,HIGHLAND VILLAGE,TX,US,,441212322,441212322,ShipTo,County,NOT APPLICABLE,,,,,,,,,,,,,0,0,Tax,,ZeroRated,1.6,0
,,,,2024-05-11+20:04:18,2024-05-12+00:00,Amazon.com,,AFN,,,SHIPMENT,MarketplaceFacilitator,Amazon,,1,USD,,,,1.6,FALSE,1.6,,,,,TX,,,444535425,HIGHLAND VILLAGE,TX,US,,441212322,441212322,ShipTo,District,DENTON COUNTY TRANSIT AUTHORITY,,,,,,,,,,,,,0.01,0.005,Tax,Local Sales and Use Tax,Taxable,0,1.6
,,,,2024-05-12+00:31:54,2024-05-12+00:00,Amazon.com,,AFN,,,SHIPMENT,MarketplaceFacilitator,Amazon,,1,USD,,,,17.99,FALSE,17.99,0,1.19,,,NC,,,341830000,CLEMENTON,NJ,US,,310070000,310070000,ShipTo,State,NJ,,,,,,,,,,,,,1.19,0.06625,Tax,Sales and Use Tax,Taxable,0,17.99
,,,,2024-05-12+00:31:54,2024-05-12+00:00,Amazon.com,,AFN,,,SHIPMENT,MarketplaceFacilitator,Amazon,,1,USD,,,,17.99,FALSE,17.99,,,,,NC,,,341830000,CLEMENTON,NJ,US,,310070000,310070000,ShipTo,City,NOT APPLICABLE,,,,,,,,,,,,,0,0,Tax,,ZeroRated,17.99,0
,,,,2024-05-12+00:31:54,2024-05-12+00:00,Amazon.com,,AFN,,,SHIPMENT,MarketplaceFacilitator,Amazon,,1,USD,,,,17.99,FALSE,17.99,,,,,NC,,,341830000,CLEMENTON,NJ,US,,310070000,310070000,ShipTo,County,NOT APPLICABLE,,,,,,,,,,,,,0,0,Tax,,ZeroRated,17.99,0
,,,,2024-05-12+00:31:54,2024-05-12+00:00,Amazon.com,,AFN,,,SHIPMENT,MarketplaceFacilitator,Amazon,,1,USD,,,,17.99,FALSE,17.99,,,,,NC,,,341830000,CLEMENTON,NJ,US,,310070000,310070000,ShipTo,District,NOT APPLICABLE,,,,,,,,,,,,,0,0,Tax,,ZeroRated,17.99,0
,,,,2024-05-12+15:45:31,2024-05-12+00:00,Amazon.com,,AFN,,,SHIPMENT,MarketplaceFacilitator,Amazon,,1,USD,,,,16.4,FALSE,16.4,0,1.27,,,TX,,,444535425,MORENO VALLEY,CA,US,,050658425,050658425,ShipTo,State,CA,,,,,,,,,,,,,0.98,0.06,Tax,Sales and Use Tax,Taxable,0,16.4
,,,,2024-05-12+15:45:31,2024-05-12+00:00,Amazon.com,,AFN,,,SHIPMENT,MarketplaceFacilitator,Amazon,,1,USD,,,,16.4,FALSE,16.4,,,,,TX,,,444535425,MORENO VALLEY,CA,US,,050658425,050658425,ShipTo,City,NOT APPLICABLE,,,,,,,,,,,,,0,0,Tax,,ZeroRated,16.4,0
,,,,2024-05-12+15:45:31,2024-05-12+00:00,Amazon.com,,AFN,,,SHIPMENT,MarketplaceFacilitator,Amazon,,1,USD,,,,16.4,FALSE,16.4,,,,,TX,,,444535425,MORENO VALLEY,CA,US,,050658425,050658425,ShipTo,County,RIVERSIDE,,,,,,,,,,,,,0.21,0.0125,Tax,Local Sales and Use Tax,Taxable,0,16.4
,,,,2024-05-12+15:45:31,2024-05-12+00:00,Amazon.com,,AFN,,,SHIPMENT,MarketplaceFacilitator,Amazon,,1,USD,,,,16.4,FALSE,16.4,,,,,TX,,,444535425,MORENO VALLEY,CA,US,,050658425,050658425,ShipTo,District,TRANSPORTATION COMMISSION (RCTC),,,,,,,,,,,,,0.08,0.005,Tax,Local Sales and Use Tax,Taxable,0,16.4
,,,,2024-05-12+14:31:52,2024-05-12+00:00,Amazon.com,,AFN,,,SHIPMENT,MarketplaceFacilitator,Amazon,,1,USD,,,,16.4,FALSE,16.4,0,0.87,,,NC,,,341830000,FREDERICKSBURG,VA,US,,471790000,471790000,ShipTo,State,VA,,,,,,,,,,,,,0.71,0.043,Tax,Retail Sales and Use Tax,Taxable,0,16.4
,,,,2024-05-12+14:31:52,2024-05-12+00:00,Amazon.com,,AFN,,,SHIPMENT,MarketplaceFacilitator,Amazon,,1,USD,,,,16.4,FALSE,16.4,,,,,NC,,,341830000,FREDERICKSBURG,VA,US,,471790000,471790000,ShipTo,City,NOT APPLICABLE,,,,,,,,,,,,,0,0,Tax,,ZeroRated,16.4,0
,,,,2024-05-12+14:31:52,2024-05-12+00:00,Amazon.com,,AFN,,,SHIPMENT,MarketplaceFacilitator,Amazon,,1,USD,,,,16.4,FALSE,16.4,,,,,NC,,,341830000,FREDERICKSBURG,VA,US,,471790000,471790000,ShipTo,County,STAFFORD,,,,,,,,,,,,,0.16,0.01,Tax,Local Sales and Use Tax,Taxable,0,16.4
,,,,2024-05-12+14:31:52,2024-05-12+00:00,Amazon.com,,AFN,,,SHIPMENT,MarketplaceFacilitator,Amazon,,1,USD,,,,16.4,FALSE,16.4,,,,,NC,,,341830000,FREDERICKSBURG,VA,US,,471790000,471790000,ShipTo,District,NOT APPLICABLE,,,,,,,,,,,,,0,0,Tax,,ZeroRated,16.4,0
,,,,2024-05-12+19:33:44,2024-05-13+00:00,Amazon.com,,AFN,,,SHIPMENT,MarketplaceFacilitator,Amazon,,1,USD,,,,16.4,FALSE,16.4,0,1.04,,,NY,,,330550000,NEW LONDON,CT,US,,070110320,070110320,ShipTo,State,CT,,,,,,,,,,,,,1.04,0.0635,Tax,Sales and Use Tax,Taxable,0,16.4
,,,,2024-05-12+19:33:44,2024-05-13+00:00,Amazon.com,,AFN,,,SHIPMENT,MarketplaceFacilitator,Amazon,,1,USD,,,,16.4,FALSE,16.4,,,,,NY,,,330550000,NEW LONDON,CT,US,,070110320,070110320,ShipTo,City,NOT APPLICABLE,,,,,,,,,,,,,0,0,Tax,,ZeroRated,16.4,0
,,,,2024-05-12+19:33:44,2024-05-13+00:00,Amazon.com,,AFN,,,SHIPMENT,MarketplaceFacilitator,Amazon,,1,USD,,,,16.4,FALSE,16.4,,,,,NY,,,330550000,NEW LONDON,CT,US,,070110320,070110320,ShipTo,County,NOT APPLICABLE,,,,,,,,,,,,,0,0,Tax,,ZeroRated,16.4,0
,,,,2024-05-12+19:33:44,2024-05-13+00:00,Amazon.com,,AFN,,,SHIPMENT,MarketplaceFacilitator,Amazon,,1,USD,,,,16.4,FALSE,16.4,,,,,NY,,,330550000,NEW LONDON,CT,US,,070110320,070110320,ShipTo,District,NOT APPLICABLE,,,,,,,,,,,,,0,0,Tax,,ZeroRated,16.4,0
,,,,2024-05-12+17:22:02,2024-05-13+00:00,Amazon.com,,AFN,,,SHIPMENT,MarketplaceFacilitator,Amazon,,1,USD,,,,16.4,FALSE,16.4,0,1.09,,,MD,,,210050000,Mullica Hill,NJ,US,,310150000,310150000,ShipTo,State,NJ,,,,,,,,,,,,,1.09,0.06625,Tax,Sales and Use Tax,Taxable,0,16.4
,,,,2024-05-12+17:22:02,2024-05-13+00:00,Amazon.com,,AFN,,,SHIPMENT,MarketplaceFacilitator,Amazon,,1,USD,,,,16.4,FALSE,16.4,,,,,MD,,,210050000,Mullica Hill,NJ,US,,310150000,310150000,ShipTo,City,NOT APPLICABLE,,,,,,,,,,,,,0,0,Tax,,ZeroRated,16.4,0
,,,,2024-05-12+17:22:02,2024-05-13+00:00,Amazon.com,,AFN,,,SHIPMENT,MarketplaceFacilitator,Amazon,,1,USD,,,,16.4,FALSE,16.4,,,,,MD,,,210050000,Mullica Hill,NJ,US,,310150000,310150000,ShipTo,County,NOT APPLICABLE,,,,,,,,,,,,,0,0,Tax,,ZeroRated,16.4,0
,,,,2024-05-12+17:22:02,2024-05-13+00:00,Amazon.com,,AFN,,,SHIPMENT,MarketplaceFacilitator,Amazon,,1,USD,,,,16.4,FALSE,16.4,,,,,MD,,,210050000,Mullica Hill,NJ,US,,310150000,310150000,ShipTo,District,NOT APPLICABLE,,,,,,,,,,,,,0,0,Tax,,ZeroRated,16.4,0
,,,,2024-05-13+04:12:13,2024-05-13+00:00,Amazon.com,,AFN,,,SHIPMENT,MarketplaceFacilitator,Amazon,,1,USD,,,,16.4,FALSE,16.4,0,1.28,,,CO,,,060010470,GILBERT,AZ,US,,030130600,030130600,ShipTo,State,AZ,,,,,,,,,,,,,0.92,0.056,Tax,Transaction Privilege and Use Tax,Taxable,0,16.4
,,,,2024-05-13+04:12:13,2024-05-13+00:00,Amazon.com,,AFN,,,SHIPMENT,MarketplaceFacilitator,Amazon,,1,USD,,,,16.4,FALSE,16.4,,,,,CO,,,060010470,GILBERT,AZ,US,,030130600,030130600,ShipTo,City,GILBERT,,,,,,,,,,,,,0.25,0.015,Tax,Local Transaction Privilege and Use Tax,Taxable,0,16.4
,,,,2024-05-13+04:12:13,2024-05-13+00:00,Amazon.com,,AFN,,,SHIPMENT,MarketplaceFacilitator,Amazon,,1,USD,,,,16.4,FALSE,16.4,,,,,CO,,,060010470,GILBERT,AZ,US,,030130600,030130600,ShipTo,County,MARICOPA,,,,,,,,,,,,,0.11,0.007,Tax,Local Transaction Privilege and Use Tax,Taxable,0,16.4
,,,,2024-05-13+04:12:13,2024-05-13+00:00,Amazon.com,,AFN,,,SHIPMENT,MarketplaceFacilitator,Amazon,,1,USD,,,,16.4,FALSE,16.4,,,,,CO,,,060010470,GILBERT,AZ,US,,030130600,030130600,ShipTo,District,NOT APPLICABLE,,,,,,,,,,,,,0,0,Tax,,ZeroRated,16.4,0
,,,,2024-05-13+08:25:28,2024-05-13+00:00,Amazon.com,,AFN,,,SHIPMENT,MarketplaceFacilitator,Amazon,,1,USD,,,,16.4,FALSE,16.4,0,1.44,,,WA,,,480330320,SNOQUALMIE,WA,US,,480335428,480335428,ShipTo,State,WA,,,,,,,,,,,,,1.06,0.065,Tax,Retail Sales and Use Tax,Taxable,0,16.4
,,,,2024-05-13+08:25:28,2024-05-13+00:00,Amazon.com,,AFN,,,SHIPMENT,MarketplaceFacilitator,Amazon,,1,USD,,,,16.4,FALSE,16.4,,,,,WA,,,480330320,SNOQUALMIE,WA,US,,480335428,480335428,ShipTo,City,NOT APPLICABLE,,,,,,,,,,,,,0,0,Tax,,ZeroRated,16.4,0
,,,,2024-05-13+08:25:28,2024-05-13+00:00,Amazon.com,,AFN,,,SHIPMENT,MarketplaceFacilitator,Amazon,,1,USD,,,,16.4,FALSE,16.4,,,,,WA,,,480330320,SNOQUALMIE,WA,US,,480335428,480335428,ShipTo,County,KING,,,,,,,,,,,,,0.38,0.023,Tax,Local Sales and Use Tax,Taxable,0,16.4
,,,,2024-05-13+08:25:28,2024-05-13+00:00,Amazon.com,,AFN,,,SHIPMENT,MarketplaceFacilitator,Amazon,,1,USD,,,,16.4,FALSE,16.4,,,,,WA,,,480330320,SNOQUALMIE,WA,US,,480335428,480335428,ShipTo,District,NOT APPLICABLE,,,,,,,,,,,,,0,0,Tax,,ZeroRated,16.4,0
,,,,2024-05-13+08:25:28,2024-05-13+00:00,Amazon.com,,AFN,,,SHIPMENT,MarketplaceFacilitator,Amazon,,1,USD,,,,0.99,FALSE,0.99,0,0,,,WA,,,480330320,SNOQUALMIE,WA,US,,480335428,480335428,ShipTo,State,WA,,,Y,0,0,-0.99,PromotionIdAndCouponCode,0,,Self Funded,ReductionInTaxableBasis,,0,0.065,Tax,Retail Sales and Use Tax,Taxable,0,0
,,,,2024-05-13+08:25:28,2024-05-13+00:00,Amazon.com,,AFN,,,SHIPMENT,MarketplaceFacilitator,Amazon,,1,USD,,,,0.99,FALSE,0.99,,,,,WA,,,480330320,SNOQUALMIE,WA,US,,480335428,480335428,ShipTo,City,NOT APPLICABLE,,,Y,0,0,-0.99,PromotionIdAndCouponCode,0,,Self Funded,ReductionInTaxableBasis,,0,0,Tax,,NonTaxable,0,0
,,,,2024-05-13+08:25:28,2024-05-13+00:00,Amazon.com,,AFN,,,SHIPMENT,MarketplaceFacilitator,Amazon,,1,USD,,,,0.99,FALSE,0.99,,,,,WA,,,480330320,SNOQUALMIE,WA,US,,480335428,480335428,ShipTo,County,KING,,,Y,0,0,-0.99,PromotionIdAndCouponCode,0,,Self Funded,ReductionInTaxableBasis,,0,0.023,Tax,Local Sales and Use Tax,Taxable,0,0
,,,,2024-05-13+08:25:28,2024-05-13+00:00,Amazon.com,,AFN,,,SHIPMENT,MarketplaceFacilitator,Amazon,,1,USD,,,,0.99,FALSE,0.99,,,,,WA,,,480330320,SNOQUALMIE,WA,US,,480335428,480335428,ShipTo,District,NOT APPLICABLE,,,Y,0,0,-0.99,PromotionIdAndCouponCode,0,,Self Funded,ReductionInTaxableBasis,,0,0,Tax,,NonTaxable,0,0
,,,,2024-05-12+23:23:48,2024-05-13+00:00,Amazon.com,,AFN,,,SHIPMENT,MarketplaceFacilitator,Amazon,,1,USD,,,,16.4,FALSE,16.4,0,1.31,,,NY,,,330550000,ROCHESTER,NY,US,,330550000,330550000,ShipTo,State,NY,,,,,,,,,,,,,0.66,0.04,Tax,Sales and Compensating Use Tax,Taxable,0,16.4
,,,,2024-05-12+23:23:48,2024-05-13+00:00,Amazon.com,,AFN,,,SHIPMENT,MarketplaceFacilitator,Amazon,,1,USD,,,,16.4,FALSE,16.4,,,,,NY,,,330550000,ROCHESTER,NY,US,,330550000,330550000,ShipTo,City,NOT APPLICABLE,,,,,,,,,,,,,0,0,Tax,,ZeroRated,16.4,0
,,,,2024-05-12+23:23:48,2024-05-13+00:00,Amazon.com,,AFN,,,SHIPMENT,MarketplaceFacilitator,Amazon,,1,USD,,,,16.4,FALSE,16.4,,,,,NY,,,330550000,ROCHESTER,NY,US,,330550000,330550000,ShipTo,County,MONROE,,,,,,,,,,,,,0.65,0.04,Tax,Local Sales and Use Tax,Taxable,0,16.4
,,,,2024-05-12+23:23:48,2024-05-13+00:00,Amazon.com,,AFN,,,SHIPMENT,MarketplaceFacilitator,Amazon,,1,USD,,,,16.4,FALSE,16.4,,,,,NY,,,330550000,ROCHESTER,NY,US,,330550000,330550000,ShipTo,District,NOT APPLICABLE,,,,,,,,,,,,,0,0,Tax,,ZeroRated,16.4,0
,,,,2024-05-11+15:51:21,2024-05-13+00:00,Amazon.com,,AFN,,,RETURN,MarketplaceFacilitator,Amazon,,1,USD,,,,16.4,FALSE,-16.4,0,-1.09,,,NY,,,330550000,Lyndhurst,NJ,US,,310036454,310036454,ShipTo,State,NJ,,,,,,,,,,,,,-1.09,0.06625,Tax,Sales and Use Tax,Taxable,0,-16.4
,,,,2024-05-11+15:51:21,2024-05-13+00:00,Amazon.com,,AFN,,,RETURN,MarketplaceFacilitator,Amazon,,1,USD,,,,16.4,FALSE,-16.4,,,,,NY,,,330550000,Lyndhurst,NJ,US,,310036454,310036454,ShipTo,City,NOT APPLICABLE,,,,,,,,,,,,,0,0,Tax,,ZeroRated,-16.4,0
,,,,2024-05-11+15:51:21,2024-05-13+00:00,Amazon.com,,AFN,,,RETURN,MarketplaceFacilitator,Amazon,,1,USD,,,,16.4,FALSE,-16.4,,,,,NY,,,330550000,Lyndhurst,NJ,US,,310036454,310036454,ShipTo,County,NOT APPLICABLE,,,,,,,,,,,,,0,0,Tax,,ZeroRated,-16.4,0
,,,,2024-05-11+15:51:21,2024-05-13+00:00,Amazon.com,,AFN,,,RETURN,MarketplaceFacilitator,Amazon,,1,USD,,,,16.4,FALSE,-16.4,,,,,NY,,,330550000,Lyndhurst,NJ,US,,310036454,310036454,ShipTo,District,NOT APPLICABLE,,,,,,,,,,,,,0,0,Tax,,ZeroRated,-16.4,0
,,,,2024-05-12+08:16:16,2024-05-14+00:00,Amazon.com,,AFN,,,SHIPMENT,MarketplaceFacilitator,Amazon,,1,USD,,,,16.99,FALSE,16.99,0,1.1,,,FL,,,100310660,PALM CITY,FL,US,,100850000,100850000,ShipTo,State,FL,,,,,,,,,,,,,1.02,0.06,Tax,Sales and Use Tax,Taxable,0,16.99
,,,,2024-05-12+08:16:16,2024-05-14+00:00,Amazon.com,,AFN,,,SHIPMENT,MarketplaceFacilitator,Amazon,,1,USD,,,,16.99,FALSE,16.99,,,,,FL,,,100310660,PALM CITY,FL,US,,100850000,100850000,ShipTo,City,NOT APPLICABLE,,,,,,,,,,,,,0,0,Tax,,ZeroRated,16.99,0
,,,,2024-05-12+08:16:16,2024-05-14+00:00,Amazon.com,,AFN,,,SHIPMENT,MarketplaceFacilitator,Amazon,,1,USD,,,,16.99,FALSE,16.99,,,,,FL,,,100310660,PALM CITY,FL,US,,100850000,100850000,ShipTo,County,MARTIN,,,,,,,,,,,,,0.08,0.005,Tax,Local Sales and Use Tax (Discretionary Sales Surtax),Taxable,0,16.99
,,,,2024-05-12+08:16:16,2024-05-14+00:00,Amazon.com,,AFN,,,SHIPMENT,MarketplaceFacilitator,Amazon,,1,USD,,,,16.99,FALSE,16.99,,,,,FL,,,100310660,PALM CITY,FL,US,,100850000,100850000,ShipTo,District,NOT APPLICABLE,,,,,,,,,,,,,0,0,Tax,,ZeroRated,16.99,0
,,,,2024-05-12+08:16:16,2024-05-14+00:00,Amazon.com,,AFN,,,SHIPMENT,MarketplaceFacilitator,Amazon,,1,USD,,,,3.52,FALSE,3.52,0,0,,,FL,,,100310660,PALM CITY,FL,US,,100850000,100850000,ShipTo,State,FL,,,Y,0,0,-3.52,PromotionIdAndCouponCode,0,,Self Funded,ReductionInTaxableBasis,,0,0,Tax,Sales and Use Tax,NonTaxable,0,0
,,,,2024-05-12+08:16:16,2024-05-14+00:00,Amazon.com,,AFN,,,SHIPMENT,MarketplaceFacilitator,Amazon,,1,USD,,,,3.52,FALSE,3.52,,,,,FL,,,100310660,PALM CITY,FL,US,,100850000,100850000,ShipTo,City,NOT APPLICABLE,,,Y,0,0,-3.52,PromotionIdAndCouponCode,0,,Self Funded,ReductionInTaxableBasis,,0,0,Tax,,NonTaxable,0,0
,,,,2024-05-12+08:16:16,2024-05-14+00:00,Amazon.com,,AFN,,,SHIPMENT,MarketplaceFacilitator,Amazon,,1,USD,,,,3.52,FALSE,3.52,,,,,FL,,,100310660,PALM CITY,FL,US,,100850000,100850000,ShipTo,County,MARTIN,,,Y,0,0,-3.52,PromotionIdAndCouponCode,0,,Self Funded,ReductionInTaxableBasis,,0,0,Tax,Local Sales and Use Tax (Discretionary Sales Surtax),NonTaxable,0,0
,,,,2024-05-12+08:16:16,2024-05-14+00:00,Amazon.com,,AFN,,,SHIPMENT,MarketplaceFacilitator,Amazon,,1,USD,,,,3.52,FALSE,3.52,,,,,FL,,,100310660,PALM CITY,FL,US,,100850000,100850000,ShipTo,District,NOT APPLICABLE,,,Y,0,0,-3.52,PromotionIdAndCouponCode,0,,Self Funded,ReductionInTaxableBasis,,0,0,Tax,,NonTaxable,0,0
,,,,2024-05-13+23:24:03,2024-05-14+00:00,Amazon.com,,AFN,,,SHIPMENT,MarketplaceFacilitator,Amazon,,1,USD,,,,16.4,FALSE,16.4,0,0,,,TX,,,444535425,HUMBLE,TX,US,,442010772,442010772,ShipTo,State,TX,,,,,,,,,,,,,0,0,Tax,Sales and Use Tax,Exempt,16.4,0
,,,,2024-05-13+23:24:03,2024-05-14+00:00,Amazon.com,,AFN,,,SHIPMENT,MarketplaceFacilitator,Amazon,,1,USD,,,,16.4,FALSE,16.4,,,,,TX,,,444535425,HUMBLE,TX,US,,442010772,442010772,ShipTo,City,NOT APPLICABLE,,,,,,,,,,,,,0,0,Tax,,ZeroRated,16.4,0
,,,,2024-05-13+23:24:03,2024-05-14+00:00,Amazon.com,,AFN,,,SHIPMENT,MarketplaceFacilitator,Amazon,,1,USD,,,,16.4,FALSE,16.4,,,,,TX,,,444535425,HUMBLE,TX,US,,442010772,442010772,ShipTo,County,NOT APPLICABLE,,,,,,,,,,,,,0,0,Tax,,ZeroRated,16.4,0
,,,,2024-05-13+23:24:03,2024-05-14+00:00,Amazon.com,,AFN,,,SHIPMENT,MarketplaceFacilitator,Amazon,,1,USD,,,,16.4,FALSE,16.4,,,,,TX,,,444535425,HUMBLE,TX,US,,442010772,442010772,ShipTo,District,HARRIS COUNTY EMERGENCY SERVICES DISTRICT NO. 46,,,,,,,,,,,,,0,0,Tax,Local Sales and Use Tax,Exempt,16.4,0
,,,,2024-05-13+20:13:49,2024-05-14+00:00,Amazon.com,,AFN,,,SHIPMENT,MarketplaceFacilitator,Amazon,,1,USD,,,,16.4,FALSE,16.4,0,0.8,,,TX,,,444535425,ENID,OK,US,,370470000,370470000,ShipTo,State,OK,,,,,,,,,,,,,0.74,0.045,Tax,Sales and Use Tax,Taxable,0,16.4
,,,,2024-05-13+20:13:49,2024-05-14+00:00,Amazon.com,,AFN,,,SHIPMENT,MarketplaceFacilitator,Amazon,,1,USD,,,,16.4,FALSE,16.4,,,,,TX,,,444535425,ENID,OK,US,,370470000,370470000,ShipTo,City,NOT APPLICABLE,,,,,,,,,,,,,0,0,Tax,,ZeroRated,16.4,0
,,,,2024-05-13+20:13:49,2024-05-14+00:00,Amazon.com,,AFN,,,SHIPMENT,MarketplaceFacilitator,Amazon,,1,USD,,,,16.4,FALSE,16.4,,,,,TX,,,444535425,ENID,OK,US,,370470000,370470000,ShipTo,County,GARFIELD,,,,,,,,,,,,,0.06,0.0035,Tax,Local Sales and Use Tax,Taxable,0,16.4
,,,,2024-05-13+20:13:49,2024-05-14+00:00,Amazon.com,,AFN,,,SHIPMENT,MarketplaceFacilitator,Amazon,,1,USD,,,,16.4,FALSE,16.4,,,,,TX,,,444535425,ENID,OK,US,,370470000,370470000,ShipTo,District,NOT APPLICABLE,,,,,,,,,,,,,0,0,Tax,,ZeroRated,16.4,0
,,,,2024-05-13+20:13:45,2024-05-14+00:00,Amazon.com,,AFN,,,SHIPMENT,MarketplaceFacilitator,Amazon,,1,USD,,,,16.4,FALSE,16.4,0,1.35,,,TX,,,444535425,SAN ANGELO,TX,US,,444512560,444512560,ShipTo,State,TX,,,,,,,,,,,,,1.02,0.0625,Tax,Sales and Use Tax,Taxable,0,16.4
,,,,2024-05-13+20:13:45,2024-05-14+00:00,Amazon.com,,AFN,,,SHIPMENT,MarketplaceFacilitator,Amazon,,1,USD,,,,16.4,FALSE,16.4,,,,,TX,,,444535425,SAN ANGELO,TX,US,,444512560,444512560,ShipTo,City,SAN ANGELO,,,,,,,,,,,,,0.25,0.015,Tax,Local Sales and Use Tax,Taxable,0,16.4
,,,,2024-05-13+20:13:45,2024-05-14+00:00,Amazon.com,,AFN,,,SHIPMENT,MarketplaceFacilitator,Amazon,,1,USD,,,,16.4,FALSE,16.4,,,,,TX,,,444535425,SAN ANGELO,TX,US,,444512560,444512560,ShipTo,County,TOM GREEN,,,,,,,,,,,,,0.08,0.005,Tax,Local Sales and Use Tax,Taxable,0,16.4
,,,,2024-05-13+20:13:45,2024-05-14+00:00,Amazon.com,,AFN,,,SHIPMENT,MarketplaceFacilitator,Amazon,,1,USD,,,,16.4,FALSE,16.4,,,,,TX,,,444535425,SAN ANGELO,TX,US,,444512560,444512560,ShipTo,District,NOT APPLICABLE,,,,,,,,,,,,,0,0,Tax,,ZeroRated,16.4,0
,,,,2024-05-14+00:01:54,2024-05-14+00:00,Amazon.com,,AFN,,,SHIPMENT,MarketplaceFacilitator,Amazon,,1,USD,,,,16.4,FALSE,16.4,0,1.15,,,NC,,,341830000,EASLEY,SC,US,,410770280,410770280,ShipTo,State,SC,,,,,,,,,,,,,0.99,0.06,Tax,Sales and Use Tax,Taxable,0,16.4
,,,,2024-05-14+00:01:54,2024-05-14+00:00,Amazon.com,,AFN,,,SHIPMENT,MarketplaceFacilitator,Amazon,,1,USD,,,,16.4,FALSE,16.4,,,,,NC,,,341830000,EASLEY,SC,US,,410770280,410770280,ShipTo,City,NOT APPLICABLE,,,,,,,,,,,,,0,0,Tax,,ZeroRated,16.4,0
,,,,2024-05-14+00:01:54,2024-05-14+00:00,Amazon.com,,AFN,,,SHIPMENT,MarketplaceFacilitator,Amazon,,1,USD,,,,16.4,FALSE,16.4,,,,,NC,,,341830000,EASLEY,SC,US,,410770280,410770280,ShipTo,County,PICKENS,,,,,,,,,,,,,0.16,0.01,Tax,Local Sales and Use Tax,Taxable,0,16.4
,,,,2024-05-14+00:01:54,2024-05-14+00:00,Amazon.com,,AFN,,,SHIPMENT,MarketplaceFacilitator,Amazon,,1,USD,,,,16.4,FALSE,16.4,,,,,NC,,,341830000,EASLEY,SC,US,,410770280,410770280,ShipTo,District,NOT APPLICABLE,,,,,,,,,,,,,0,0,Tax,,ZeroRated,16.4,0
,,,,2024-05-14+14:43:40,2024-05-15+00:00,Amazon.com,,AFN,,,SHIPMENT,MarketplaceFacilitator,Amazon,,1,USD,,,,17.4,FALSE,17.4,0,1.44,,,TX,,,444535425,BELLAIRE,TX,US,,442010250,442010250,ShipTo,State,TX,,,,,,,,,,,,,1.1,0.0625,Tax,Sales and Use Tax,Taxable,0,17.4
,,,,2024-05-14+14:43:40,2024-05-15+00:00,Amazon.com,,AFN,,,SHIPMENT,MarketplaceFacilitator,Amazon,,1,USD,,,,17.4,FALSE,17.4,,,,,TX,,,444535425,BELLAIRE,TX,US,,442010250,442010250,ShipTo,City,BELLAIRE,,,,,,,,,,,,,0.17,0.01,Tax,Local Sales and Use Tax,Taxable,0,17.4
,,,,2024-05-14+14:43:40,2024-05-15+00:00,Amazon.com,,AFN,,,SHIPMENT,MarketplaceFacilitator,Amazon,,1,USD,,,,17.4,FALSE,17.4,,,,,TX,,,444535425,BELLAIRE,TX,US,,442010250,442010250,ShipTo,County,NOT APPLICABLE,,,,,,,,,,,,,0,0,Tax,,ZeroRated,17.4,0
,,,,2024-05-14+14:43:40,2024-05-15+00:00,Amazon.com,,AFN,,,SHIPMENT,MarketplaceFacilitator,Amazon,,1,USD,,,,17.4,FALSE,17.4,,,,,TX,,,444535425,BELLAIRE,TX,US,,442010250,442010250,ShipTo,District,HOUSTON METROPOLITAN TRANSIT AUTHORITY,,,,,,,,,,,,,0.17,0.01,Tax,Local Sales and Use Tax,Taxable,0,17.4
,,,,2024-05-14+08:15:25,2024-05-15+00:00,Amazon.com,,AFN,,,SHIPMENT,MarketplaceFacilitator,Amazon,,1,USD,,,,17.4,FALSE,17.4,0,1.56,,,MS,,,250890090,PRAIRIEVILLE,LA,US,,190050000,190050000,ShipTo,State,LA,,,,,,,,,,,,,0.77,0.0445,Tax,Sales and Use Tax,Taxable,0,17.4
,,,,2024-05-14+08:15:25,2024-05-15+00:00,Amazon.com,,AFN,,,SHIPMENT,MarketplaceFacilitator,Amazon,,1,USD,,,,17.4,FALSE,17.4,,,,,MS,,,250890090,PRAIRIEVILLE,LA,US,,190050000,190050000,ShipTo,City,NOT APPLICABLE,,,,,,,,,,,,,0,0,Tax,,ZeroRated,17.4,0
,,,,2024-05-14+08:15:25,2024-05-15+00:00,Amazon.com,,AFN,,,SHIPMENT,MarketplaceFacilitator,Amazon,,1,USD,,,,17.4,FALSE,17.4,,,,,MS,,,250890090,PRAIRIEVILLE,LA,US,,190050000,190050000,ShipTo,County,ASCENSION,,,,,,,,,,,,,0.61,0.035,Tax,Local Sales and Use Tax,Taxable,0,17.4
,,,,2024-05-14+08:15:25,2024-05-15+00:00,Amazon.com,,AFN,,,SHIPMENT,MarketplaceFacilitator,Amazon,,1,USD,,,,17.4,FALSE,17.4,,,,,MS,,,250890090,PRAIRIEVILLE,LA,US,,190050000,190050000,ShipTo,District,ASCENSION PARISH DRAINAGE DISTRICT,,,,,,,,,,,,,0.09,0.005,Tax,Local Sales and Use Tax,Taxable,0,17.4
,,,,2024-05-14+08:15:25,2024-05-15+00:00,Amazon.com,,AFN,,,SHIPMENT,MarketplaceFacilitator,Amazon,,1,USD,,,,17.4,FALSE,17.4,,,,,MS,,,250890090,PRAIRIEVILLE,LA,US,,190050000,190050000,ShipTo,District,ASCENSION PARISH SALES TAX DISTRICT,,,,,,,,,,,,,0.09,0.005,Tax,Local Sales and Use Tax,Taxable,0,17.4
,,,,2024-05-14+23:03:46,2024-05-15+00:00,Amazon.com,,AFN,,,SHIPMENT,MarketplaceFacilitator,Amazon,,1,USD,,,,17.4,FALSE,17.4,0,1.44,,,TN,,,431570560,AURORA,IL,US,,140890090,140890090,ShipTo,State,IL,,,,,,,,,,,,,1.09,0.0625,Tax,Retailers'/Service Occupation and Use/Service Use Tax,Taxable,0,17.4
,,,,2024-05-14+23:03:46,2024-05-15+00:00,Amazon.com,,AFN,,,SHIPMENT,MarketplaceFacilitator,Amazon,,1,USD,,,,17.4,FALSE,17.4,,,,,TN,,,431570560,AURORA,IL,US,,140890090,140890090,ShipTo,City,AURORA,,,,,,,,,,,,,0.22,0.0125,Tax,Local Sales Tax,Taxable,0,17.4
,,,,2024-05-14+23:03:46,2024-05-15+00:00,Amazon.com,,AFN,,,SHIPMENT,MarketplaceFacilitator,Amazon,,1,USD,,,,17.4,FALSE,17.4,,,,,TN,,,431570560,AURORA,IL,US,,140890090,140890090,ShipTo,County,NOT APPLICABLE,,,,,,,,,,,,,0,0,Tax,,ZeroRated,17.4,0
,,,,2024-05-14+23:03:46,2024-05-15+00:00,Amazon.com,,AFN,,,SHIPMENT,MarketplaceFacilitator,Amazon,,1,USD,,,,17.4,FALSE,17.4,,,,,TN,,,431570560,AURORA,IL,US,,140890090,140890090,ShipTo,District,"REGIONAL TRANSPORTATION AUTHORITY (KANE,LAKE,MCHENRY,WILL)",,,,,,,,,,,,,0.13,0.0075,Tax,Local Sales and Use Tax,Taxable,0,17.4
,,,,2024-05-14+22:36:29,2024-05-15+00:00,Amazon.com,,AFN,,,SHIPMENT,MarketplaceFacilitator,Amazon,,1,USD,,,,17.4,FALSE,17.4,0,1.48,,,TX,,,444535425,VALLEY CENTER,KS,US,,171730830,171730830,ShipTo,State,KS,,,,,,,,,,,,,1.14,0.065,Tax,Retailers/Sales and Compensating Tax,Taxable,0,17.4
,,,,2024-05-14+22:36:29,2024-05-15+00:00,Amazon.com,,AFN,,,SHIPMENT,MarketplaceFacilitator,Amazon,,1,USD,,,,17.4,FALSE,17.4,,,,,TX,,,444535425,VALLEY CENTER,KS,US,,171730830,171730830,ShipTo,City,VALLEY CENTER,,,,,,,,,,,,,0.17,0.01,Tax,Local Retailers' Sales and Compensating Tax,Taxable,0,17.4
,,,,2024-05-14+22:36:29,2024-05-15+00:00,Amazon.com,,AFN,,,SHIPMENT,MarketplaceFacilitator,Amazon,,1,USD,,,,17.4,FALSE,17.4,,,,,TX,,,444535425,VALLEY CENTER,KS,US,,171730830,171730830,ShipTo,County,SEDGWICK,,,,,,,,,,,,,0.17,0.01,Tax,Local Retailers' Sales and Compensating Tax,Taxable,0,17.4
,,,,2024-05-14+22:36:29,2024-05-15+00:00,Amazon.com,,AFN,,,SHIPMENT,MarketplaceFacilitator,Amazon,,1,USD,,,,17.4,FALSE,17.4,,,,,TX,,,444535425,VALLEY CENTER,KS,US,,171730830,171730830,ShipTo,District,NOT APPLICABLE,,,,,,,,,,,,,0,0,Tax,,ZeroRated,17.4,0
,,,,2024-05-14+22:36:29,2024-05-15+00:00,Amazon.com,,AFN,,,SHIPMENT,MarketplaceFacilitator,Amazon,,1,USD,,,,17.4,FALSE,17.4,0,1.48,,,TX,,,444535425,VALLEY CENTER,KS,US,,171730830,171730830,ShipTo,State,KS,,,,,,,,,,,,,1.14,0.065,Tax,Retailers/Sales and Compensating Tax,Taxable,0,17.4
,,,,2024-05-14+22:36:29,2024-05-15+00:00,Amazon.com,,AFN,,,SHIPMENT,MarketplaceFacilitator,Amazon,,1,USD,,,,17.4,FALSE,17.4,,,,,TX,,,444535425,VALLEY CENTER,KS,US,,171730830,171730830,ShipTo,City,VALLEY CENTER,,,,,,,,,,,,,0.17,0.01,Tax,Local Retailers' Sales and Compensating Tax,Taxable,0,17.4
,,,,2024-05-14+22:36:29,2024-05-15+00:00,Amazon.com,,AFN,,,SHIPMENT,MarketplaceFacilitator,Amazon,,1,USD,,,,17.4,FALSE,17.4,,,,,TX,,,444535425,VALLEY CENTER,KS,US,,171730830,171730830,ShipTo,County,SEDGWICK,,,,,,,,,,,,,0.17,0.01,Tax,Local Retailers' Sales and Compensating Tax,Taxable,0,17.4
,,,,2024-05-14+22:36:29,2024-05-15+00:00,Amazon.com,,AFN,,,SHIPMENT,MarketplaceFacilitator,Amazon,,1,USD,,,,17.4,FALSE,17.4,,,,,TX,,,444535425,VALLEY CENTER,KS,US,,171730830,171730830,ShipTo,District,NOT APPLICABLE,,,,,,,,,,,,,0,0,Tax,,ZeroRated,17.4,0
,,,,2024-05-14+22:36:29,2024-05-15+00:00,Amazon.com,,AFN,,,SHIPMENT,MarketplaceFacilitator,Amazon,,1,USD,,,,2.36,FALSE,2.36,0,0,,,TX,,,444535425,VALLEY CENTER,KS,US,,171730830,171730830,ShipTo,State,KS,,,,,,,,,,,,,0,0,Tax,Retailers/Sales and Compensating Tax,Exempt,2.36,0
,,,,2024-05-14+22:36:29,2024-05-15+00:00,Amazon.com,,AFN,,,SHIPMENT,MarketplaceFacilitator,Amazon,,1,USD,,,,2.36,FALSE,2.36,,,,,TX,,,444535425,VALLEY CENTER,KS,US,,171730830,171730830,ShipTo,City,VALLEY CENTER,,,,,,,,,,,,,0,0,Tax,Local Retailers' Sales and Compensating Tax,Exempt,2.36,0
,,,,2024-05-14+22:36:29,2024-05-15+00:00,Amazon.com,,AFN,,,SHIPMENT,MarketplaceFacilitator,Amazon,,1,USD,,,,2.36,FALSE,2.36,,,,,TX,,,444535425,VALLEY CENTER,KS,US,,171730830,171730830,ShipTo,County,SEDGWICK,,,,,,,,,,,,,0,0,Tax,Local Retailers' Sales and Compensating Tax,Exempt,2.36,0
,,,,2024-05-14+22:36:29,2024-05-15+00:00,Amazon.com,,AFN,,,SHIPMENT,MarketplaceFacilitator,Amazon,,1,USD,,,,2.36,FALSE,2.36,,,,,TX,,,444535425,VALLEY CENTER,KS,US,,171730830,171730830,ShipTo,District,NOT APPLICABLE,,,,,,,,,,,,,0,0,Tax,,ZeroRated,2.36,0
,,,,2024-05-14+22:36:29,2024-05-15+00:00,Amazon.com,,AFN,,,SHIPMENT,MarketplaceFacilitator,Amazon,,1,USD,,,,2.35,FALSE,2.35,0,0,,,TX,,,444535425,VALLEY CENTER,KS,US,,171730830,171730830,ShipTo,State,KS,,,,,,,,,,,,,0,0,Tax,Retailers/Sales and Compensating Tax,Exempt,2.35,0
,,,,2024-05-14+22:36:29,2024-05-15+00:00,Amazon.com,,AFN,,,SHIPMENT,MarketplaceFacilitator,Amazon,,1,USD,,,,2.35,FALSE,2.35,,,,,TX,,,444535425,VALLEY CENTER,KS,US,,171730830,171730830,ShipTo,City,VALLEY CENTER,,,,,,,,,,,,,0,0,Tax,Local Retailers' Sales and Compensating Tax,Exempt,2.35,0
,,,,2024-05-14+22:36:29,2024-05-15+00:00,Amazon.com,,AFN,,,SHIPMENT,MarketplaceFacilitator,Amazon,,1,USD,,,,2.35,FALSE,2.35,,,,,TX,,,444535425,VALLEY CENTER,KS,US,,171730830,171730830,ShipTo,County,SEDGWICK,,,,,,,,,,,,,0,0,Tax,Local Retailers' Sales and Compensating Tax,Exempt,2.35,0
,,,,2024-05-14+22:36:29,2024-05-15+00:00,Amazon.com,,AFN,,,SHIPMENT,MarketplaceFacilitator,Amazon,,1,USD,,,,2.35,FALSE,2.35,,,,,TX,,,444535425,VALLEY CENTER,KS,US,,171730830,171730830,ShipTo,District,NOT APPLICABLE,,,,,,,,,,,,,0,0,Tax,,ZeroRated,2.35,0
,,,,2024-05-12+08:16:16,2024-05-15+00:00,Amazon.com,,AFN,,,RETURN,MarketplaceFacilitator,Amazon,,1,USD,,,,16.99,FALSE,-16.99,0,-1.1,,,FL,,,100310660,PALM CITY,FL,US,,100850000,100850000,ShipTo,State,FL,,,,,,,,,,,,,-1.02,0.06,Tax,Sales and Use Tax,Taxable,0,-16.99
,,,,2024-05-12+08:16:16,2024-05-15+00:00,Amazon.com,,AFN,,,RETURN,MarketplaceFacilitator,Amazon,,1,USD,,,,16.99,FALSE,-16.99,,,,,FL,,,100310660,PALM CITY,FL,US,,100850000,100850000,ShipTo,City,NOT APPLICABLE,,,,,,,,,,,,,0,0,Tax,,ZeroRated,-16.99,0
,,,,2024-05-12+08:16:16,2024-05-15+00:00,Amazon.com,,AFN,,,RETURN,MarketplaceFacilitator,Amazon,,1,USD,,,,16.99,FALSE,-16.99,,,,,FL,,,100310660,PALM CITY,FL,US,,100850000,100850000,ShipTo,County,MARTIN,,,,,,,,,,,,,-0.08,0.005,Tax,Local Sales and Use Tax (Discretionary Sales Surtax),Taxable,0,-16.99
,,,,2024-05-12+08:16:16,2024-05-15+00:00,Amazon.com,,AFN,,,RETURN,MarketplaceFacilitator,Amazon,,1,USD,,,,16.99,FALSE,-16.99,,,,,FL,,,100310660,PALM CITY,FL,US,,100850000,100850000,ShipTo,District,NOT APPLICABLE,,,,,,,,,,,,,0,0,Tax,,ZeroRated,-16.99,0
,,,,2024-05-15+04:21:42,2024-05-15+00:00,Amazon.com,,AFN,,,SHIPMENT,MarketplaceFacilitator,Amazon,,1,USD,,,,17.4,FALSE,17.4,0,1.31,,,GA,,,110511914,CELEBRATION,FL,US,,100970000,100970000,ShipTo,State,FL,,,,,,,,,,,,,1.05,0.06,Tax,Sales and Use Tax,Taxable,0,17.4
,,,,2024-05-15+04:21:42,2024-05-15+00:00,Amazon.com,,AFN,,,SHIPMENT,MarketplaceFacilitator,Amazon,,1,USD,,,,17.4,FALSE,17.4,,,,,GA,,,110511914,CELEBRATION,FL,US,,100970000,100970000,ShipTo,City,NOT APPLICABLE,,,,,,,,,,,,,0,0,Tax,,ZeroRated,17.4,0
,,,,2024-05-15+04:21:42,2024-05-15+00:00,Amazon.com,,AFN,,,SHIPMENT,MarketplaceFacilitator,Amazon,,1,USD,,,,17.4,FALSE,17.4,,,,,GA,,,110511914,CELEBRATION,FL,US,,100970000,100970000,ShipTo,County,OSCEOLA,,,,,,,,,,,,,0.26,0.015,Tax,Local Sales and Use Tax (Discretionary Sales Surtax),Taxable,0,17.4
,,,,2024-05-15+04:21:42,2024-05-15+00:00,Amazon.com,,AFN,,,SHIPMENT,MarketplaceFacilitator,Amazon,,1,USD,,,,17.4,FALSE,17.4,,,,,GA,,,110511914,CELEBRATION,FL,US,,100970000,100970000,ShipTo,District,NOT APPLICABLE,,,,,,,,,,,,,0,0,Tax,,ZeroRated,17.4,0
,,,,2024-05-15+14:17:34,2024-05-15+00:00,Amazon.com,,AFN,,,SHIPMENT,MarketplaceFacilitator,Amazon,,1,USD,,,,17.4,FALSE,17.4,0,1.57,,,TX,,,444535425,NORMAN,OK,US,,370871905,370871905,ShipTo,State,OK,,,Y,0,0,-1.22,PromotionIdAndCouponCode,0,,Amazon Funded Discount US,NoReductionInTaxabaleBasis,,0.78,0.045,Tax,Sales and Use Tax,Taxable,0,17.4
,,,,2024-05-15+14:17:34,2024-05-15+00:00,Amazon.com,,AFN,,,SHIPMENT,MarketplaceFacilitator,Amazon,,1,USD,,,,17.4,FALSE,17.4,,,,,TX,,,444535425,NORMAN,OK,US,,370871905,370871905,ShipTo,City,NEWCASTLE,,,Y,0,0,-1.22,PromotionIdAndCouponCode,0,,Amazon Funded Discount US,NoReductionInTaxabaleBasis,,0.7,0.04,Tax,Local Sales and Use Tax,Taxable,0,17.4
,,,,2024-05-15+14:17:34,2024-05-15+00:00,Amazon.com,,AFN,,,SHIPMENT,MarketplaceFacilitator,Amazon,,1,USD,,,,17.4,FALSE,17.4,,,,,TX,,,444535425,NORMAN,OK,US,,370871905,370871905,ShipTo,County,MCCLAIN,,,Y,0,0,-1.22,PromotionIdAndCouponCode,0,,Amazon Funded Discount US,NoReductionInTaxabaleBasis,,0.09,0.005,Tax,Local Sales and Use Tax,Taxable,0,17.4
,,,,2024-05-15+14:17:34,2024-05-15+00:00,Amazon.com,,AFN,,,SHIPMENT,MarketplaceFacilitator,Amazon,,1,USD,,,,17.4,FALSE,17.4,,,,,TX,,,444535425,NORMAN,OK,US,,370871905,370871905,ShipTo,District,NOT APPLICABLE,,,Y,0,0,-1.22,PromotionIdAndCouponCode,0,,Amazon Funded Discount US,NoReductionInTaxabaleBasis,,0,0,Tax,,ZeroRated,17.4,0
,,,,2024-05-15+14:17:34,2024-05-15+00:00,Amazon.com,,AFN,,,SHIPMENT,MarketplaceFacilitator,Amazon,,1,USD,,,,17.4,FALSE,17.4,0,1.57,,,TX,,,444535425,NORMAN,OK,US,,370871905,370871905,ShipTo,State,OK,,,Y,0,0,-1.22,PromotionIdAndCouponCode,0,,Amazon Funded Discount US,NoReductionInTaxabaleBasis,,0.78,0.045,Tax,Sales and Use Tax,Taxable,0,17.4
,,,,2024-05-15+14:17:34,2024-05-15+00:00,Amazon.com,,AFN,,,SHIPMENT,MarketplaceFacilitator,Amazon,,1,USD,,,,17.4,FALSE,17.4,,,,,TX,,,444535425,NORMAN,OK,US,,370871905,370871905,ShipTo,City,NEWCASTLE,,,Y,0,0,-1.22,PromotionIdAndCouponCode,0,,Amazon Funded Discount US,NoReductionInTaxabaleBasis,,0.7,0.04,Tax,Local Sales and Use Tax,Taxable,0,17.4
,,,,2024-05-15+14:17:34,2024-05-15+00:00,Amazon.com,,AFN,,,SHIPMENT,MarketplaceFacilitator,Amazon,,1,USD,,,,17.4,FALSE,17.4,,,,,TX,,,444535425,NORMAN,OK,US,,370871905,370871905,ShipTo,County,MCCLAIN,,,Y,0,0,-1.22,PromotionIdAndCouponCode,0,,Amazon Funded Discount US,NoReductionInTaxabaleBasis,,0.09,0.005,Tax,Local Sales and Use Tax,Taxable,0,17.4
,,,,2024-05-15+14:17:34,2024-05-15+00:00,Amazon.com,,AFN,,,SHIPMENT,MarketplaceFacilitator,Amazon,,1,USD,,,,17.4,FALSE,17.4,,,,,TX,,,444535425,NORMAN,OK,US,,370871905,370871905,ShipTo,District,NOT APPLICABLE,,,Y,0,0,-1.22,PromotionIdAndCouponCode,0,,Amazon Funded Discount US,NoReductionInTaxabaleBasis,,0,0,Tax,,ZeroRated,17.4,0
,,,,2024-05-15+20:32:33,2024-05-16+00:00,Amazon.com,,AFN,,,SHIPMENT,MarketplaceFacilitator,Amazon,,1,USD,,,,17.4,FALSE,17.4,0,1.5,,,KS,,,470590000,KANSAS CITY,MO,US,,260470690,260470690,ShipTo,State,MO,,,,,,,,,,,,,0.73,0.04225,Tax,Sales and Use Tax,Taxable,0,17.4
,,,,2024-05-15+20:32:33,2024-05-16+00:00,Amazon.com,,AFN,,,SHIPMENT,MarketplaceFacilitator,Amazon,,1,USD,,,,17.4,FALSE,17.4,,,,,KS,,,470590000,KANSAS CITY,MO,US,,260470690,260470690,ShipTo,City,KANSAS CITY,,,,,,,,,,,,,0.57,0.0325,Tax,Local Sales and Use Tax,Taxable,0,17.4
,,,,2024-05-15+20:32:33,2024-05-16+00:00,Amazon.com,,AFN,,,SHIPMENT,MarketplaceFacilitator,Amazon,,1,USD,,,,17.4,FALSE,17.4,,,,,KS,,,470590000,KANSAS CITY,MO,US,,260470690,260470690,ShipTo,County,CLAY,,,,,,,,,,,,,0.2,0.01125,Tax,Local Sales and Use Tax,Taxable,0,17.4
,,,,2024-05-15+20:32:33,2024-05-16+00:00,Amazon.com,,AFN,,,SHIPMENT,MarketplaceFacilitator,Amazon,,1,USD,,,,17.4,FALSE,17.4,,,,,KS,,,470590000,KANSAS CITY,MO,US,,260470690,260470690,ShipTo,District,NOT APPLICABLE,,,,,,,,,,,,,0,0,Tax,,ZeroRated,17.4,0
,,,,2024-05-15+19:23:44,2024-05-16+00:00,Amazon.com,,AFN,,,SHIPMENT,MarketplaceFacilitator,Amazon,,1,USD,,,,18.4,FALSE,18.4,0,1.15,,,NY,,,330550000,WORCESTER,MA,US,,220271190,220271190,ShipTo,State,MA,,,,,,,,,,,,,1.15,0.0625,Tax,Sales and Use Tax,Taxable,0,18.4
,,,,2024-05-15+19:23:44,2024-05-16+00:00,Amazon.com,,AFN,,,SHIPMENT,MarketplaceFacilitator,Amazon,,1,USD,,,,18.4,FALSE,18.4,,,,,NY,,,330550000,WORCESTER,MA,US,,220271190,220271190,ShipTo,City,NOT APPLICABLE,,,,,,,,,,,,,0,0,Tax,,ZeroRated,18.4,0
,,,,2024-05-15+19:23:44,2024-05-16+00:00,Amazon.com,,AFN,,,SHIPMENT,MarketplaceFacilitator,Amazon,,1,USD,,,,18.4,FALSE,18.4,,,,,NY,,,330550000,WORCESTER,MA,US,,220271190,220271190,ShipTo,County,NOT APPLICABLE,,,,,,,,,,,,,0,0,Tax,,ZeroRated,18.4,0
,,,,2024-05-15+19:23:44,2024-05-16+00:00,Amazon.com,,AFN,,,SHIPMENT,MarketplaceFacilitator,Amazon,,1,USD,,,,18.4,FALSE,18.4,,,,,NY,,,330550000,WORCESTER,MA,US,,220271190,220271190,ShipTo,District,NOT APPLICABLE,,,,,,,,,,,,,0,0,Tax,,ZeroRated,18.4,0
,,,,2024-05-15+16:13:34,2024-05-16+00:00,Amazon.com,,AFN,,,SHIPMENT,MarketplaceFacilitator,Amazon,,1,USD,,,,1,FALSE,1,0,0,,,TN,,,431570560,OMAHA,NE,US,,280550000,280550000,ShipTo,State,NE,,,Y,0,0,-1,PromotionIdAndCouponCode,0,,Self Funded,ReductionInTaxableBasis,,0,0.055,Tax,Sales and Use Tax,Taxable,0,0
,,,,2024-05-15+16:13:34,2024-05-16+00:00,Amazon.com,,AFN,,,SHIPMENT,MarketplaceFacilitator,Amazon,,1,USD,,,,1,FALSE,1,,,,,TN,,,431570560,OMAHA,NE,US,,280550000,280550000,ShipTo,City,NOT APPLICABLE,,,Y,0,0,-1,PromotionIdAndCouponCode,0,,Self Funded,ReductionInTaxableBasis,,0,0,Tax,,NonTaxable,0,0
,,,,2024-05-15+16:13:34,2024-05-16+00:00,Amazon.com,,AFN,,,SHIPMENT,MarketplaceFacilitator,Amazon,,1,USD,,,,1,FALSE,1,,,,,TN,,,431570560,OMAHA,NE,US,,280550000,280550000,ShipTo,County,NOT APPLICABLE,,,Y,0,0,-1,PromotionIdAndCouponCode,0,,Self Funded,ReductionInTaxableBasis,,0,0,Tax,,NonTaxable,0,0
,,,,2024-05-15+16:13:34,2024-05-16+00:00,Amazon.com,,AFN,,,SHIPMENT,MarketplaceFacilitator,Amazon,,1,USD,,,,1,FALSE,1,,,,,TN,,,431570560,OMAHA,NE,US,,280550000,280550000,ShipTo,District,NOT APPLICABLE,,,Y,0,0,-1,PromotionIdAndCouponCode,0,,Self Funded,ReductionInTaxableBasis,,0,0,Tax,,NonTaxable,0,0
,,,,2024-05-15+16:13:34,2024-05-16+00:00,Amazon.com,,AFN,,,SHIPMENT,MarketplaceFacilitator,Amazon,,1,USD,,,,16.4,FALSE,16.4,0,0.9,,,TN,,,431570560,OMAHA,NE,US,,280550000,280550000,ShipTo,State,NE,,,,,,,,,,,,,0.9,0.055,Tax,Sales and Use Tax,Taxable,0,16.4
,,,,2024-05-15+16:13:34,2024-05-16+00:00,Amazon.com,,AFN,,,SHIPMENT,MarketplaceFacilitator,Amazon,,1,USD,,,,16.4,FALSE,16.4,,,,,TN,,,431570560,OMAHA,NE,US,,280550000,280550000,ShipTo,City,NOT APPLICABLE,,,,,,,,,,,,,0,0,Tax,,ZeroRated,16.4,0
,,,,2024-05-15+16:13:34,2024-05-16+00:00,Amazon.com,,AFN,,,SHIPMENT,MarketplaceFacilitator,Amazon,,1,USD,,,,16.4,FALSE,16.4,,,,,TN,,,431570560,OMAHA,NE,US,,280550000,280550000,ShipTo,County,NOT APPLICABLE,,,,,,,,,,,,,0,0,Tax,,ZeroRated,16.4,0
,,,,2024-05-15+16:13:34,2024-05-16+00:00,Amazon.com,,AFN,,,SHIPMENT,MarketplaceFacilitator,Amazon,,1,USD,,,,16.4,FALSE,16.4,,,,,TN,,,431570560,OMAHA,NE,US,,280550000,280550000,ShipTo,District,NOT APPLICABLE,,,,,,,,,,,,,0,0,Tax,,ZeroRated,16.4,0
,,,,2024-05-15+16:25:25,2024-05-16+00:00,Amazon.com,,AFN,,,SHIPMENT,MarketplaceFacilitator,Amazon,,1,USD,,,,17.4,FALSE,17.4,0,1.17,,,WA,,,480330320,FAIRBORN,OH,US,,360574040,360574040,ShipTo,State,OH,,,,,,,,,,,,,1,0.0575,Tax,Sales and Use Tax,Taxable,0,17.4
,,,,2024-05-15+16:25:25,2024-05-16+00:00,Amazon.com,,AFN,,,SHIPMENT,MarketplaceFacilitator,Amazon,,1,USD,,,,17.4,FALSE,17.4,,,,,WA,,,480330320,FAIRBORN,OH,US,,360574040,360574040,ShipTo,City,NOT APPLICABLE,,,,,,,,,,,,,0,0,Tax,,ZeroRated,17.4,0
,,,,2024-05-15+16:25:25,2024-05-16+00:00,Amazon.com,,AFN,,,SHIPMENT,MarketplaceFacilitator,Amazon,,1,USD,,,,17.4,FALSE,17.4,,,,,WA,,,480330320,FAIRBORN,OH,US,,360574040,360574040,ShipTo,County,GREENE,,,,,,,,,,,,,0.17,0.01,Tax,Local Sales and Use Tax,Taxable,0,17.4
,,,,2024-05-15+16:25:25,2024-05-16+00:00,Amazon.com,,AFN,,,SHIPMENT,MarketplaceFacilitator,Amazon,,1,USD,,,,17.4,FALSE,17.4,,,,,WA,,,480330320,FAIRBORN,OH,US,,360574040,360574040,ShipTo,District,NOT APPLICABLE,,,,,,,,,,,,,0,0,Tax,,ZeroRated,17.4,0
,,,,2024-05-16+12:40:53,2024-05-16+00:00,Amazon.com,,AFN,,,SHIPMENT,MarketplaceFacilitator,Amazon,,1,USD,,,,18.4,FALSE,18.4,0,1.63,,,NY,,,330550000,FLUSHING,NY,US,,330812010,330812010,ShipTo,State,NY,,,,,,,,,,,,,0.73,0.04,Tax,Sales and Compensating Use Tax,Taxable,0,18.4
,,,,2024-05-16+12:40:53,2024-05-16+00:00,Amazon.com,,AFN,,,SHIPMENT,MarketplaceFacilitator,Amazon,,1,USD,,,,18.4,FALSE,18.4,,,,,NY,,,330550000,FLUSHING,NY,US,,330812010,330812010,ShipTo,City,NEW YORK,,,,,,,,,,,,,0.83,0.045,Tax,Local Sales and Use Tax,Taxable,0,18.4
,,,,2024-05-16+12:40:53,2024-05-16+00:00,Amazon.com,,AFN,,,SHIPMENT,MarketplaceFacilitator,Amazon,,1,USD,,,,18.4,FALSE,18.4,,,,,NY,,,330550000,FLUSHING,NY,US,,330812010,330812010,ShipTo,County,NOT APPLICABLE,,,,,,,,,,,,,0,0,Tax,,ZeroRated,18.4,0
,,,,2024-05-16+12:40:53,2024-05-16+00:00,Amazon.com,,AFN,,,SHIPMENT,MarketplaceFacilitator,Amazon,,1,USD,,,,18.4,FALSE,18.4,,,,,NY,,,330550000,FLUSHING,NY,US,,330812010,330812010,ShipTo,District,METROPOLITAN COMMUTER TRANSPORTATION DISTRICT,,,,,,,,,,,,,0.07,0.00375,Tax,Metropolitan Commuter Transportation District,Taxable,0,18.4
,,,,2024-05-16+19:04:14,2024-05-17+00:00,Amazon.com,,AFN,,,SHIPMENT,MarketplaceFacilitator,Amazon,,1,USD,,,,18.4,FALSE,18.4,0,1.15,,,TX,,,442011440,SUGAR LAND,TX,US,,441570000,441570000,ShipTo,State,TX,,,,,,,,,,,,,1.15,0.0625,Tax,Sales and Use Tax,Taxable,0,18.4
,,,,2024-05-16+19:04:14,2024-05-17+00:00,Amazon.com,,AFN,,,SHIPMENT,MarketplaceFacilitator,Amazon,,1,USD,,,,18.4,FALSE,18.4,,,,,TX,,,442011440,SUGAR LAND,TX,US,,441570000,441570000,ShipTo,City,NOT APPLICABLE,,,,,,,,,,,,,0,0,Tax,,ZeroRated,18.4,0
,,,,2024-05-16+19:04:14,2024-05-17+00:00,Amazon.com,,AFN,,,SHIPMENT,MarketplaceFacilitator,Amazon,,1,USD,,,,18.4,FALSE,18.4,,,,,TX,,,442011440,SUGAR LAND,TX,US,,441570000,441570000,ShipTo,County,NOT APPLICABLE,,,,,,,,,,,,,0,0,Tax,,ZeroRated,18.4,0
,,,,2024-05-16+19:04:14,2024-05-17+00:00,Amazon.com,,AFN,,,SHIPMENT,MarketplaceFacilitator,Amazon,,1,USD,,,,18.4,FALSE,18.4,,,,,TX,,,442011440,SUGAR LAND,TX,US,,441570000,441570000,ShipTo,District,NOT APPLICABLE,,,,,,,,,,,,,0,0,Tax,,ZeroRated,18.4,0
,,,,2024-05-17+01:05:57,2024-05-17+00:00,Amazon.com,,AFN,,,SHIPMENT,MarketplaceFacilitator,Amazon,,1,USD,,,,19.4,FALSE,19.4,0,1.67,,,TX,,,441130760,PHOENIX,AZ,US,,030130210,030130210,ShipTo,State,AZ,,,,,,,,,,,,,1.08,0.056,Tax,Transaction Privilege and Use Tax,Taxable,0,19.4
,,,,2024-05-17+01:05:57,2024-05-17+00:00,Amazon.com,,AFN,,,SHIPMENT,MarketplaceFacilitator,Amazon,,1,USD,,,,19.4,FALSE,19.4,,,,,TX,,,441130760,PHOENIX,AZ,US,,030130210,030130210,ShipTo,City,PHOENIX,,,,,,,,,,,,,0.45,0.023,Tax,Local Transaction Privilege and Use Tax,Taxable,0,19.4
,,,,2024-05-17+01:05:57,2024-05-17+00:00,Amazon.com,,AFN,,,SHIPMENT,MarketplaceFacilitator,Amazon,,1,USD,,,,19.4,FALSE,19.4,,,,,TX,,,441130760,PHOENIX,AZ,US,,030130210,030130210,ShipTo,County,MARICOPA,,,,,,,,,,,,,0.14,0.007,Tax,Local Transaction Privilege and Use Tax,Taxable,0,19.4
,,,,2024-05-17+01:05:57,2024-05-17+00:00,Amazon.com,,AFN,,,SHIPMENT,MarketplaceFacilitator,Amazon,,1,USD,,,,19.4,FALSE,19.4,,,,,TX,,,441130760,PHOENIX,AZ,US,,030130210,030130210,ShipTo,District,NOT APPLICABLE,,,,,,,,,,,,,0,0,Tax,,ZeroRated,19.4,0
,,,,2024-05-16+02:01:51,2024-05-17+00:00,Amazon.com,,AFN,,,SHIPMENT,MarketplaceFacilitator,Amazon,,1,USD,,,,18.4,FALSE,18.4,0,1.22,,,NC,,,341830000,GLASSBORO,NJ,US,,310150790,310150790,ShipTo,State,NJ,,,,,,,,,,,,,1.22,0.06625,Tax,Sales and Use Tax,Taxable,0,18.4
,,,,2024-05-16+02:01:51,2024-05-17+00:00,Amazon.com,,AFN,,,SHIPMENT,MarketplaceFacilitator,Amazon,,1,USD,,,,18.4,FALSE,18.4,,,,,NC,,,341830000,GLASSBORO,NJ,US,,310150790,310150790,ShipTo,City,NOT APPLICABLE,,,,,,,,,,,,,0,0,Tax,,ZeroRated,18.4,0
,,,,2024-05-16+02:01:51,2024-05-17+00:00,Amazon.com,,AFN,,,SHIPMENT,MarketplaceFacilitator,Amazon,,1,USD,,,,18.4,FALSE,18.4,,,,,NC,,,341830000,GLASSBORO,NJ,US,,310150790,310150790,ShipTo,County,NOT APPLICABLE,,,,,,,,,,,,,0,0,Tax,,ZeroRated,18.4,0
,,,,2024-05-16+02:01:51,2024-05-17+00:00,Amazon.com,,AFN,,,SHIPMENT,MarketplaceFacilitator,Amazon,,1,USD,,,,18.4,FALSE,18.4,,,,,NC,,,341830000,GLASSBORO,NJ,US,,310150790,310150790,ShipTo,District,NOT APPLICABLE,,,,,,,,,,,,,0,0,Tax,,ZeroRated,18.4,0
,,,,2024-05-17+20:18:23,2024-05-18+00:00,Amazon.com,,AFN,,,SHIPMENT,MarketplaceFacilitator,Amazon,,1,USD,,,,19.4,FALSE,19.4,0,1.51,,,TX,,,444535425,CHANDLER,AZ,US,,030130050,030130050,ShipTo,State,AZ,,,,,,,,,,,,,1.08,0.056,Tax,Transaction Privilege and Use Tax,Taxable,0,19.4
,,,,2024-05-17+20:18:23,2024-05-18+00:00,Amazon.com,,AFN,,,SHIPMENT,MarketplaceFacilitator,Amazon,,1,USD,,,,19.4,FALSE,19.4,,,,,TX,,,444535425,CHANDLER,AZ,US,,030130050,030130050,ShipTo,City,CHANDLER,,,,,,,,,,,,,0.29,0.015,Tax,Local Transaction Privilege and Use Tax,Taxable,0,19.4
,,,,2024-05-17+20:18:23,2024-05-18+00:00,Amazon.com,,AFN,,,SHIPMENT,MarketplaceFacilitator,Amazon,,1,USD,,,,19.4,FALSE,19.4,,,,,TX,,,444535425,CHANDLER,AZ,US,,030130050,030130050,ShipTo,County,MARICOPA,,,,,,,,,,,,,0.14,0.007,Tax,Local Transaction Privilege and Use Tax,Taxable,0,19.4
,,,,2024-05-17+20:18:23,2024-05-18+00:00,Amazon.com,,AFN,,,SHIPMENT,MarketplaceFacilitator,Amazon,,1,USD,,,,19.4,FALSE,19.4,,,,,TX,,,444535425,CHANDLER,AZ,US,,030130050,030130050,ShipTo,District,NOT APPLICABLE,,,,,,,,,,,,,0,0,Tax,,ZeroRated,19.4,0
,,,,2024-05-17+15:33:38,2024-05-18+00:00,Amazon.com,,AFN,,,SHIPMENT,MarketplaceFacilitator,Amazon,,1,USD,,,,19.4,FALSE,19.4,0,1.36,,,TX,,,444535425,SOUTH BEND,IN,US,,151411210,151411210,ShipTo,State,IN,,,,,,,,,,,,,1.36,0.07,Tax,Gross Retail and Use Tax,Taxable,0,19.4
,,,,2024-05-17+15:33:38,2024-05-18+00:00,Amazon.com,,AFN,,,SHIPMENT,MarketplaceFacilitator,Amazon,,1,USD,,,,19.4,FALSE,19.4,,,,,TX,,,444535425,SOUTH BEND,IN,US,,151411210,151411210,ShipTo,City,NOT APPLICABLE,,,,,,,,,,,,,0,0,Tax,,ZeroRated,19.4,0
,,,,2024-05-17+15:33:38,2024-05-18+00:00,Amazon.com,,AFN,,,SHIPMENT,MarketplaceFacilitator,Amazon,,1,USD,,,,19.4,FALSE,19.4,,,,,TX,,,444535425,SOUTH BEND,IN,US,,151411210,151411210,ShipTo,County,NOT APPLICABLE,,,,,,,,,,,,,0,0,Tax,,ZeroRated,19.4,0
,,,,2024-05-17+15:33:38,2024-05-18+00:00,Amazon.com,,AFN,,,SHIPMENT,MarketplaceFacilitator,Amazon,,1,USD,,,,19.4,FALSE,19.4,,,,,TX,,,444535425,SOUTH BEND,IN,US,,151411210,151411210,ShipTo,District,NOT APPLICABLE,,,,,,,,,,,,,0,0,Tax,,ZeroRated,19.4,0
,,,,2024-05-17+13:43:41,2024-05-18+00:00,Amazon.com,,AFN,,,SHIPMENT,MarketplaceFacilitator,Amazon,,1,USD,,,,19.4,FALSE,19.4,0,1.26,,,NY,,,330550000,CANTON,OH,US,,361511412,361511412,ShipTo,State,OH,,,,,,,,,,,,,1.11,0.0575,Tax,Sales and Use Tax,Taxable,0,19.4
,,,,2024-05-17+13:43:41,2024-05-18+00:00,Amazon.com,,AFN,,,SHIPMENT,MarketplaceFacilitator,Amazon,,1,USD,,,,19.4,FALSE,19.4,,,,,NY,,,330550000,CANTON,OH,US,,361511412,361511412,ShipTo,City,NOT APPLICABLE,,,,,,,,,,,,,0,0,Tax,,ZeroRated,19.4,0
,,,,2024-05-17+13:43:41,2024-05-18+00:00,Amazon.com,,AFN,,,SHIPMENT,MarketplaceFacilitator,Amazon,,1,USD,,,,19.4,FALSE,19.4,,,,,NY,,,330550000,CANTON,OH,US,,361511412,361511412,ShipTo,County,STARK,,,,,,,,,,,,,0.1,0.005,Tax,Local Sales and Use Tax,Taxable,0,19.4
,,,,2024-05-17+13:43:41,2024-05-18+00:00,Amazon.com,,AFN,,,SHIPMENT,MarketplaceFacilitator,Amazon,,1,USD,,,,19.4,FALSE,19.4,,,,,NY,,,330550000,CANTON,OH,US,,361511412,361511412,ShipTo,District,STARK AREA REGIONAL TRANSIT AUTHORITY,,,,,,,,,,,,,0.05,0.0025,Tax,Local Sales and Use Tax,Taxable,0,19.4
,,,,2024-05-17+23:05:33,2024-05-18+00:00,Amazon.com,,AFN,,,SHIPMENT,MarketplaceFacilitator,Amazon,,1,USD,,,,0.6,FALSE,0.6,0,0,,,WA,,,480330320,TACOMA,WA,US,,480530000,480530000,ShipTo,State,WA,,,Y,0,0,-0.6,PromotionIdAndCouponCode,0,,Self Funded,ReductionInTaxableBasis,,0,0.065,Tax,Retail Sales and Use Tax,Taxable,0,0
,,,,2024-05-17+23:05:33,2024-05-18+00:00,Amazon.com,,AFN,,,SHIPMENT,MarketplaceFacilitator,Amazon,,1,USD,,,,0.6,FALSE,0.6,,,,,WA,,,480330320,TACOMA,WA,US,,480530000,480530000,ShipTo,City,NOT APPLICABLE,,,Y,0,0,-0.6,PromotionIdAndCouponCode,0,,Self Funded,ReductionInTaxableBasis,,0,0,Tax,,NonTaxable,0,0
,,,,2024-05-17+23:05:33,2024-05-18+00:00,Amazon.com,,AFN,,,SHIPMENT,MarketplaceFacilitator,Amazon,,1,USD,,,,0.6,FALSE,0.6,,,,,WA,,,480330320,TACOMA,WA,US,,480530000,480530000,ShipTo,County,PIERCE,,,Y,0,0,-0.6,PromotionIdAndCouponCode,0,,Self Funded,ReductionInTaxableBasis,,0,0.016,Tax,Local Sales and Use Tax,Taxable,0,0
,,,,2024-05-17+23:05:33,2024-05-18+00:00,Amazon.com,,AFN,,,SHIPMENT,MarketplaceFacilitator,Amazon,,1,USD,,,,0.6,FALSE,0.6,,,,,WA,,,480330320,TACOMA,WA,US,,480530000,480530000,ShipTo,District,PUBLIC TRANSPORTATION BENEFIT AREA,,,Y,0,0,-0.6,PromotionIdAndCouponCode,0,,Self Funded,ReductionInTaxableBasis,,0,0.006,Tax,Local Sales and Use Tax,Taxable,0,0
,,,,2024-05-17+23:05:33,2024-05-18+00:00,Amazon.com,,AFN,,,SHIPMENT,MarketplaceFacilitator,Amazon,,1,USD,,,,0.6,FALSE,0.6,,,,,WA,,,480330320,TACOMA,WA,US,,480530000,480530000,ShipTo,District,REGIONAL TRANSIT AUTHORITY,,,Y,0,0,-0.6,PromotionIdAndCouponCode,0,,Self Funded,ReductionInTaxableBasis,,0,0.014,Tax,Local Sales and Use Tax,Taxable,0,0
,,,,2024-05-17+23:05:33,2024-05-18+00:00,Amazon.com,,AFN,,,SHIPMENT,MarketplaceFacilitator,Amazon,,1,USD,,,,19.4,FALSE,19.4,0,1.96,,,WA,,,480330320,TACOMA,WA,US,,480530000,480530000,ShipTo,State,WA,,,,,,,,,,,,,1.26,0.065,Tax,Retail Sales and Use Tax,Taxable,0,19.4
,,,,2024-05-17+23:05:33,2024-05-18+00:00,Amazon.com,,AFN,,,SHIPMENT,MarketplaceFacilitator,Amazon,,1,USD,,,,19.4,FALSE,19.4,,,,,WA,,,480330320,TACOMA,WA,US,,480530000,480530000,ShipTo,City,NOT APPLICABLE,,,,,,,,,,,,,0,0,Tax,,ZeroRated,19.4,0
,,,,2024-05-17+23:05:33,2024-05-18+00:00,Amazon.com,,AFN,,,SHIPMENT,MarketplaceFacilitator,Amazon,,1,USD,,,,19.4,FALSE,19.4,,,,,WA,,,480330320,TACOMA,WA,US,,480530000,480530000,ShipTo,County,PIERCE,,,,,,,,,,,,,0.31,0.016,Tax,Local Sales and Use Tax,Taxable,0,19.4
,,,,2024-05-17+23:05:33,2024-05-18+00:00,Amazon.com,,AFN,,,SHIPMENT,MarketplaceFacilitator,Amazon,,1,USD,,,,19.4,FALSE,19.4,,,,,WA,,,480330320,TACOMA,WA,US,,480530000,480530000,ShipTo,District,PUBLIC TRANSPORTATION BENEFIT AREA,,,,,,,,,,,,,0.12,0.006,Tax,Local Sales and Use Tax,Taxable,0,19.4
,,,,2024-05-17+23:05:33,2024-05-18+00:00,Amazon.com,,AFN,,,SHIPMENT,MarketplaceFacilitator,Amazon,,1,USD,,,,19.4,FALSE,19.4,,,,,WA,,,480330320,TACOMA,WA,US,,480530000,480530000,ShipTo,District,REGIONAL TRANSIT AUTHORITY,,,,,,,,,,,,,0.27,0.014,Tax,Local Sales and Use Tax,Taxable,0,19.4
,,,,2024-05-17+20:13:39,2024-05-18+00:00,Amazon.com,,AFN,,,SHIPMENT,MarketplaceFacilitator,Amazon,,1,USD,,,,19.4,FALSE,19.4,0,1.99,,,TX,,,444535425,FREMONT,CA,US,,050011290,050011290,ShipTo,State,CA,,,,,,,,,,,,,1.15,0.06,Tax,Sales and Use Tax,Taxable,0,19.4
,,,,2024-05-17+20:13:39,2024-05-18+00:00,Amazon.com,,AFN,,,SHIPMENT,MarketplaceFacilitator,Amazon,,1,USD,,,,19.4,FALSE,19.4,,,,,TX,,,444535425,FREMONT,CA,US,,050011290,050011290,ShipTo,City,NOT APPLICABLE,,,,,,,,,,,,,0,0,Tax,,ZeroRated,19.4,0
,,,,2024-05-17+20:13:39,2024-05-18+00:00,Amazon.com,,AFN,,,SHIPMENT,MarketplaceFacilitator,Amazon,,1,USD,,,,19.4,FALSE,19.4,,,,,TX,,,444535425,FREMONT,CA,US,,050011290,050011290,ShipTo,County,ALAMEDA,,,,,,,,,,,,,0.24,0.0125,Tax,Local Sales and Use Tax,Taxable,0,19.4
,,,,2024-05-17+20:13:39,2024-05-18+00:00,Amazon.com,,AFN,,,SHIPMENT,MarketplaceFacilitator,Amazon,,1,USD,,,,19.4,FALSE,19.4,,,,,TX,,,444535425,FREMONT,CA,US,,050011290,050011290,ShipTo,District,BAY AREA RAPID TRANSIT DISTRICT (BART),,,,,,,,,,,,,0.1,0.005,Tax,Local Sales and Use Tax,Taxable,0,19.4
,,,,2024-05-17+20:13:39,2024-05-18+00:00,Amazon.com,,AFN,,,SHIPMENT,MarketplaceFacilitator,Amazon,,1,USD,,,,19.4,FALSE,19.4,,,,,TX,,,444535425,FREMONT,CA,US,,050011290,050011290,ShipTo,District,ESSENTIAL HEALTH CARE SERVICES (ACHC),,,,,,,,,,,,,0.1,0.005,Tax,Local Sales and Use Tax,Taxable,0,19.4
,,,,2024-05-17+20:13:39,2024-05-18+00:00,Amazon.com,,AFN,,,SHIPMENT,MarketplaceFacilitator,Amazon,,1,USD,,,,19.4,FALSE,19.4,,,,,TX,,,444535425,FREMONT,CA,US,,050011290,050011290,ShipTo,District,TRANSACTIONS AND USE TAX (ACTU),,,,,,,,,,,,,0.1,0.005,Tax,Local Sales and Use Tax,Taxable,0,19.4
,,,,2024-05-17+20:13:39,2024-05-18+00:00,Amazon.com,,AFN,,,SHIPMENT,MarketplaceFacilitator,Amazon,,1,USD,,,,19.4,FALSE,19.4,,,,,TX,,,444535425,FREMONT,CA,US,,050011290,050011290,ShipTo,District,TRANSIT DISTRICT (ACCT),,,,,,,,,,,,,0.1,0.005,Tax,Local Sales and Use Tax,Taxable,0,19.4
,,,,2024-05-17+20:13:39,2024-05-18+00:00,Amazon.com,,AFN,,,SHIPMENT,MarketplaceFacilitator,Amazon,,1,USD,,,,19.4,FALSE,19.4,,,,,TX,,,444535425,FREMONT,CA,US,,050011290,050011290,ShipTo,District,TRANSPORTATION COMMISSION 2022 (ACTT),,,,,,,,,,,,,0.1,0.005,Tax,Local Sales and Use Tax,Taxable,0,19.4
,,,,2024-05-17+20:13:39,2024-05-18+00:00,Amazon.com,,AFN,,,SHIPMENT,MarketplaceFacilitator,Amazon,,1,USD,,,,19.4,FALSE,19.4,,,,,TX,,,444535425,FREMONT,CA,US,,050011290,050011290,ShipTo,District,TRANSPORTATION IMPROVEMENT AUTHORITY (ACTC),,,,,,,,,,,,,0.1,0.005,Tax,Local Sales and Use Tax,Taxable,0,19.4
,,,,2024-05-18+08:50:41,2024-05-18+00:00,Amazon.com,,AFN,,,SHIPMENT,Standard,Seller,A_GEN_NOTAX,1,USD,,,,19.4,FALSE,19.4,0,0,,,NC,,,341830000,TOWNSEND,DE,US,,080030000,080030000,ShipTo,State,DE,,,,,,,,,,,,0,,0,Tax,Occupation Use Tax / No Sales or Use Tax Imposed,NonTaxable,19.4,0
,,,,2024-05-18+08:50:41,2024-05-18+00:00,Amazon.com,,AFN,,,SHIPMENT,Standard,Seller,A_GEN_NOTAX,1,USD,,,,19.4,FALSE,19.4,,,,,NC,,,341830000,TOWNSEND,DE,US,,080030000,080030000,ShipTo,City,NOT APPLICABLE,,,,,,,,,,,,0,,0,Tax,,ZeroRated,19.4,0
,,,,2024-05-18+08:50:41,2024-05-18+00:00,Amazon.com,,AFN,,,SHIPMENT,Standard,Seller,A_GEN_NOTAX,1,USD,,,,19.4,FALSE,19.4,,,,,NC,,,341830000,TOWNSEND,DE,US,,080030000,080030000,ShipTo,County,NOT APPLICABLE,,,,,,,,,,,,0,,0,Tax,,ZeroRated,19.4,0
,,,,2024-05-18+08:50:41,2024-05-18+00:00,Amazon.com,,AFN,,,SHIPMENT,Standard,Seller,A_GEN_NOTAX,1,USD,,,,19.4,FALSE,19.4,,,,,NC,,,341830000,TOWNSEND,DE,US,,080030000,080030000,ShipTo,District,NOT APPLICABLE,,,,,,,,,,,,0,,0,Tax,,ZeroRated,19.4,0
,,,,2024-05-18+23:07:21,2024-05-19+00:00,Amazon.com,,AFN,,,SHIPMENT,MarketplaceFacilitator,Amazon,,1,USD,,,,19.4,FALSE,19.4,0,1.6,,,TX,,,444535425,SAN ANTONIO,TX,US,,440292684,440292684,ShipTo,State,TX,,,,,,,,,,,,,1.21,0.0625,Tax,Sales and Use Tax,Taxable,0,19.4
,,,,2024-05-18+23:07:21,2024-05-19+00:00,Amazon.com,,AFN,,,SHIPMENT,MarketplaceFacilitator,Amazon,,1,USD,,,,19.4,FALSE,19.4,,,,,TX,,,444535425,SAN ANTONIO,TX,US,,440292684,440292684,ShipTo,City,NOT APPLICABLE,,,,,,,,,,,,,0,0,Tax,,ZeroRated,19.4,0
,,,,2024-05-18+23:07:21,2024-05-19+00:00,Amazon.com,,AFN,,,SHIPMENT,MarketplaceFacilitator,Amazon,,1,USD,,,,19.4,FALSE,19.4,,,,,TX,,,444535425,SAN ANTONIO,TX,US,,440292684,440292684,ShipTo,County,NOT APPLICABLE,,,,,,,,,,,,,0,0,Tax,,ZeroRated,19.4,0
,,,,2024-05-18+23:07:21,2024-05-19+00:00,Amazon.com,,AFN,,,SHIPMENT,MarketplaceFacilitator,Amazon,,1,USD,,,,19.4,FALSE,19.4,,,,,TX,,,444535425,SAN ANTONIO,TX,US,,440292684,440292684,ShipTo,District,BEXAR COUNTY EMERGENCY SERVICES DISTRICT NO. 7,,,,,,,,,,,,,0.29,0.015,Tax,Local Sales and Use Tax,Taxable,0,19.4
,,,,2024-05-18+23:07:21,2024-05-19+00:00,Amazon.com,,AFN,,,SHIPMENT,MarketplaceFacilitator,Amazon,,1,USD,,,,19.4,FALSE,19.4,,,,,TX,,,444535425,SAN ANTONIO,TX,US,,440292684,440292684,ShipTo,District,SAN ANTONIO METROPOLITAN TRANSIT AUTHORITY,,,,,,,,,,,,,0.1,0.005,Tax,Local Sales and Use Tax,Taxable,0,19.4
,,,,2024-05-18+19:43:43,2024-05-19+00:00,Amazon.com,,AFN,,,SHIPMENT,MarketplaceFacilitator,Amazon,,1,USD,,,,19.4,FALSE,19.4,0,1.21,,,NY,,,330550000,UPTON,MA,US,,220273910,220273910,ShipTo,State,MA,,,,,,,,,,,,,1.21,0.0625,Tax,Sales and Use Tax,Taxable,0,19.4
,,,,2024-05-18+19:43:43,2024-05-19+00:00,Amazon.com,,AFN,,,SHIPMENT,MarketplaceFacilitator,Amazon,,1,USD,,,,19.4,FALSE,19.4,,,,,NY,,,330550000,UPTON,MA,US,,220273910,220273910,ShipTo,City,NOT APPLICABLE,,,,,,,,,,,,,0,0,Tax,,ZeroRated,19.4,0
,,,,2024-05-18+19:43:43,2024-05-19+00:00,Amazon.com,,AFN,,,SHIPMENT,MarketplaceFacilitator,Amazon,,1,USD,,,,19.4,FALSE,19.4,,,,,NY,,,330550000,UPTON,MA,US,,220273910,220273910,ShipTo,County,NOT APPLICABLE,,,,,,,,,,,,,0,0,Tax,,ZeroRated,19.4,0
,,,,2024-05-18+19:43:43,2024-05-19+00:00,Amazon.com,,AFN,,,SHIPMENT,MarketplaceFacilitator,Amazon,,1,USD,,,,19.4,FALSE,19.4,,,,,NY,,,330550000,UPTON,MA,US,,220273910,220273910,ShipTo,District,NOT APPLICABLE,,,,,,,,,,,,,0,0,Tax,,ZeroRated,19.4,0
,,,,2024-05-20+05:01:51,2024-05-20+00:00,Amazon.com,,AFN,,,SHIPMENT,MarketplaceFacilitator,Amazon,,1,USD,,,,19.4,FALSE,19.4,0,1.16,,,NC,,,341830000,LEESBURG,VA,US,,471070340,471070340,ShipTo,State,VA,,,,,,,,,,,,,0.83,0.043,Tax,Retail Sales and Use Tax,Taxable,0,19.4
,,,,2024-05-20+05:01:51,2024-05-20+00:00,Amazon.com,,AFN,,,SHIPMENT,MarketplaceFacilitator,Amazon,,1,USD,,,,19.4,FALSE,19.4,,,,,NC,,,341830000,LEESBURG,VA,US,,471070340,471070340,ShipTo,City,NOT APPLICABLE,,,,,,,,,,,,,0,0,Tax,,ZeroRated,19.4,0
,,,,2024-05-20+05:01:51,2024-05-20+00:00,Amazon.com,,AFN,,,SHIPMENT,MarketplaceFacilitator,Amazon,,1,USD,,,,19.4,FALSE,19.4,,,,,NC,,,341830000,LEESBURG,VA,US,,471070340,471070340,ShipTo,County,LOUDOUN,,,,,,,,,,,,,0.19,0.01,Tax,Local Sales and Use Tax,Taxable,0,19.4
,,,,2024-05-20+05:01:51,2024-05-20+00:00,Amazon.com,,AFN,,,SHIPMENT,MarketplaceFacilitator,Amazon,,1,USD,,,,19.4,FALSE,19.4,,,,,NC,,,341830000,LEESBURG,VA,US,,471070340,471070340,ShipTo,District,NORTHERN VIRGINIA REGIONAL TRANSPORTATION DISTRICT,,,,,,,,,,,,,0.14,0.007,Tax,Local Sales and Use Tax,Taxable,0,19.4
,,,,2024-05-20+19:25:26,2024-05-21+00:00,Amazon.com,,AFN,,,SHIPMENT,MarketplaceFacilitator,Amazon,,1,USD,,,,19.4,FALSE,19.4,0,1.5,,,WA,,,480330320,APPLE VALLEY,CA,US,,050717070,050717070,ShipTo,State,CA,,,,,,,,,,,,,1.16,0.06,Tax,Sales and Use Tax,Taxable,0,19.4
,,,,2024-05-20+19:25:26,2024-05-21+00:00,Amazon.com,,AFN,,,SHIPMENT,MarketplaceFacilitator,Amazon,,1,USD,,,,19.4,FALSE,19.4,,,,,WA,,,480330320,APPLE VALLEY,CA,US,,050717070,050717070,ShipTo,City,NOT APPLICABLE,,,,,,,,,,,,,0,0,Tax,,ZeroRated,19.4,0
,,,,2024-05-20+19:25:26,2024-05-21+00:00,Amazon.com,,AFN,,,SHIPMENT,MarketplaceFacilitator,Amazon,,1,USD,,,,19.4,FALSE,19.4,,,,,WA,,,480330320,APPLE VALLEY,CA,US,,050717070,050717070,ShipTo,County,SAN BERNARDINO,,,,,,,,,,,,,0.24,0.0125,Tax,Local Sales and Use Tax,Taxable,0,19.4
,,,,2024-05-20+19:25:26,2024-05-21+00:00,Amazon.com,,AFN,,,SHIPMENT,MarketplaceFacilitator,Amazon,,1,USD,,,,19.4,FALSE,19.4,,,,,WA,,,480330320,APPLE VALLEY,CA,US,,050717070,050717070,ShipTo,District,TRANSPORTATION AUTHORITY (SBER),,,,,,,,,,,,,0.1,0.005,Tax,Local Sales and Use Tax,Taxable,0,19.4
,,,,2024-05-20+21:26:48,2024-05-21+00:00,Amazon.com,,AFN,,,SHIPMENT,MarketplaceFacilitator,Amazon,,1,USD,,,,19.4,FALSE,19.4,0,1.29,,,DE,,,080030000,KEYPORT,NJ,US,,310251110,310251110,ShipTo,State,NJ,,,,,,,,,,,,,1.29,0.06625,Tax,Sales and Use Tax,Taxable,0,19.4
,,,,2024-05-20+21:26:48,2024-05-21+00:00,Amazon.com,,AFN,,,SHIPMENT,MarketplaceFacilitator,Amazon,,1,USD,,,,19.4,FALSE,19.4,,,,,DE,,,080030000,KEYPORT,NJ,US,,310251110,310251110,ShipTo,City,NOT APPLICABLE,,,,,,,,,,,,,0,0,Tax,,ZeroRated,19.4,0
,,,,2024-05-20+21:26:48,2024-05-21+00:00,Amazon.com,,AFN,,,SHIPMENT,MarketplaceFacilitator,Amazon,,1,USD,,,,19.4,FALSE,19.4,,,,,DE,,,080030000,KEYPORT,NJ,US,,310251110,310251110,ShipTo,County,NOT APPLICABLE,,,,,,,,,,,,,0,0,Tax,,ZeroRated,19.4,0
,,,,2024-05-20+21:26:48,2024-05-21+00:00,Amazon.com,,AFN,,,SHIPMENT,MarketplaceFacilitator,Amazon,,1,USD,,,,19.4,FALSE,19.4,,,,,DE,,,080030000,KEYPORT,NJ,US,,310251110,310251110,ShipTo,District,NOT APPLICABLE,,,,,,,,,,,,,0,0,Tax,,ZeroRated,19.4,0
,,,,2024-05-21+13:05:24,2024-05-22+00:00,Amazon.com,,AFN,,,SHIPMENT,MarketplaceFacilitator,Amazon,,1,USD,,,,19.4,FALSE,19.4,0,1.07,,,WA,,,480330320,SABATTUS,ME,US,,200010000,200010000,ShipTo,State,ME,,,,,,,,,,,,,1.07,0.055,Tax,Sales and Use Tax,Taxable,0,19.4
,,,,2024-05-21+13:05:24,2024-05-22+00:00,Amazon.com,,AFN,,,SHIPMENT,MarketplaceFacilitator,Amazon,,1,USD,,,,19.4,FALSE,19.4,,,,,WA,,,480330320,SABATTUS,ME,US,,200010000,200010000,ShipTo,City,NOT APPLICABLE,,,,,,,,,,,,,0,0,Tax,,ZeroRated,19.4,0
,,,,2024-05-21+13:05:24,2024-05-22+00:00,Amazon.com,,AFN,,,SHIPMENT,MarketplaceFacilitator,Amazon,,1,USD,,,,19.4,FALSE,19.4,,,,,WA,,,480330320,SABATTUS,ME,US,,200010000,200010000,ShipTo,County,NOT APPLICABLE,,,,,,,,,,,,,0,0,Tax,,ZeroRated,19.4,0
,,,,2024-05-21+13:05:24,2024-05-22+00:00,Amazon.com,,AFN,,,SHIPMENT,MarketplaceFacilitator,Amazon,,1,USD,,,,19.4,FALSE,19.4,,,,,WA,,,480330320,SABATTUS,ME,US,,200010000,200010000,ShipTo,District,NOT APPLICABLE,,,,,,,,,,,,,0,0,Tax,,ZeroRated,19.4,0
,,,,2024-05-21+22:03:54,2024-05-22+00:00,Amazon.com,,AFN,,,SHIPMENT,MarketplaceFacilitator,Amazon,,1,USD,,,,17.29,FALSE,17.29,0,1.21,,,NC,,,341830000,VENICE,FL,US,,101150000,101150000,ShipTo,State,FL,,,,,,,,,,,,,1.04,0.06,Tax,Sales and Use Tax,Taxable,0,17.29
,,,,2024-05-21+22:03:54,2024-05-22+00:00,Amazon.com,,AFN,,,SHIPMENT,MarketplaceFacilitator,Amazon,,1,USD,,,,17.29,FALSE,17.29,,,,,NC,,,341830000,VENICE,FL,US,,101150000,101150000,ShipTo,City,NOT APPLICABLE,,,,,,,,,,,,,0,0,Tax,,ZeroRated,17.29,0
,,,,2024-05-21+22:03:54,2024-05-22+00:00,Amazon.com,,AFN,,,SHIPMENT,MarketplaceFacilitator,Amazon,,1,USD,,,,17.29,FALSE,17.29,,,,,NC,,,341830000,VENICE,FL,US,,101150000,101150000,ShipTo,County,SARASOTA,,,,,,,,,,,,,0.17,0.01,Tax,Local Sales and Use Tax (Discretionary Sales Surtax),Taxable,0,17.29
,,,,2024-05-21+22:03:54,2024-05-22+00:00,Amazon.com,,AFN,,,SHIPMENT,MarketplaceFacilitator,Amazon,,1,USD,,,,17.29,FALSE,17.29,,,,,NC,,,341830000,VENICE,FL,US,,101150000,101150000,ShipTo,District,NOT APPLICABLE,,,,,,,,,,,,,0,0,Tax,,ZeroRated,17.29,0
,,,,2024-05-21+20:53:42,2024-05-22+00:00,Amazon.com,,AFN,,,SHIPMENT,MarketplaceFacilitator,Amazon,,1,USD,,,,17.3,FALSE,17.3,0,1.04,,,NY,,,330550000,COOPERSBURG,PA,US,,390770000,390770000,ShipTo,State,PA,,,,,,,,,,,,,1.04,0.06,Tax,Sales and Use Tax,Taxable,0,17.3
,,,,2024-05-21+20:53:42,2024-05-22+00:00,Amazon.com,,AFN,,,SHIPMENT,MarketplaceFacilitator,Amazon,,1,USD,,,,17.3,FALSE,17.3,,,,,NY,,,330550000,COOPERSBURG,PA,US,,390770000,390770000,ShipTo,City,NOT APPLICABLE,,,,,,,,,,,,,0,0,Tax,,ZeroRated,17.3,0
,,,,2024-05-21+20:53:42,2024-05-22+00:00,Amazon.com,,AFN,,,SHIPMENT,MarketplaceFacilitator,Amazon,,1,USD,,,,17.3,FALSE,17.3,,,,,NY,,,330550000,COOPERSBURG,PA,US,,390770000,390770000,ShipTo,County,NOT APPLICABLE,,,,,,,,,,,,,0,0,Tax,,ZeroRated,17.3,0
,,,,2024-05-21+20:53:42,2024-05-22+00:00,Amazon.com,,AFN,,,SHIPMENT,MarketplaceFacilitator,Amazon,,1,USD,,,,17.3,FALSE,17.3,,,,,NY,,,330550000,COOPERSBURG,PA,US,,390770000,390770000,ShipTo,District,NOT APPLICABLE,,,,,,,,,,,,,0,0,Tax,,ZeroRated,17.3,0
,,,,2024-05-23+01:13:49,2024-05-23+00:00,Amazon.com,,AFN,,,SHIPMENT,MarketplaceFacilitator,Amazon,,1,USD,,,,17.29,FALSE,17.29,0,1.08,,,NY,,,330550000,SPRINGFIELD,MA,US,,220130960,220130960,ShipTo,State,MA,,,,,,,,,,,,,1.08,0.0625,Tax,Sales and Use Tax,Taxable,0,17.29
,,,,2024-05-23+01:13:49,2024-05-23+00:00,Amazon.com,,AFN,,,SHIPMENT,MarketplaceFacilitator,Amazon,,1,USD,,,,17.29,FALSE,17.29,,,,,NY,,,330550000,SPRINGFIELD,MA,US,,220130960,220130960,ShipTo,City,NOT APPLICABLE,,,,,,,,,,,,,0,0,Tax,,ZeroRated,17.29,0
,,,,2024-05-23+01:13:49,2024-05-23+00:00,Amazon.com,,AFN,,,SHIPMENT,MarketplaceFacilitator,Amazon,,1,USD,,,,17.29,FALSE,17.29,,,,,NY,,,330550000,SPRINGFIELD,MA,US,,220130960,220130960,ShipTo,County,NOT APPLICABLE,,,,,,,,,,,,,0,0,Tax,,ZeroRated,17.29,0
,,,,2024-05-23+01:13:49,2024-05-23+00:00,Amazon.com,,AFN,,,SHIPMENT,MarketplaceFacilitator,Amazon,,1,USD,,,,17.29,FALSE,17.29,,,,,NY,,,330550000,SPRINGFIELD,MA,US,,220130960,220130960,ShipTo,District,NOT APPLICABLE,,,,,,,,,,,,,0,0,Tax,,ZeroRated,17.29,0
,,,,2024-05-23+13:53:45,2024-05-23+00:00,Amazon.com,,AFN,,,SHIPMENT,MarketplaceFacilitator,Amazon,,1,USD,,,,17.29,FALSE,17.29,0,1.77,,,TX,,,444535425,ARCADIA,CA,US,,050370120,050370120,ShipTo,State,CA,,,,,,,,,,,,,1.02,0.06,Tax,Sales and Use Tax,Taxable,0,17.29
,,,,2024-05-23+13:53:45,2024-05-23+00:00,Amazon.com,,AFN,,,SHIPMENT,MarketplaceFacilitator,Amazon,,1,USD,,,,17.29,FALSE,17.29,,,,,TX,,,444535425,ARCADIA,CA,US,,050370120,050370120,ShipTo,City,NOT APPLICABLE,,,,,,,,,,,,,0,0,Tax,,ZeroRated,17.29,0
,,,,2024-05-23+13:53:45,2024-05-23+00:00,Amazon.com,,AFN,,,SHIPMENT,MarketplaceFacilitator,Amazon,,1,USD,,,,17.29,FALSE,17.29,,,,,TX,,,444535425,ARCADIA,CA,US,,050370120,050370120,ShipTo,County,LOS ANGELES,,,,,,,,,,,,,0.22,0.0125,Tax,Local Sales and Use Tax,Taxable,0,17.29
,,,,2024-05-23+13:53:45,2024-05-23+00:00,Amazon.com,,AFN,,,SHIPMENT,MarketplaceFacilitator,Amazon,,1,USD,,,,17.29,FALSE,17.29,,,,,TX,,,444535425,ARCADIA,CA,US,,050370120,050370120,ShipTo,District,MEASURE H TRANSACTIONS AND USE TAX (LACH),,,,,,,,,,,,,0.04,0.0025,Tax,Local Sales and Use Tax,Taxable,0,17.29
,,,,2024-05-23+13:53:45,2024-05-23+00:00,Amazon.com,,AFN,,,SHIPMENT,MarketplaceFacilitator,Amazon,,1,USD,,,,17.29,FALSE,17.29,,,,,TX,,,444535425,ARCADIA,CA,US,,050370120,050370120,ShipTo,District,METROPOLITAN TRANSIT DISTRICT (LAMT),,,,,,,,,,,,,0.09,0.005,Tax,Local Sales and Use Tax,Taxable,0,17.29
,,,,2024-05-23+13:53:45,2024-05-23+00:00,Amazon.com,,AFN,,,SHIPMENT,MarketplaceFacilitator,Amazon,,1,USD,,,,17.29,FALSE,17.29,,,,,TX,,,444535425,ARCADIA,CA,US,,050370120,050370120,ShipTo,District,TRANSACTIONS AND USE TAX (ACDA),,,,,,,,,,,,,0.13,0.0075,Tax,Local Sales and Use Tax,Taxable,0,17.29
,,,,2024-05-23+13:53:45,2024-05-23+00:00,Amazon.com,,AFN,,,SHIPMENT,MarketplaceFacilitator,Amazon,,1,USD,,,,17.29,FALSE,17.29,,,,,TX,,,444535425,ARCADIA,CA,US,,050370120,050370120,ShipTo,District,TRANSACTIONS AND USE TAX (LAMA),,,,,,,,,,,,,0.09,0.005,Tax,Local Sales and Use Tax,Taxable,0,17.29
,,,,2024-05-23+13:53:45,2024-05-23+00:00,Amazon.com,,AFN,,,SHIPMENT,MarketplaceFacilitator,Amazon,,1,USD,,,,17.29,FALSE,17.29,,,,,TX,,,444535425,ARCADIA,CA,US,,050370120,050370120,ShipTo,District,TRANSIT DISTRICT (LACT),,,,,,,,,,,,,0.09,0.005,Tax,Local Sales and Use Tax,Taxable,0,17.29
,,,,2024-05-23+13:53:45,2024-05-23+00:00,Amazon.com,,AFN,,,SHIPMENT,MarketplaceFacilitator,Amazon,,1,USD,,,,17.29,FALSE,17.29,,,,,TX,,,444535425,ARCADIA,CA,US,,050370120,050370120,ShipTo,District,TRANSPORTATION COMMISSION (LATC),,,,,,,,,,,,,0.09,0.005,Tax,Local Sales and Use Tax,Taxable,0,17.29
,,,,2024-05-24+01:19:27,2024-05-24+00:00,Amazon.com,,AFN,,,SHIPMENT,MarketplaceFacilitator,Amazon,,1,USD,,,,17.29,FALSE,17.29,0,1.04,,,NY,,,330550000,LIVONIA,MI,US,,231631050,231631050,ShipTo,State,MI,,,,,,,,,,,,,1.04,0.06,Tax,Sales and Use Tax,Taxable,0,17.29
,,,,2024-05-24+01:19:27,2024-05-24+00:00,Amazon.com,,AFN,,,SHIPMENT,MarketplaceFacilitator,Amazon,,1,USD,,,,17.29,FALSE,17.29,,,,,NY,,,330550000,LIVONIA,MI,US,,231631050,231631050,ShipTo,City,NOT APPLICABLE,,,,,,,,,,,,,0,0,Tax,,ZeroRated,17.29,0
,,,,2024-05-24+01:19:27,2024-05-24+00:00,Amazon.com,,AFN,,,SHIPMENT,MarketplaceFacilitator,Amazon,,1,USD,,,,17.29,FALSE,17.29,,,,,NY,,,330550000,LIVONIA,MI,US,,231631050,231631050,ShipTo,County,NOT APPLICABLE,,,,,,,,,,,,,0,0,Tax,,ZeroRated,17.29,0
,,,,2024-05-24+01:19:27,2024-05-24+00:00,Amazon.com,,AFN,,,SHIPMENT,MarketplaceFacilitator,Amazon,,1,USD,,,,17.29,FALSE,17.29,,,,,NY,,,330550000,LIVONIA,MI,US,,231631050,231631050,ShipTo,District,NOT APPLICABLE,,,,,,,,,,,,,0,0,Tax,,ZeroRated,17.29,0
,,,,2024-05-23+14:05:55,2024-05-24+00:00,Amazon.com,,AFN,,,SHIPMENT,MarketplaceFacilitator,Amazon,,1,USD,,,,17.29,FALSE,17.29,0,0.92,,,OK,,,371430790,LEXINGTON,VA,US,,476780350,476780350,ShipTo,State,VA,,,,,,,,,,,,,0.75,0.043,Tax,Retail Sales and Use Tax,Taxable,0,17.29
,,,,2024-05-23+14:05:55,2024-05-24+00:00,Amazon.com,,AFN,,,SHIPMENT,MarketplaceFacilitator,Amazon,,1,USD,,,,17.29,FALSE,17.29,,,,,OK,,,371430790,LEXINGTON,VA,US,,476780350,476780350,ShipTo,City,LEXINGTON,,,,,,,,,,,,,0.17,0.01,Tax,Local Sales and Use Tax,Taxable,0,17.29
,,,,2024-05-23+14:05:55,2024-05-24+00:00,Amazon.com,,AFN,,,SHIPMENT,MarketplaceFacilitator,Amazon,,1,USD,,,,17.29,FALSE,17.29,,,,,OK,,,371430790,LEXINGTON,VA,US,,476780350,476780350,ShipTo,County,LEXINGTON (IND CITY),,,,,,,,,,,,,0,0,Tax,Local Sales and Use Tax,NonTaxable,17.29,0
,,,,2024-05-23+14:05:55,2024-05-24+00:00,Amazon.com,,AFN,,,SHIPMENT,MarketplaceFacilitator,Amazon,,1,USD,,,,17.29,FALSE,17.29,,,,,OK,,,371430790,LEXINGTON,VA,US,,476780350,476780350,ShipTo,District,NOT APPLICABLE,,,,,,,,,,,,,0,0,Tax,,ZeroRated,17.29,0
,,,,2024-05-23+14:05:55,2024-05-24+00:00,Amazon.com,,AFN,,,SHIPMENT,MarketplaceFacilitator,Amazon,,1,USD,,,,6.24,FALSE,6.24,0,0,,,OK,,,371430790,LEXINGTON,VA,US,,476780350,476780350,ShipTo,State,VA,,,Y,0,0,-6.24,PromotionIdAndCouponCode,0,,Self Funded,ReductionInTaxableBasis,,0,0.043,Tax,Retail Sales and Use Tax,Taxable,0,0
,,,,2024-05-23+14:05:55,2024-05-24+00:00,Amazon.com,,AFN,,,SHIPMENT,MarketplaceFacilitator,Amazon,,1,USD,,,,6.24,FALSE,6.24,,,,,OK,,,371430790,LEXINGTON,VA,US,,476780350,476780350,ShipTo,City,LEXINGTON,,,Y,0,0,-6.24,PromotionIdAndCouponCode,0,,Self Funded,ReductionInTaxableBasis,,0,0.01,Tax,Local Sales and Use Tax,Taxable,0,0
,,,,2024-05-23+14:05:55,2024-05-24+00:00,Amazon.com,,AFN,,,SHIPMENT,MarketplaceFacilitator,Amazon,,1,USD,,,,6.24,FALSE,6.24,,,,,OK,,,371430790,LEXINGTON,VA,US,,476780350,476780350,ShipTo,County,LEXINGTON (IND CITY),,,Y,0,0,-6.24,PromotionIdAndCouponCode,0,,Self Funded,ReductionInTaxableBasis,,0,0,Tax,Local Sales and Use Tax,NonTaxable,0,0
,,,,2024-05-23+14:05:55,2024-05-24+00:00,Amazon.com,,AFN,,,SHIPMENT,MarketplaceFacilitator,Amazon,,1,USD,,,,6.24,FALSE,6.24,,,,,OK,,,371430790,LEXINGTON,VA,US,,476780350,476780350,ShipTo,District,NOT APPLICABLE,,,Y,0,0,-6.24,PromotionIdAndCouponCode,0,,Self Funded,ReductionInTaxableBasis,,0,0,Tax,,NonTaxable,0,0
,,,,2024-05-24+13:45:26,2024-05-25+00:00,Amazon.com,,AFN,,,SHIPMENT,MarketplaceFacilitator,Amazon,,1,USD,,,,0.6,FALSE,0.6,0,0,,,WA,,,480330320,WOODINVILLE,WA,US,,480330330,480330330,ShipTo,State,WA,,,Y,0,0,-0.6,PromotionIdAndCouponCode,0,,Self Funded,ReductionInTaxableBasis,,0,0.065,Tax,Retail Sales and Use Tax,Taxable,0,0
,,,,2024-05-24+13:45:26,2024-05-25+00:00,Amazon.com,,AFN,,,SHIPMENT,MarketplaceFacilitator,Amazon,,1,USD,,,,0.6,FALSE,0.6,,,,,WA,,,480330320,WOODINVILLE,WA,US,,480330330,480330330,ShipTo,City,KIRKLAND,,,Y,0,0,-0.6,PromotionIdAndCouponCode,0,,Self Funded,ReductionInTaxableBasis,,0,0.024,Tax,Local Sales and Use Tax,Taxable,0,0
,,,,2024-05-24+13:45:26,2024-05-25+00:00,Amazon.com,,AFN,,,SHIPMENT,MarketplaceFacilitator,Amazon,,1,USD,,,,0.6,FALSE,0.6,,,,,WA,,,480330320,WOODINVILLE,WA,US,,480330330,480330330,ShipTo,County,KING,,,Y,0,0,-0.6,PromotionIdAndCouponCode,0,,Self Funded,ReductionInTaxableBasis,,0,0,Tax,Local Sales and Use Tax,NonTaxable,0,0
,,,,2024-05-24+13:45:26,2024-05-25+00:00,Amazon.com,,AFN,,,SHIPMENT,MarketplaceFacilitator,Amazon,,1,USD,,,,0.6,FALSE,0.6,,,,,WA,,,480330320,WOODINVILLE,WA,US,,480330330,480330330,ShipTo,District,REGIONAL TRANSIT AUTHORITY,,,Y,0,0,-0.6,PromotionIdAndCouponCode,0,,Self Funded,ReductionInTaxableBasis,,0,0.014,Tax,Local Sales and Use Tax,Taxable,0,0
,,,,2024-05-24+13:45:26,2024-05-25+00:00,Amazon.com,,AFN,,,SHIPMENT,MarketplaceFacilitator,Amazon,,1,USD,,,,17.29,FALSE,17.29,0,1.78,,,WA,,,480330320,WOODINVILLE,WA,US,,480330330,480330330,ShipTo,State,WA,,,,,,,,,,,,,1.12,0.065,Tax,Retail Sales and Use Tax,Taxable,0,17.29
,,,,2024-05-24+13:45:26,2024-05-25+00:00,Amazon.com,,AFN,,,SHIPMENT,MarketplaceFacilitator,Amazon,,1,USD,,,,17.29,FALSE,17.29,,,,,WA,,,480330320,WOODINVILLE,WA,US,,480330330,480330330,ShipTo,City,KIRKLAND,,,,,,,,,,,,,0.42,0.024,Tax,Local Sales and Use Tax,Taxable,0,17.29
,,,,2024-05-24+13:45:26,2024-05-25+00:00,Amazon.com,,AFN,,,SHIPMENT,MarketplaceFacilitator,Amazon,,1,USD,,,,17.29,FALSE,17.29,,,,,WA,,,480330320,WOODINVILLE,WA,US,,480330330,480330330,ShipTo,County,KING,,,,,,,,,,,,,0,0,Tax,Local Sales and Use Tax,NonTaxable,17.29,0
,,,,2024-05-24+13:45:26,2024-05-25+00:00,Amazon.com,,AFN,,,SHIPMENT,MarketplaceFacilitator,Amazon,,1,USD,,,,17.29,FALSE,17.29,,,,,WA,,,480330320,WOODINVILLE,WA,US,,480330330,480330330,ShipTo,District,REGIONAL TRANSIT AUTHORITY,,,,,,,,,,,,,0.24,0.014,Tax,Local Sales and Use Tax,Taxable,0,17.29
,,,,2024-05-26+17:42:35,2024-05-27+00:00,Amazon.com,,AFN,,,SHIPMENT,MarketplaceFacilitator,Amazon,,1,USD,,,,14.99,FALSE,14.99,0,1.05,,,FL,,,100950000,FORT LAUDERDALE,FL,US,,100110450,100110450,ShipTo,State,FL,,,,,,,,,,,,,0.9,0.06,Tax,Sales and Use Tax,Taxable,0,14.99
,,,,2024-05-26+17:42:35,2024-05-27+00:00,Amazon.com,,AFN,,,SHIPMENT,MarketplaceFacilitator,Amazon,,1,USD,,,,14.99,FALSE,14.99,,,,,FL,,,100950000,FORT LAUDERDALE,FL,US,,100110450,100110450,ShipTo,City,NOT APPLICABLE,,,,,,,,,,,,,0,0,Tax,,ZeroRated,14.99,0
,,,,2024-05-26+17:42:35,2024-05-27+00:00,Amazon.com,,AFN,,,SHIPMENT,MarketplaceFacilitator,Amazon,,1,USD,,,,14.99,FALSE,14.99,,,,,FL,,,100950000,FORT LAUDERDALE,FL,US,,100110450,100110450,ShipTo,County,BROWARD,,,,,,,,,,,,,0.15,0.01,Tax,Local Sales and Use Tax (Discretionary Sales Surtax),Taxable,0,14.99
,,,,2024-05-26+17:42:35,2024-05-27+00:00,Amazon.com,,AFN,,,SHIPMENT,MarketplaceFacilitator,Amazon,,1,USD,,,,14.99,FALSE,14.99,,,,,FL,,,100950000,FORT LAUDERDALE,FL,US,,100110450,100110450,ShipTo,District,NOT APPLICABLE,,,,,,,,,,,,,0,0,Tax,,ZeroRated,14.99,0
,,,,2024-05-26+23:43:46,2024-05-27+00:00,Amazon.com,,AFN,,,SHIPMENT,MarketplaceFacilitator,Amazon,,1,USD,,,,17.29,FALSE,17.29,0,1.45,,,NY,,,330550000,BEDFORD,NY,US,,331199980,331199980,ShipTo,State,NY,,,,,,,,,,,,,0.69,0.04,Tax,Sales and Compensating Use Tax,Taxable,0,17.29
,,,,2024-05-26+23:43:46,2024-05-27+00:00,Amazon.com,,AFN,,,SHIPMENT,MarketplaceFacilitator,Amazon,,1,USD,,,,17.29,FALSE,17.29,,,,,NY,,,330550000,BEDFORD,NY,US,,331199980,331199980,ShipTo,City,NOT APPLICABLE,,,,,,,,,,,,,0,0,Tax,,ZeroRated,17.29,0
,,,,2024-05-26+23:43:46,2024-05-27+00:00,Amazon.com,,AFN,,,SHIPMENT,MarketplaceFacilitator,Amazon,,1,USD,,,,17.29,FALSE,17.29,,,,,NY,,,330550000,BEDFORD,NY,US,,331199980,331199980,ShipTo,County,WESTCHESTER,,,,,,,,,,,,,0.69,0.04,Tax,Local Sales and Use Tax,Taxable,0,17.29
,,,,2024-05-26+23:43:46,2024-05-27+00:00,Amazon.com,,AFN,,,SHIPMENT,MarketplaceFacilitator,Amazon,,1,USD,,,,17.29,FALSE,17.29,,,,,NY,,,330550000,BEDFORD,NY,US,,331199980,331199980,ShipTo,District,METROPOLITAN COMMUTER TRANSPORTATION DISTRICT,,,,,,,,,,,,,0.07,0.00375,Tax,Metropolitan Commuter Transportation District,Taxable,0,17.29
,,,,2024-05-27+00:17:51,2024-05-27+00:00,Amazon.com,,AFN,,,SHIPMENT,MarketplaceFacilitator,Amazon,,1,USD,,,,17.29,FALSE,17.29,0,1.73,,,DE,,,080030000,MATTESON,IL,US,,140311790,140311790,ShipTo,State,IL,,,,,,,,,,,,,1.09,0.0625,Tax,Retailers'/Service Occupation and Use/Service Use Tax,Taxable,0,17.29
,,,,2024-05-27+00:17:51,2024-05-27+00:00,Amazon.com,,AFN,,,SHIPMENT,MarketplaceFacilitator,Amazon,,1,USD,,,,17.29,FALSE,17.29,,,,,DE,,,080030000,MATTESON,IL,US,,140311790,140311790,ShipTo,City,MATTESON,,,,,,,,,,,,,0.17,0.01,Tax,Local Sales Tax,Taxable,0,17.29
,,,,2024-05-27+00:17:51,2024-05-27+00:00,Amazon.com,,AFN,,,SHIPMENT,MarketplaceFacilitator,Amazon,,1,USD,,,,17.29,FALSE,17.29,,,,,DE,,,080030000,MATTESON,IL,US,,140311790,140311790,ShipTo,County,COOK,,,,,,,,,,,,,0.3,0.0175,Tax,Local Sales and Use Tax,Taxable,0,17.29
,,,,2024-05-27+00:17:51,2024-05-27+00:00,Amazon.com,,AFN,,,SHIPMENT,MarketplaceFacilitator,Amazon,,1,USD,,,,17.29,FALSE,17.29,,,,,DE,,,080030000,MATTESON,IL,US,,140311790,140311790,ShipTo,District,REGIONAL TRANSPORTATION AUTHORITY (COOK),,,,,,,,,,,,,0.17,0.01,Tax,Local Sales and Use Tax,Taxable,0,17.29
,,,,2024-05-27+01:38:50,2024-05-27+00:00,Amazon.com,,AFN,,,SHIPMENT,MarketplaceFacilitator,Amazon,,1,USD,,,,17.29,FALSE,17.29,0,1.04,,,NC,,,341830000,MOUNTVILLE,PA,US,,390718267,390718267,ShipTo,State,PA,,,,,,,,,,,,,1.04,0.06,Tax,Sales and Use Tax,Taxable,0,17.29
,,,,2024-05-27+01:38:50,2024-05-27+00:00,Amazon.com,,AFN,,,SHIPMENT,MarketplaceFacilitator,Amazon,,1,USD,,,,17.29,FALSE,17.29,,,,,NC,,,341830000,MOUNTVILLE,PA,US,,390718267,390718267,ShipTo,City,NOT APPLICABLE,,,,,,,,,,,,,0,0,Tax,,ZeroRated,17.29,0
,,,,2024-05-27+01:38:50,2024-05-27+00:00,Amazon.com,,AFN,,,SHIPMENT,MarketplaceFacilitator,Amazon,,1,USD,,,,17.29,FALSE,17.29,,,,,NC,,,341830000,MOUNTVILLE,PA,US,,390718267,390718267,ShipTo,County,NOT APPLICABLE,,,,,,,,,,,,,0,0,Tax,,ZeroRated,17.29,0
,,,,2024-05-27+01:38:50,2024-05-27+00:00,Amazon.com,,AFN,,,SHIPMENT,MarketplaceFacilitator,Amazon,,1,USD,,,,17.29,FALSE,17.29,,,,,NC,,,341830000,MOUNTVILLE,PA,US,,390718267,390718267,ShipTo,District,NOT APPLICABLE,,,,,,,,,,,,,0,0,Tax,,ZeroRated,17.29,0
,,,,2024-05-27+16:51:50,2024-05-28+00:00,Amazon.com,,AFN,,,SHIPMENT,MarketplaceFacilitator,Amazon,,1,USD,,,,17.29,FALSE,17.29,0,0.96,,,NC,,,341830000,MECHANICSVILLE,VA,US,,470850000,470850000,ShipTo,State,VA,,,Y,0,0,-1.21,PromotionIdAndCouponCode,0,,Amazon Funded Discount US,ReductionInTaxableBasis,,0.69,0.043,Tax,Retail Sales and Use Tax,Taxable,0,16.08
,,,,2024-05-27+16:51:50,2024-05-28+00:00,Amazon.com,,AFN,,,SHIPMENT,MarketplaceFacilitator,Amazon,,1,USD,,,,17.29,FALSE,17.29,,,,,NC,,,341830000,MECHANICSVILLE,VA,US,,470850000,470850000,ShipTo,City,NOT APPLICABLE,,,Y,0,0,-1.21,PromotionIdAndCouponCode,0,,Amazon Funded Discount US,ReductionInTaxableBasis,,0,0,Tax,,ZeroRated,16.08,0
,,,,2024-05-27+16:51:50,2024-05-28+00:00,Amazon.com,,AFN,,,SHIPMENT,MarketplaceFacilitator,Amazon,,1,USD,,,,17.29,FALSE,17.29,,,,,NC,,,341830000,MECHANICSVILLE,VA,US,,470850000,470850000,ShipTo,County,HANOVER,,,Y,0,0,-1.21,PromotionIdAndCouponCode,0,,Amazon Funded Discount US,ReductionInTaxableBasis,,0.16,0.01,Tax,Local Sales and Use Tax,Taxable,0,16.08
,,,,2024-05-27+16:51:50,2024-05-28+00:00,Amazon.com,,AFN,,,SHIPMENT,MarketplaceFacilitator,Amazon,,1,USD,,,,17.29,FALSE,17.29,,,,,NC,,,341830000,MECHANICSVILLE,VA,US,,470850000,470850000,ShipTo,District,CENTRAL VIRGINIA DISTRICT,,,Y,0,0,-1.21,PromotionIdAndCouponCode,0,,Amazon Funded Discount US,ReductionInTaxableBasis,,0.11,0.007,Tax,Local Sales and Use Tax,Taxable,0,16.08
,,,,2024-05-27+16:51:50,2024-05-28+00:00,Amazon.com,,AFN,,,SHIPMENT,MarketplaceFacilitator,Amazon,,1,USD,,,,17.29,FALSE,17.29,0,0.96,,,NC,,,341830000,MECHANICSVILLE,VA,US,,470850000,470850000,ShipTo,State,VA,,,Y,0,0,-1.21,PromotionIdAndCouponCode,0,,Amazon Funded Discount US,ReductionInTaxableBasis,,0.69,0.043,Tax,Retail Sales and Use Tax,Taxable,0,16.08
,,,,2024-05-27+16:51:50,2024-05-28+00:00,Amazon.com,,AFN,,,SHIPMENT,MarketplaceFacilitator,Amazon,,1,USD,,,,17.29,FALSE,17.29,,,,,NC,,,341830000,MECHANICSVILLE,VA,US,,470850000,470850000,ShipTo,City,NOT APPLICABLE,,,Y,0,0,-1.21,PromotionIdAndCouponCode,0,,Amazon Funded Discount US,ReductionInTaxableBasis,,0,0,Tax,,ZeroRated,16.08,0
,,,,2024-05-27+16:51:50,2024-05-28+00:00,Amazon.com,,AFN,,,SHIPMENT,MarketplaceFacilitator,Amazon,,1,USD,,,,17.29,FALSE,17.29,,,,,NC,,,341830000,MECHANICSVILLE,VA,US,,470850000,470850000,ShipTo,County,HANOVER,,,Y,0,0,-1.21,PromotionIdAndCouponCode,0,,Amazon Funded Discount US,ReductionInTaxableBasis,,0.16,0.01,Tax,Local Sales and Use Tax,Taxable,0,16.08
,,,,2024-05-27+16:51:50,2024-05-28+00:00,Amazon.com,,AFN,,,SHIPMENT,MarketplaceFacilitator,Amazon,,1,USD,,,,17.29,FALSE,17.29,,,,,NC,,,341830000,MECHANICSVILLE,VA,US,,470850000,470850000,ShipTo,District,CENTRAL VIRGINIA DISTRICT,,,Y,0,0,-1.21,PromotionIdAndCouponCode,0,,Amazon Funded Discount US,ReductionInTaxableBasis,,0.11,0.007,Tax,Local Sales and Use Tax,Taxable,0,16.08
,,,,2024-05-27+16:33:38,2024-05-28+00:00,Amazon.com,,AFN,,,SHIPMENT,MarketplaceFacilitator,Amazon,,1,USD,,,,17.29,FALSE,17.29,0,1.49,,,TX,,,444535425,PHOENIX,AZ,US,,030130210,030130210,ShipTo,State,AZ,,,,,,,,,,,,,0.97,0.056,Tax,Transaction Privilege and Use Tax,Taxable,0,17.29
,,,,2024-05-27+16:33:38,2024-05-28+00:00,Amazon.com,,AFN,,,SHIPMENT,MarketplaceFacilitator,Amazon,,1,USD,,,,17.29,FALSE,17.29,,,,,TX,,,444535425,PHOENIX,AZ,US,,030130210,030130210,ShipTo,City,PHOENIX,,,,,,,,,,,,,0.4,0.023,Tax,Local Transaction Privilege and Use Tax,Taxable,0,17.29
,,,,2024-05-27+16:33:38,2024-05-28+00:00,Amazon.com,,AFN,,,SHIPMENT,MarketplaceFacilitator,Amazon,,1,USD,,,,17.29,FALSE,17.29,,,,,TX,,,444535425,PHOENIX,AZ,US,,030130210,030130210,ShipTo,County,MARICOPA,,,,,,,,,,,,,0.12,0.007,Tax,Local Transaction Privilege and Use Tax,Taxable,0,17.29
,,,,2024-05-27+16:33:38,2024-05-28+00:00,Amazon.com,,AFN,,,SHIPMENT,MarketplaceFacilitator,Amazon,,1,USD,,,,17.29,FALSE,17.29,,,,,TX,,,444535425,PHOENIX,AZ,US,,030130210,030130210,ShipTo,District,NOT APPLICABLE,,,,,,,,,,,,,0,0,Tax,,ZeroRated,17.29,0
,,,,2024-05-28+11:11:42,2024-05-28+00:00,Amazon.com,,AFN,,,SHIPMENT,MarketplaceFacilitator,Amazon,,1,USD,,,,17.29,FALSE,17.29,0,0.86,,,UT,,,450350270,LITTLETON,CO,US,,060595404,060595404,ShipTo,State,CO,,,,,,,,,,,,,0.49,0.029,Tax,Sales and Use Tax,Taxable,0,17.29
,,,,2024-05-28+11:11:42,2024-05-28+00:00,Amazon.com,,AFN,,,SHIPMENT,MarketplaceFacilitator,Amazon,,1,USD,,,,17.29,FALSE,17.29,,,,,UT,,,450350270,LITTLETON,CO,US,,060595404,060595404,ShipTo,City,NOT APPLICABLE,,,,,,,,,,,,,0,0,Tax,,ZeroRated,17.29,0
,,,,2024-05-28+11:11:42,2024-05-28+00:00,Amazon.com,,AFN,,,SHIPMENT,MarketplaceFacilitator,Amazon,,1,USD,,,,17.29,FALSE,17.29,,,,,UT,,,450350270,LITTLETON,CO,US,,060595404,060595404,ShipTo,County,JEFFERSON,,,,,,,,,,,,,0.09,0.005,Tax,Local Sales and Use Tax,Taxable,0,17.29
,,,,2024-05-28+11:11:42,2024-05-28+00:00,Amazon.com,,AFN,,,SHIPMENT,MarketplaceFacilitator,Amazon,,1,USD,,,,17.29,FALSE,17.29,,,,,UT,,,450350270,LITTLETON,CO,US,,060595404,060595404,ShipTo,District,REGIONAL TRANSPORTATION DISTRICT,,,,,,,,,,,,,0.17,0.01,Tax,Local Sales and Use Tax,Taxable,0,17.29
,,,,2024-05-28+11:11:42,2024-05-28+00:00,Amazon.com,,AFN,,,SHIPMENT,MarketplaceFacilitator,Amazon,,1,USD,,,,17.29,FALSE,17.29,,,,,UT,,,450350270,LITTLETON,CO,US,,060595404,060595404,ShipTo,District,SCIENTIFIC AND CULTURAL FACILITIES DISTRICT,,,,,,,,,,,,,0.02,0.001,Tax,Local Sales and Use Tax,Taxable,0,17.29
,,,,2024-05-28+11:11:42,2024-05-28+00:00,Amazon.com,,AFN,,,SHIPMENT,MarketplaceFacilitator,Amazon,,1,USD,,,,17.29,FALSE,17.29,,,,,UT,,,450350270,LITTLETON,CO,US,,060595404,060595404,ShipTo,District,SOUTHEAST JEFFERSON COUNTY LOCAL IMPROVEMENT DISTRICT,,,,,,,,,,,,,0.09,0.005,Tax,Local Sales Tax,Taxable,0,17.29
,,,,2024-05-28+03:13:46,2024-05-28+00:00,Amazon.com,,AFN,,,SHIPMENT,MarketplaceFacilitator,Amazon,,1,USD,,,,0.74,FALSE,0.74,0,0,,,NY,,,330550000,DENVILLE,NJ,US,,310276575,310276575,ShipTo,State,NJ,,,Y,0,0,-0.74,PromotionIdAndCouponCode,0,,Self Funded,ReductionInTaxableBasis,,0,0.06625,Tax,Sales and Use Tax,Taxable,0,0
,,,,2024-05-28+03:13:46,2024-05-28+00:00,Amazon.com,,AFN,,,SHIPMENT,MarketplaceFacilitator,Amazon,,1,USD,,,,0.74,FALSE,0.74,,,,,NY,,,330550000,DENVILLE,NJ,US,,310276575,310276575,ShipTo,City,NOT APPLICABLE,,,Y,0,0,-0.74,PromotionIdAndCouponCode,0,,Self Funded,ReductionInTaxableBasis,,0,0,Tax,,NonTaxable,0,0
,,,,2024-05-28+03:13:46,2024-05-28+00:00,Amazon.com,,AFN,,,SHIPMENT,MarketplaceFacilitator,Amazon,,1,USD,,,,0.74,FALSE,0.74,,,,,NY,,,330550000,DENVILLE,NJ,US,,310276575,310276575,ShipTo,County,NOT APPLICABLE,,,Y,0,0,-0.74,PromotionIdAndCouponCode,0,,Self Funded,ReductionInTaxableBasis,,0,0,Tax,,NonTaxable,0,0
,,,,2024-05-28+03:13:46,2024-05-28+00:00,Amazon.com,,AFN,,,SHIPMENT,MarketplaceFacilitator,Amazon,,1,USD,,,,0.74,FALSE,0.74,,,,,NY,,,330550000,DENVILLE,NJ,US,,310276575,310276575,ShipTo,District,NOT APPLICABLE,,,Y,0,0,-0.74,PromotionIdAndCouponCode,0,,Self Funded,ReductionInTaxableBasis,,0,0,Tax,,NonTaxable,0,0
,,,,2024-05-28+03:13:46,2024-05-28+00:00,Amazon.com,,AFN,,,SHIPMENT,MarketplaceFacilitator,Amazon,,1,USD,,,,17.29,FALSE,17.29,0,1.15,,,NY,,,330550000,DENVILLE,NJ,US,,310276575,310276575,ShipTo,State,NJ,,,,,,,,,,,,,1.15,0.06625,Tax,Sales and Use Tax,Taxable,0,17.29
,,,,2024-05-28+03:13:46,2024-05-28+00:00,Amazon.com,,AFN,,,SHIPMENT,MarketplaceFacilitator,Amazon,,1,USD,,,,17.29,FALSE,17.29,,,,,NY,,,330550000,DENVILLE,NJ,US,,310276575,310276575,ShipTo,City,NOT APPLICABLE,,,,,,,,,,,,,0,0,Tax,,ZeroRated,17.29,0
,,,,2024-05-28+03:13:46,2024-05-28+00:00,Amazon.com,,AFN,,,SHIPMENT,MarketplaceFacilitator,Amazon,,1,USD,,,,17.29,FALSE,17.29,,,,,NY,,,330550000,DENVILLE,NJ,US,,310276575,310276575,ShipTo,County,NOT APPLICABLE,,,,,,,,,,,,,0,0,Tax,,ZeroRated,17.29,0
,,,,2024-05-28+03:13:46,2024-05-28+00:00,Amazon.com,,AFN,,,SHIPMENT,MarketplaceFacilitator,Amazon,,1,USD,,,,17.29,FALSE,17.29,,,,,NY,,,330550000,DENVILLE,NJ,US,,310276575,310276575,ShipTo,District,NOT APPLICABLE,,,,,,,,,,,,,0,0,Tax,,ZeroRated,17.29,0
,,,,2024-05-28+23:01:00,2024-05-29+00:00,Amazon.com,,AFN,,,SHIPMENT,MarketplaceFacilitator,Amazon,,1,USD,,,,17.29,FALSE,17.29,0,1.21,,,NC,,,341830000,Largo,FL,US,,101030780,101030780,ShipTo,State,FL,,,,,,,,,,,,,1.04,0.06,Tax,Sales and Use Tax,Taxable,0,17.29
,,,,2024-05-28+23:01:00,2024-05-29+00:00,Amazon.com,,AFN,,,SHIPMENT,MarketplaceFacilitator,Amazon,,1,USD,,,,17.29,FALSE,17.29,,,,,NC,,,341830000,Largo,FL,US,,101030780,101030780,ShipTo,City,NOT APPLICABLE,,,,,,,,,,,,,0,0,Tax,,ZeroRated,17.29,0
,,,,2024-05-28+23:01:00,2024-05-29+00:00,Amazon.com,,AFN,,,SHIPMENT,MarketplaceFacilitator,Amazon,,1,USD,,,,17.29,FALSE,17.29,,,,,NC,,,341830000,Largo,FL,US,,101030780,101030780,ShipTo,County,PINELLAS,,,,,,,,,,,,,0.17,0.01,Tax,Local Sales and Use Tax (Discretionary Sales Surtax),Taxable,0,17.29
,,,,2024-05-28+23:01:00,2024-05-29+00:00,Amazon.com,,AFN,,,SHIPMENT,MarketplaceFacilitator,Amazon,,1,USD,,,,17.29,FALSE,17.29,,,,,NC,,,341830000,Largo,FL,US,,101030780,101030780,ShipTo,District,NOT APPLICABLE,,,,,,,,,,,,,0,0,Tax,,ZeroRated,17.29,0
,,,,2024-05-28+22:05:40,2024-05-29+00:00,Amazon.com,,AFN,,,SHIPMENT,MarketplaceFacilitator,Amazon,,1,USD,,,,17.29,FALSE,17.29,0,1.21,,,WA,,,480330320,HYRUM,UT,US,,450050753,450050753,ShipTo,State,UT,,,,,,,,,,,,,0.84,0.0485,Tax,Sales and Use Tax,Taxable,0,17.29
,,,,2024-05-28+22:05:40,2024-05-29+00:00,Amazon.com,,AFN,,,SHIPMENT,MarketplaceFacilitator,Amazon,,1,USD,,,,17.29,FALSE,17.29,,,,,WA,,,480330320,HYRUM,UT,US,,450050753,450050753,ShipTo,City,HYRUM,,,,,,,,,,,,,0.17,0.01,Tax,Local Sales and Use Tax,Taxable,0,17.29
,,,,2024-05-28+22:05:40,2024-05-29+00:00,Amazon.com,,AFN,,,SHIPMENT,MarketplaceFacilitator,Amazon,,1,USD,,,,17.29,FALSE,17.29,,,,,WA,,,480330320,HYRUM,UT,US,,450050753,450050753,ShipTo,County,CACHE,,,,,,,,,,,,,0.15,0.0085,Tax,Local Sales and Use Tax,Taxable,0,17.29
,,,,2024-05-28+22:05:40,2024-05-29+00:00,Amazon.com,,AFN,,,SHIPMENT,MarketplaceFacilitator,Amazon,,1,USD,,,,17.29,FALSE,17.29,,,,,WA,,,480330320,HYRUM,UT,US,,450050753,450050753,ShipTo,District,MASS TRANSIT TAX,,,,,,,,,,,,,0.05,0.003,Tax,Local Sales and Use Tax,Taxable,0,17.29
,,,,2024-05-20+21:26:48,2024-05-29+00:00,Amazon.com,,AFN,,,RETURN,MarketplaceFacilitator,Amazon,,1,USD,,,,19.4,FALSE,-19.4,0,-1.29,,,DE,,,080030000,KEYPORT,NJ,US,,310251110,310251110,ShipTo,State,NJ,,,,,,,,,,,,,-1.29,0.06625,Tax,Sales and Use Tax,Taxable,0,-19.4
,,,,2024-05-20+21:26:48,2024-05-29+00:00,Amazon.com,,AFN,,,RETURN,MarketplaceFacilitator,Amazon,,1,USD,,,,19.4,FALSE,-19.4,,,,,DE,,,080030000,KEYPORT,NJ,US,,310251110,310251110,ShipTo,City,NOT APPLICABLE,,,,,,,,,,,,,0,0,Tax,,ZeroRated,-19.4,0
,,,,2024-05-20+21:26:48,2024-05-29+00:00,Amazon.com,,AFN,,,RETURN,MarketplaceFacilitator,Amazon,,1,USD,,,,19.4,FALSE,-19.4,,,,,DE,,,080030000,KEYPORT,NJ,US,,310251110,310251110,ShipTo,County,NOT APPLICABLE,,,,,,,,,,,,,0,0,Tax,,ZeroRated,-19.4,0
,,,,2024-05-20+21:26:48,2024-05-29+00:00,Amazon.com,,AFN,,,RETURN,MarketplaceFacilitator,Amazon,,1,USD,,,,19.4,FALSE,-19.4,,,,,DE,,,080030000,KEYPORT,NJ,US,,310251110,310251110,ShipTo,District,NOT APPLICABLE,,,,,,,,,,,,,0,0,Tax,,ZeroRated,-19.4,0
,,,,2024-05-29+03:32:03,2024-05-29+00:00,Amazon.com,,AFN,,,SHIPMENT,MarketplaceFacilitator,Amazon,,1,USD,,,,17.29,FALSE,17.29,0,1.04,,,NC,,,341830000,BETHESDA,MD,US,,210310000,210310000,ShipTo,State,MD,,,,,,,,,,,,,1.04,0.06,Tax,Sales and Use Tax,Taxable,0,17.29
,,,,2024-05-29+03:32:03,2024-05-29+00:00,Amazon.com,,AFN,,,SHIPMENT,MarketplaceFacilitator,Amazon,,1,USD,,,,17.29,FALSE,17.29,,,,,NC,,,341830000,BETHESDA,MD,US,,210310000,210310000,ShipTo,City,NOT APPLICABLE,,,,,,,,,,,,,0,0,Tax,,ZeroRated,17.29,0
,,,,2024-05-29+03:32:03,2024-05-29+00:00,Amazon.com,,AFN,,,SHIPMENT,MarketplaceFacilitator,Amazon,,1,USD,,,,17.29,FALSE,17.29,,,,,NC,,,341830000,BETHESDA,MD,US,,210310000,210310000,ShipTo,County,NOT APPLICABLE,,,,,,,,,,,,,0,0,Tax,,ZeroRated,17.29,0
,,,,2024-05-29+03:32:03,2024-05-29+00:00,Amazon.com,,AFN,,,SHIPMENT,MarketplaceFacilitator,Amazon,,1,USD,,,,17.29,FALSE,17.29,,,,,NC,,,341830000,BETHESDA,MD,US,,210310000,210310000,ShipTo,District,NOT APPLICABLE,,,,,,,,,,,,,0,0,Tax,,ZeroRated,17.29,0
,,,,2024-05-29+15:13:39,2024-05-30+00:00,Amazon.com,,AFN,,,SHIPMENT,MarketplaceFacilitator,Amazon,,1,USD,,,,17.29,FALSE,17.29,0,1.43,,,TX,,,444535425,KELLER,TX,US,,444391090,444391090,ShipTo,State,TX,,,,,,,,,,,,,1.08,0.0625,Tax,Sales and Use Tax,Taxable,0,17.29
,,,,2024-05-29+15:13:39,2024-05-30+00:00,Amazon.com,,AFN,,,SHIPMENT,MarketplaceFacilitator,Amazon,,1,USD,,,,17.29,FALSE,17.29,,,,,TX,,,444535425,KELLER,TX,US,,444391090,444391090,ShipTo,City,FORT WORTH,,,,,,,,,,,,,0.17,0.01,Tax,Local Sales and Use Tax,Taxable,0,17.29
,,,,2024-05-29+15:13:39,2024-05-30+00:00,Amazon.com,,AFN,,,SHIPMENT,MarketplaceFacilitator,Amazon,,1,USD,,,,17.29,FALSE,17.29,,,,,TX,,,444535425,KELLER,TX,US,,444391090,444391090,ShipTo,County,NOT APPLICABLE,,,,,,,,,,,,,0,0,Tax,,ZeroRated,17.29,0
,,,,2024-05-29+15:13:39,2024-05-30+00:00,Amazon.com,,AFN,,,SHIPMENT,MarketplaceFacilitator,Amazon,,1,USD,,,,17.29,FALSE,17.29,,,,,TX,,,444535425,KELLER,TX,US,,444391090,444391090,ShipTo,District,FORT WORTH CRIME CONTROL DISTRICT,,,,,,,,,,,,,0.09,0.005,Tax,Local Sales and Use Tax,Taxable,0,17.29
,,,,2024-05-29+15:13:39,2024-05-30+00:00,Amazon.com,,AFN,,,SHIPMENT,MarketplaceFacilitator,Amazon,,1,USD,,,,17.29,FALSE,17.29,,,,,TX,,,444535425,KELLER,TX,US,,444391090,444391090,ShipTo,District,FORT WORTH METROPOLITAN TRANSIT AUTHORITY,,,,,,,,,,,,,0.09,0.005,Tax,Local Sales and Use Tax,Taxable,0,17.29
,,,,2024-05-29+20:32:52,2024-05-30+00:00,Amazon.com,,AFN,,,SHIPMENT,MarketplaceFacilitator,Amazon,,1,USD,,,,17.29,FALSE,17.29,0,1.21,,,NC,,,341830000,LONGWOOD,FL,US,,101170000,101170000,ShipTo,State,FL,,,,,,,,,,,,,1.04,0.06,Tax,Sales and Use Tax,Taxable,0,17.29
,,,,2024-05-29+20:32:52,2024-05-30+00:00,Amazon.com,,AFN,,,SHIPMENT,MarketplaceFacilitator,Amazon,,1,USD,,,,17.29,FALSE,17.29,,,,,NC,,,341830000,LONGWOOD,FL,US,,101170000,101170000,ShipTo,City,NOT APPLICABLE,,,,,,,,,,,,,0,0,Tax,,ZeroRated,17.29,0
,,,,2024-05-29+20:32:52,2024-05-30+00:00,Amazon.com,,AFN,,,SHIPMENT,MarketplaceFacilitator,Amazon,,1,USD,,,,17.29,FALSE,17.29,,,,,NC,,,341830000,LONGWOOD,FL,US,,101170000,101170000,ShipTo,County,SEMINOLE,,,,,,,,,,,,,0.17,0.01,Tax,Local Sales and Use Tax (Discretionary Sales Surtax),Taxable,0,17.29
,,,,2024-05-29+20:32:52,2024-05-30+00:00,Amazon.com,,AFN,,,SHIPMENT,MarketplaceFacilitator,Amazon,,1,USD,,,,17.29,FALSE,17.29,,,,,NC,,,341830000,LONGWOOD,FL,US,,101170000,101170000,ShipTo,District,NOT APPLICABLE,,,,,,,,,,,,,0,0,Tax,,ZeroRated,17.29,0
,,,,2024-05-30+01:48:31,2024-05-30+00:00,Amazon.com,,AFN,,,SHIPMENT,MarketplaceFacilitator,Amazon,,1,USD,,,,17.29,FALSE,17.29,0,1.76,,,WA,,,480330320,Bellevue,WA,US,,480330040,480330040,ShipTo,State,WA,,,,,,,,,,,,,1.12,0.065,Tax,Retail Sales and Use Tax,Taxable,0,17.29
,,,,2024-05-30+01:48:31,2024-05-30+00:00,Amazon.com,,AFN,,,SHIPMENT,MarketplaceFacilitator,Amazon,,1,USD,,,,17.29,FALSE,17.29,,,,,WA,,,480330320,Bellevue,WA,US,,480330040,480330040,ShipTo,City,BELLEVUE,,,,,,,,,,,,,0.4,0.023,Tax,Local Sales and Use Tax,Taxable,0,17.29
,,,,2024-05-30+01:48:31,2024-05-30+00:00,Amazon.com,,AFN,,,SHIPMENT,MarketplaceFacilitator,Amazon,,1,USD,,,,17.29,FALSE,17.29,,,,,WA,,,480330320,Bellevue,WA,US,,480330040,480330040,ShipTo,County,KING,,,,,,,,,,,,,0,0,Tax,Local Sales and Use Tax,NonTaxable,17.29,0
,,,,2024-05-30+01:48:31,2024-05-30+00:00,Amazon.com,,AFN,,,SHIPMENT,MarketplaceFacilitator,Amazon,,1,USD,,,,17.29,FALSE,17.29,,,,,WA,,,480330320,Bellevue,WA,US,,480330040,480330040,ShipTo,District,REGIONAL TRANSIT AUTHORITY,,,,,,,,,,,,,0.24,0.014,Tax,Local Sales and Use Tax,Taxable,0,17.29
,,,,2024-05-30+00:35:29,2024-05-30+00:00,Amazon.com,,AFN,,,SHIPMENT,MarketplaceFacilitator,Amazon,,1,USD,,,,17.29,FALSE,17.29,0,1.25,,,WA,,,480330320,LOS OSOS,CA,US,,050790029,050790029,ShipTo,State,CA,,,,,,,,,,,,,1.03,0.06,Tax,Sales and Use Tax,Taxable,0,17.29
,,,,2024-05-30+00:35:29,2024-05-30+00:00,Amazon.com,,AFN,,,SHIPMENT,MarketplaceFacilitator,Amazon,,1,USD,,,,17.29,FALSE,17.29,,,,,WA,,,480330320,LOS OSOS,CA,US,,050790029,050790029,ShipTo,City,NOT APPLICABLE,,,,,,,,,,,,,0,0,Tax,,ZeroRated,17.29,0
,,,,2024-05-30+00:35:29,2024-05-30+00:00,Amazon.com,,AFN,,,SHIPMENT,MarketplaceFacilitator,Amazon,,1,USD,,,,17.29,FALSE,17.29,,,,,WA,,,480330320,LOS OSOS,CA,US,,050790029,050790029,ShipTo,County,SAN LUIS OBISPO,,,,,,,,,,,,,0.22,0.0125,Tax,Local Sales and Use Tax,Taxable,0,17.29
,,,,2024-05-30+00:35:29,2024-05-30+00:00,Amazon.com,,AFN,,,SHIPMENT,MarketplaceFacilitator,Amazon,,1,USD,,,,17.29,FALSE,17.29,,,,,WA,,,480330320,LOS OSOS,CA,US,,050790029,050790029,ShipTo,District,NOT APPLICABLE,,,,,,,,,,,,,0,0,Tax,,ZeroRated,17.29,0
,,,,2024-05-30+00:35:29,2024-05-30+00:00,Amazon.com,,AFN,,,SHIPMENT,MarketplaceFacilitator,Amazon,,1,USD,,,,2.52,FALSE,2.52,0,0,,,WA,,,480330320,LOS OSOS,CA,US,,050790029,050790029,ShipTo,State,CA,,,Y,0,0,-2.52,PromotionIdAndCouponCode,0,,Self Funded,ReductionInTaxableBasis,,0,0.06,Tax,Sales and Use Tax,Taxable,0,0
,,,,2024-05-30+00:35:29,2024-05-30+00:00,Amazon.com,,AFN,,,SHIPMENT,MarketplaceFacilitator,Amazon,,1,USD,,,,2.52,FALSE,2.52,,,,,WA,,,480330320,LOS OSOS,CA,US,,050790029,050790029,ShipTo,City,NOT APPLICABLE,,,Y,0,0,-2.52,PromotionIdAndCouponCode,0,,Self Funded,ReductionInTaxableBasis,,0,0,Tax,,NonTaxable,0,0
,,,,2024-05-30+00:35:29,2024-05-30+00:00,Amazon.com,,AFN,,,SHIPMENT,MarketplaceFacilitator,Amazon,,1,USD,,,,2.52,FALSE,2.52,,,,,WA,,,480330320,LOS OSOS,CA,US,,050790029,050790029,ShipTo,County,SAN LUIS OBISPO,,,Y,0,0,-2.52,PromotionIdAndCouponCode,0,,Self Funded,ReductionInTaxableBasis,,0,0.0125,Tax,Local Sales and Use Tax,Taxable,0,0
,,,,2024-05-30+00:35:29,2024-05-30+00:00,Amazon.com,,AFN,,,SHIPMENT,MarketplaceFacilitator,Amazon,,1,USD,,,,2.52,FALSE,2.52,,,,,WA,,,480330320,LOS OSOS,CA,US,,050790029,050790029,ShipTo,District,NOT APPLICABLE,,,Y,0,0,-2.52,PromotionIdAndCouponCode,0,,Self Funded,ReductionInTaxableBasis,,0,0,Tax,,NonTaxable,0,0
,,,,2024-05-29+23:13:46,2024-05-30+00:00,Amazon.com,,AFN,,,SHIPMENT,MarketplaceFacilitator,Amazon,,1,USD,,,,17.29,FALSE,17.29,0,1.08,,,NY,,,330550000,BALDWINVILLE,MA,US,,220273860,220273860,ShipTo,State,MA,,,,,,,,,,,,,1.08,0.0625,Tax,Sales and Use Tax,Taxable,0,17.29
,,,,2024-05-29+23:13:46,2024-05-30+00:00,Amazon.com,,AFN,,,SHIPMENT,MarketplaceFacilitator,Amazon,,1,USD,,,,17.29,FALSE,17.29,,,,,NY,,,330550000,BALDWINVILLE,MA,US,,220273860,220273860,ShipTo,City,NOT APPLICABLE,,,,,,,,,,,,,0,0,Tax,,ZeroRated,17.29,0
,,,,2024-05-29+23:13:46,2024-05-30+00:00,Amazon.com,,AFN,,,SHIPMENT,MarketplaceFacilitator,Amazon,,1,USD,,,,17.29,FALSE,17.29,,,,,NY,,,330550000,BALDWINVILLE,MA,US,,220273860,220273860,ShipTo,County,NOT APPLICABLE,,,,,,,,,,,,,0,0,Tax,,ZeroRated,17.29,0
,,,,2024-05-29+23:13:46,2024-05-30+00:00,Amazon.com,,AFN,,,SHIPMENT,MarketplaceFacilitator,Amazon,,1,USD,,,,17.29,FALSE,17.29,,,,,NY,,,330550000,BALDWINVILLE,MA,US,,220273860,220273860,ShipTo,District,NOT APPLICABLE,,,,,,,,,,,,,0,0,Tax,,ZeroRated,17.29,0
,,,,2024-05-30+10:55:55,2024-05-30+00:00,Amazon.com,,AFN,,,SHIPMENT,MarketplaceFacilitator,Amazon,,1,USD,,,,17.29,FALSE,17.29,0,1.16,,,TN,,,470590000,INDEPENDENCE,MO,US,,260951290,260951290,ShipTo,State,MO,,,,,,,,,,,,,0.73,0.04225,Tax,Sales and Use Tax,Taxable,0,17.29
,,,,2024-05-30+10:55:55,2024-05-30+00:00,Amazon.com,,AFN,,,SHIPMENT,MarketplaceFacilitator,Amazon,,1,USD,,,,17.29,FALSE,17.29,,,,,TN,,,470590000,INDEPENDENCE,MO,US,,260951290,260951290,ShipTo,City,SUGAR CREEK,,,,,,,,,,,,,0.43,0.025,Tax,Local Sales and Use Tax,Taxable,0,17.29
,,,,2024-05-30+10:55:55,2024-05-30+00:00,Amazon.com,,AFN,,,SHIPMENT,MarketplaceFacilitator,Amazon,,1,USD,,,,17.29,FALSE,17.29,,,,,TN,,,470590000,INDEPENDENCE,MO,US,,260951290,260951290,ShipTo,County,NOT APPLICABLE,,,,,,,,,,,,,0,0,Tax,,ZeroRated,17.29,0
,,,,2024-05-30+10:55:55,2024-05-30+00:00,Amazon.com,,AFN,,,SHIPMENT,MarketplaceFacilitator,Amazon,,1,USD,,,,17.29,FALSE,17.29,,,,,TN,,,470590000,INDEPENDENCE,MO,US,,260951290,260951290,ShipTo,District,NOT APPLICABLE,,,,,,,,,,,,,0,0,Tax,,ZeroRated,17.29,0
,,,,2024-05-30+06:05:30,2024-05-30+00:00,Amazon.com,,AFN,,,SHIPMENT,MarketplaceFacilitator,Amazon,,1,USD,,,,17.29,FALSE,17.29,0,1.58,,,NC,,,341830000,Santa Clara,CA,US,,050853271,050853271,ShipTo,State,CA,,,,,,,,,,,,,1.03,0.06,Tax,Sales and Use Tax,Taxable,0,17.29
,,,,2024-05-30+06:05:30,2024-05-30+00:00,Amazon.com,,AFN,,,SHIPMENT,MarketplaceFacilitator,Amazon,,1,USD,,,,17.29,FALSE,17.29,,,,,NC,,,341830000,Santa Clara,CA,US,,050853271,050853271,ShipTo,City,NOT APPLICABLE,,,,,,,,,,,,,0,0,Tax,,ZeroRated,17.29,0
,,,,2024-05-30+06:05:30,2024-05-30+00:00,Amazon.com,,AFN,,,SHIPMENT,MarketplaceFacilitator,Amazon,,1,USD,,,,17.29,FALSE,17.29,,,,,NC,,,341830000,Santa Clara,CA,US,,050853271,050853271,ShipTo,County,SANTA CLARA,,,,,,,,,,,,,0.22,0.0125,Tax,Local Sales and Use Tax,Taxable,0,17.29
,,,,2024-05-30+06:05:30,2024-05-30+00:00,Amazon.com,,AFN,,,SHIPMENT,MarketplaceFacilitator,Amazon,,1,USD,,,,17.29,FALSE,17.29,,,,,NC,,,341830000,Santa Clara,CA,US,,050853271,050853271,ShipTo,District,RETAIL TRANSACTIONS AND USE TAX (SCCR),,,,,,,,,,,,,0.02,0.00125,Tax,Local Sales and Use Tax,Taxable,0,17.29
,,,,2024-05-30+06:05:30,2024-05-30+00:00,Amazon.com,,AFN,,,SHIPMENT,MarketplaceFacilitator,Amazon,,1,USD,,,,17.29,FALSE,17.29,,,,,NC,,,341830000,Santa Clara,CA,US,,050853271,050853271,ShipTo,District,TRANSACTIONS AND USE TAX (JPBT),,,,,,,,,,,,,0.02,0.00125,Tax,Local Sales and Use Tax,Taxable,0,17.29
,,,,2024-05-30+06:05:30,2024-05-30+00:00,Amazon.com,,AFN,,,SHIPMENT,MarketplaceFacilitator,Amazon,,1,USD,,,,17.29,FALSE,17.29,,,,,NC,,,341830000,Santa Clara,CA,US,,050853271,050853271,ShipTo,District,TRANSACTIONS AND USE TAX (SVTB),,,,,,,,,,,,,0.02,0.00125,Tax,Local Sales and Use Tax,Taxable,0,17.29
,,,,2024-05-30+06:05:30,2024-05-30+00:00,Amazon.com,,AFN,,,SHIPMENT,MarketplaceFacilitator,Amazon,,1,USD,,,,17.29,FALSE,17.29,,,,,NC,,,341830000,Santa Clara,CA,US,,050853271,050853271,ShipTo,District,TRANSACTIONS AND USE TAX (SVTS),,,,,,,,,,,,,0.09,0.005,Tax,Local Sales and Use Tax,Taxable,0,17.29
,,,,2024-05-30+06:05:30,2024-05-30+00:00,Amazon.com,,AFN,,,SHIPMENT,MarketplaceFacilitator,Amazon,,1,USD,,,,17.29,FALSE,17.29,,,,,NC,,,341830000,Santa Clara,CA,US,,050853271,050853271,ShipTo,District,TRANSIT DISTRICT (SCCT),,,,,,,,,,,,,0.09,0.005,Tax,Local Sales and Use Tax,Taxable,0,17.29
,,,,2024-05-30+06:05:30,2024-05-30+00:00,Amazon.com,,AFN,,,SHIPMENT,MarketplaceFacilitator,Amazon,,1,USD,,,,17.29,FALSE,17.29,,,,,NC,,,341830000,Santa Clara,CA,US,,050853271,050853271,ShipTo,District,TRANSPORTATION AUTHORITY (SCVT),,,,,,,,,,,,,0.09,0.005,Tax,Local Sales and Use Tax,Taxable,0,17.29
,,,,2024-05-30+03:11:59,2024-05-30+00:00,Amazon.com,,AFN,,,SHIPMENT,MarketplaceFacilitator,Amazon,,1,USD,,,,17.29,FALSE,17.29,0,1.04,,,NC,,,341830000,SAINT LEONARD,MD,US,,210090000,210090000,ShipTo,State,MD,,,,,,,,,,,,,1.04,0.06,Tax,Sales and Use Tax,Taxable,0,17.29
,,,,2024-05-30+03:11:59,2024-05-30+00:00,Amazon.com,,AFN,,,SHIPMENT,MarketplaceFacilitator,Amazon,,1,USD,,,,17.29,FALSE,17.29,,,,,NC,,,341830000,SAINT LEONARD,MD,US,,210090000,210090000,ShipTo,City,NOT APPLICABLE,,,,,,,,,,,,,0,0,Tax,,ZeroRated,17.29,0
,,,,2024-05-30+03:11:59,2024-05-30+00:00,Amazon.com,,AFN,,,SHIPMENT,MarketplaceFacilitator,Amazon,,1,USD,,,,17.29,FALSE,17.29,,,,,NC,,,341830000,SAINT LEONARD,MD,US,,210090000,210090000,ShipTo,County,NOT APPLICABLE,,,,,,,,,,,,,0,0,Tax,,ZeroRated,17.29,0
,,,,2024-05-30+03:11:59,2024-05-30+00:00,Amazon.com,,AFN,,,SHIPMENT,MarketplaceFacilitator,Amazon,,1,USD,,,,17.29,FALSE,17.29,,,,,NC,,,341830000,SAINT LEONARD,MD,US,,210090000,210090000,ShipTo,District,NOT APPLICABLE,,,,,,,,,,,,,0,0,Tax,,ZeroRated,17.29,0
,,,,2024-05-30+10:53:05,2024-05-30+00:00,Amazon.com,,AFN,,,SHIPMENT,MarketplaceFacilitator,Amazon,,1,USD,,,,17.29,FALSE,17.29,0,1.55,,,GA,,,111350000,GEISMAR,LA,US,,190050000,190050000,ShipTo,State,LA,,,,,,,,,,,,,0.77,0.0445,Tax,Sales and Use Tax,Taxable,0,17.29
,,,,2024-05-30+10:53:05,2024-05-30+00:00,Amazon.com,,AFN,,,SHIPMENT,MarketplaceFacilitator,Amazon,,1,USD,,,,17.29,FALSE,17.29,,,,,GA,,,111350000,GEISMAR,LA,US,,190050000,190050000,ShipTo,City,NOT APPLICABLE,,,,,,,,,,,,,0,0,Tax,,ZeroRated,17.29,0
,,,,2024-05-30+10:53:05,2024-05-30+00:00,Amazon.com,,AFN,,,SHIPMENT,MarketplaceFacilitator,Amazon,,1,USD,,,,17.29,FALSE,17.29,,,,,GA,,,111350000,GEISMAR,LA,US,,190050000,190050000,ShipTo,County,ASCENSION,,,,,,,,,,,,,0.6,0.035,Tax,Local Sales and Use Tax,Taxable,0,17.29
,,,,2024-05-30+10:53:05,2024-05-30+00:00,Amazon.com,,AFN,,,SHIPMENT,MarketplaceFacilitator,Amazon,,1,USD,,,,17.29,FALSE,17.29,,,,,GA,,,111350000,GEISMAR,LA,US,,190050000,190050000,ShipTo,District,ASCENSION PARISH DRAINAGE DISTRICT,,,,,,,,,,,,,0.09,0.005,Tax,Local Sales and Use Tax,Taxable,0,17.29
,,,,2024-05-30+10:53:05,2024-05-30+00:00,Amazon.com,,AFN,,,SHIPMENT,MarketplaceFacilitator,Amazon,,1,USD,,,,17.29,FALSE,17.29,,,,,GA,,,111350000,GEISMAR,LA,US,,190050000,190050000,ShipTo,District,ASCENSION PARISH SALES TAX DISTRICT,,,,,,,,,,,,,0.09,0.005,Tax,Local Sales and Use Tax,Taxable,0,17.29
,,,,2024-05-30+20:13:41,2024-05-31+00:00,Amazon.com,,AFN,,,SHIPMENT,MarketplaceFacilitator,Amazon,,1,USD,,,,17.29,FALSE,17.29,0,1.08,,,TX,,,444535425,SAN LEON,TX,US,,441670000,441670000,ShipTo,State,TX,,,,,,,,,,,,,1.08,0.0625,Tax,Sales and Use Tax,Taxable,0,17.29
,,,,2024-05-30+20:13:41,2024-05-31+00:00,Amazon.com,,AFN,,,SHIPMENT,MarketplaceFacilitator,Amazon,,1,USD,,,,17.29,FALSE,17.29,,,,,TX,,,444535425,SAN LEON,TX,US,,441670000,441670000,ShipTo,City,NOT APPLICABLE,,,,,,,,,,,,,0,0,Tax,,ZeroRated,17.29,0
,,,,2024-05-30+20:13:41,2024-05-31+00:00,Amazon.com,,AFN,,,SHIPMENT,MarketplaceFacilitator,Amazon,,1,USD,,,,17.29,FALSE,17.29,,,,,TX,,,444535425,SAN LEON,TX,US,,441670000,441670000,ShipTo,County,NOT APPLICABLE,,,,,,,,,,,,,0,0,Tax,,ZeroRated,17.29,0
,,,,2024-05-30+20:13:41,2024-05-31+00:00,Amazon.com,,AFN,,,SHIPMENT,MarketplaceFacilitator,Amazon,,1,USD,,,,17.29,FALSE,17.29,,,,,TX,,,444535425,SAN LEON,TX,US,,441670000,441670000,ShipTo,District,NOT APPLICABLE,,,,,,,,,,,,,0,0,Tax,,ZeroRated,17.29,0
,,,,2024-05-30+17:31:55,2024-05-31+00:00,Amazon.com,,AFN,,,SHIPMENT,MarketplaceFacilitator,Amazon,,1,USD,,,,17.29,FALSE,17.29,0,1.21,,,NC,,,341830000,SARASOTA,FL,US,,101150000,101150000,ShipTo,State,FL,,,,,,,,,,,,,1.04,0.06,Tax,Sales and Use Tax,Taxable,0,17.29
,,,,2024-05-30+17:31:55,2024-05-31+00:00,Amazon.com,,AFN,,,SHIPMENT,MarketplaceFacilitator,Amazon,,1,USD,,,,17.29,FALSE,17.29,,,,,NC,,,341830000,SARASOTA,FL,US,,101150000,101150000,ShipTo,City,NOT APPLICABLE,,,,,,,,,,,,,0,0,Tax,,ZeroRated,17.29,0
,,,,2024-05-30+17:31:55,2024-05-31+00:00,Amazon.com,,AFN,,,SHIPMENT,MarketplaceFacilitator,Amazon,,1,USD,,,,17.29,FALSE,17.29,,,,,NC,,,341830000,SARASOTA,FL,US,,101150000,101150000,ShipTo,County,SARASOTA,,,,,,,,,,,,,0.17,0.01,Tax,Local Sales and Use Tax (Discretionary Sales Surtax),Taxable,0,17.29
,,,,2024-05-30+17:31:55,2024-05-31+00:00,Amazon.com,,AFN,,,SHIPMENT,MarketplaceFacilitator,Amazon,,1,USD,,,,17.29,FALSE,17.29,,,,,NC,,,341830000,SARASOTA,FL,US,,101150000,101150000,ShipTo,District,NOT APPLICABLE,,,,,,,,,,,,,0,0,Tax,,ZeroRated,17.29,0
,,,,2024-05-30+23:13:00,2024-05-31+00:00,Amazon.com,,AFN,,,SHIPMENT,MarketplaceFacilitator,Amazon,,1,USD,,,,17.29,FALSE,17.29,0,1.3,,,TN,,,431570560,Gainesville,Fl,US,,100010000,100010000,ShipTo,State,FL,,,,,,,,,,,,,1.04,0.06,Tax,Sales and Use Tax,Taxable,0,17.29
,,,,2024-05-30+23:13:00,2024-05-31+00:00,Amazon.com,,AFN,,,SHIPMENT,MarketplaceFacilitator,Amazon,,1,USD,,,,17.29,FALSE,17.29,,,,,TN,,,431570560,Gainesville,Fl,US,,100010000,100010000,ShipTo,City,NOT APPLICABLE,,,,,,,,,,,,,0,0,Tax,,ZeroRated,17.29,0
,,,,2024-05-30+23:13:00,2024-05-31+00:00,Amazon.com,,AFN,,,SHIPMENT,MarketplaceFacilitator,Amazon,,1,USD,,,,17.29,FALSE,17.29,,,,,TN,,,431570560,Gainesville,Fl,US,,100010000,100010000,ShipTo,County,ALACHUA,,,,,,,,,,,,,0.26,0.015,Tax,Local Sales and Use Tax (Discretionary Sales Surtax),Taxable,0,17.29
,,,,2024-05-30+23:13:00,2024-05-31+00:00,Amazon.com,,AFN,,,SHIPMENT,MarketplaceFacilitator,Amazon,,1,USD,,,,17.29,FALSE,17.29,,,,,TN,,,431570560,Gainesville,Fl,US,,100010000,100010000,ShipTo,District,NOT APPLICABLE,,,,,,,,,,,,,0,0,Tax,,ZeroRated,17.29,0
,,,,2024-05-30+22:23:40,2024-05-31+00:00,Amazon.com,,AFN,,,SHIPMENT,MarketplaceFacilitator,Amazon,,1,USD,,,,17.29,FALSE,17.29,0,1.43,,,TX,,,444535425,NEW BRAUNFELS,TX,US,,440915529,440915529,ShipTo,State,TX,,,,,,,,,,,,,1.08,0.0625,Tax,Sales and Use Tax,Taxable,0,17.29
,,,,2024-05-30+22:23:40,2024-05-31+00:00,Amazon.com,,AFN,,,SHIPMENT,MarketplaceFacilitator,Amazon,,1,USD,,,,17.29,FALSE,17.29,,,,,TX,,,444535425,NEW BRAUNFELS,TX,US,,440915529,440915529,ShipTo,City,NOT APPLICABLE,,,,,,,,,,,,,0,0,Tax,,ZeroRated,17.29,0
,,,,2024-05-30+22:23:40,2024-05-31+00:00,Amazon.com,,AFN,,,SHIPMENT,MarketplaceFacilitator,Amazon,,1,USD,,,,17.29,FALSE,17.29,,,,,TX,,,444535425,NEW BRAUNFELS,TX,US,,440915529,440915529,ShipTo,County,COMAL,,,,,,,,,,,,,0.09,0.005,Tax,Local Sales and Use Tax,Taxable,0,17.29
,,,,2024-05-30+22:23:40,2024-05-31+00:00,Amazon.com,,AFN,,,SHIPMENT,MarketplaceFacilitator,Amazon,,1,USD,,,,17.29,FALSE,17.29,,,,,TX,,,444535425,NEW BRAUNFELS,TX,US,,440915529,440915529,ShipTo,District,BULVERDE AREA RURAL LIBRARY DISTRICT,,,,,,,,,,,,,0.09,0.005,Tax,Local Sales and Use Tax,Taxable,0,17.29
,,,,2024-05-30+22:23:40,2024-05-31+00:00,Amazon.com,,AFN,,,SHIPMENT,MarketplaceFacilitator,Amazon,,1,USD,,,,17.29,FALSE,17.29,,,,,TX,,,444535425,NEW BRAUNFELS,TX,US,,440915529,440915529,ShipTo,District,COMAL COUNTY EMERGENCY SERVICES DISTRICT NO. 4,,,,,,,,,,,,,0.17,0.01,Tax,Local Sales and Use Tax,Taxable,0,17.29
,,,,2024-05-30+23:15:24,2024-05-31+00:00,Amazon.com,,AFN,,,SHIPMENT,MarketplaceFacilitator,Amazon,,1,USD,,,,17.29,FALSE,17.29,0,1.21,,,WA,,,480330320,OAKLAND PARK,FL,US,,100111100,100111100,ShipTo,State,FL,,,,,,,,,,,,,1.04,0.06,Tax,Sales and Use Tax,Taxable,0,17.29
,,,,2024-05-30+23:15:24,2024-05-31+00:00,Amazon.com,,AFN,,,SHIPMENT,MarketplaceFacilitator,Amazon,,1,USD,,,,17.29,FALSE,17.29,,,,,WA,,,480330320,OAKLAND PARK,FL,US,,100111100,100111100,ShipTo,City,NOT APPLICABLE,,,,,,,,,,,,,0,0,Tax,,ZeroRated,17.29,0
,,,,2024-05-30+23:15:24,2024-05-31+00:00,Amazon.com,,AFN,,,SHIPMENT,MarketplaceFacilitator,Amazon,,1,USD,,,,17.29,FALSE,17.29,,,,,WA,,,480330320,OAKLAND PARK,FL,US,,100111100,100111100,ShipTo,County,BROWARD,,,,,,,,,,,,,0.17,0.01,Tax,Local Sales and Use Tax (Discretionary Sales Surtax),Taxable,0,17.29
,,,,2024-05-30+23:15:24,2024-05-31+00:00,Amazon.com,,AFN,,,SHIPMENT,MarketplaceFacilitator,Amazon,,1,USD,,,,17.29,FALSE,17.29,,,,,WA,,,480330320,OAKLAND PARK,FL,US,,100111100,100111100,ShipTo,District,NOT APPLICABLE,,,,,,,,,,,,,0,0,Tax,,ZeroRated,17.29,0
,,,,2024-05-31+12:11:38,2024-05-31+00:00,Amazon.com,,AFN,,,SHIPMENT,MarketplaceFacilitator,Amazon,,1,USD,,,,17.29,FALSE,17.29,0,0.97,,,NY,,,330550000,PENFIELD,NY,US,,330550000,330550000,ShipTo,State,NY,,,Y,0,0,-5.21,PromotionIdAndCouponCode,0,,Self Funded,ReductionInTaxableBasis,,0.49,0.04,Tax,Sales and Compensating Use Tax,Taxable,0,12.08
,,,,2024-05-31+12:11:38,2024-05-31+00:00,Amazon.com,,AFN,,,SHIPMENT,MarketplaceFacilitator,Amazon,,1,USD,,,,17.29,FALSE,17.29,,,,,NY,,,330550000,PENFIELD,NY,US,,330550000,330550000,ShipTo,City,NOT APPLICABLE,,,Y,0,0,-5.21,PromotionIdAndCouponCode,0,,Self Funded,ReductionInTaxableBasis,,0,0,Tax,,ZeroRated,12.08,0
,,,,2024-05-31+12:11:38,2024-05-31+00:00,Amazon.com,,AFN,,,SHIPMENT,MarketplaceFacilitator,Amazon,,1,USD,,,,17.29,FALSE,17.29,,,,,NY,,,330550000,PENFIELD,NY,US,,330550000,330550000,ShipTo,County,MONROE,,,Y,0,0,-5.21,PromotionIdAndCouponCode,0,,Self Funded,ReductionInTaxableBasis,,0.48,0.04,Tax,Local Sales and Use Tax,Taxable,0,12.08
,,,,2024-05-31+12:11:38,2024-05-31+00:00,Amazon.com,,AFN,,,SHIPMENT,MarketplaceFacilitator,Amazon,,1,USD,,,,17.29,FALSE,17.29,,,,,NY,,,330550000,PENFIELD,NY,US,,330550000,330550000,ShipTo,District,NOT APPLICABLE,,,Y,0,0,-5.21,PromotionIdAndCouponCode,0,,Self Funded,ReductionInTaxableBasis,,0,0,Tax,,ZeroRated,12.08,0
,,,,2024-05-31+18:23:44,2024-05-31+00:00,Amazon.com,,AFN,,,SHIPMENT,MarketplaceFacilitator,Amazon,,1,USD,,,,17.29,FALSE,17.29,0,0.85,,,TX,,,444535425,WESLEY CHAPEL,FL,US,,101010000,101010000,ShipTo,State,FL,,,Y,0,0,-5.21,PromotionIdAndCouponCode,0,,Self Funded,ReductionInTaxableBasis,,0.73,0.06,Tax,Sales and Use Tax,Taxable,0,12.08
,,,,2024-05-31+18:23:44,2024-05-31+00:00,Amazon.com,,AFN,,,SHIPMENT,MarketplaceFacilitator,Amazon,,1,USD,,,,17.29,FALSE,17.29,,,,,TX,,,444535425,WESLEY CHAPEL,FL,US,,101010000,101010000,ShipTo,City,NOT APPLICABLE,,,Y,0,0,-5.21,PromotionIdAndCouponCode,0,,Self Funded,ReductionInTaxableBasis,,0,0,Tax,,ZeroRated,12.08,0
,,,,2024-05-31+18:23:44,2024-05-31+00:00,Amazon.com,,AFN,,,SHIPMENT,MarketplaceFacilitator,Amazon,,1,USD,,,,17.29,FALSE,17.29,,,,,TX,,,444535425,WESLEY CHAPEL,FL,US,,101010000,101010000,ShipTo,County,PASCO,,,Y,0,0,-5.21,PromotionIdAndCouponCode,0,,Self Funded,ReductionInTaxableBasis,,0.12,0.01,Tax,Local Sales and Use Tax (Discretionary Sales Surtax),Taxable,0,12.08
,,,,2024-05-31+18:23:44,2024-05-31+00:00,Amazon.com,,AFN,,,SHIPMENT,MarketplaceFacilitator,Amazon,,1,USD,,,,17.29,FALSE,17.29,,,,,TX,,,444535425,WESLEY CHAPEL,FL,US,,101010000,101010000,ShipTo,District,NOT APPLICABLE,,,Y,0,0,-5.21,PromotionIdAndCouponCode,0,,Self Funded,ReductionInTaxableBasis,,0,0,Tax,,ZeroRated,12.08,0
,,,,2024-05-31+13:41:57,2024-06-01+00:00,Amazon.com,,AFN,,,SHIPMENT,MarketplaceFacilitator,Amazon,,1,USD,,,,17.29,FALSE,17.29,0,1.04,,,NC,,,341830000,Lorton,VA,US,,470590000,470590000,ShipTo,State,VA,,,,,,,,,,,,,0.75,0.043,Tax,Retail Sales and Use Tax,Taxable,0,17.29
,,,,2024-05-31+13:41:57,2024-06-01+00:00,Amazon.com,,AFN,,,SHIPMENT,MarketplaceFacilitator,Amazon,,1,USD,,,,17.29,FALSE,17.29,,,,,NC,,,341830000,Lorton,VA,US,,470590000,470590000,ShipTo,City,NOT APPLICABLE,,,,,,,,,,,,,0,0,Tax,,ZeroRated,17.29,0
,,,,2024-05-31+13:41:57,2024-06-01+00:00,Amazon.com,,AFN,,,SHIPMENT,MarketplaceFacilitator,Amazon,,1,USD,,,,17.29,FALSE,17.29,,,,,NC,,,341830000,Lorton,VA,US,,470590000,470590000,ShipTo,County,FAIRFAX,,,,,,,,,,,,,0.17,0.01,Tax,Local Sales and Use Tax,Taxable,0,17.29
,,,,2024-05-31+13:41:57,2024-06-01+00:00,Amazon.com,,AFN,,,SHIPMENT,MarketplaceFacilitator,Amazon,,1,USD,,,,17.29,FALSE,17.29,,,,,NC,,,341830000,Lorton,VA,US,,470590000,470590000,ShipTo,District,NORTHERN VIRGINIA REGIONAL TRANSPORTATION DISTRICT,,,,,,,,,,,,,0.12,0.007,Tax,Local Sales and Use Tax,Taxable,0,17.29
,,,,2024-05-31+18:21:53,2024-06-01+00:00,Amazon.com,,AFN,,,SHIPMENT,MarketplaceFacilitator,Amazon,,1,USD,,,,17.29,FALSE,17.29,0,0.79,,,NC,,,341830000,DELAND,FL,US,,101270000,101270000,ShipTo,State,FL,,,Y,0,0,-5.21,PromotionIdAndCouponCode,0,,Self Funded,ReductionInTaxableBasis,,0.73,0.06,Tax,Sales and Use Tax,Taxable,0,12.08
,,,,2024-05-31+18:21:53,2024-06-01+00:00,Amazon.com,,AFN,,,SHIPMENT,MarketplaceFacilitator,Amazon,,1,USD,,,,17.29,FALSE,17.29,,,,,NC,,,341830000,DELAND,FL,US,,101270000,101270000,ShipTo,City,NOT APPLICABLE,,,Y,0,0,-5.21,PromotionIdAndCouponCode,0,,Self Funded,ReductionInTaxableBasis,,0,0,Tax,,ZeroRated,12.08,0
,,,,2024-05-31+18:21:53,2024-06-01+00:00,Amazon.com,,AFN,,,SHIPMENT,MarketplaceFacilitator,Amazon,,1,USD,,,,17.29,FALSE,17.29,,,,,NC,,,341830000,DELAND,FL,US,,101270000,101270000,ShipTo,County,VOLUSIA,,,Y,0,0,-5.21,PromotionIdAndCouponCode,0,,Self Funded,ReductionInTaxableBasis,,0.06,0.005,Tax,Local Sales and Use Tax (Discretionary Sales Surtax),Taxable,0,12.08
,,,,2024-05-31+18:21:53,2024-06-01+00:00,Amazon.com,,AFN,,,SHIPMENT,MarketplaceFacilitator,Amazon,,1,USD,,,,17.29,FALSE,17.29,,,,,NC,,,341830000,DELAND,FL,US,,101270000,101270000,ShipTo,District,NOT APPLICABLE,,,Y,0,0,-5.21,PromotionIdAndCouponCode,0,,Self Funded,ReductionInTaxableBasis,,0,0,Tax,,ZeroRated,12.08,0
,,,,2024-05-31+21:55:13,2024-06-01+00:00,Amazon.com,,AFN,,,SHIPMENT,MarketplaceFacilitator,Amazon,,1,USD,,,,17.29,FALSE,17.29,0,0.85,,,TX,,,444535425,SOUTH BEND,IN,US,,151411210,151411210,ShipTo,State,IN,,,Y,0,0,-5.21,PromotionIdAndCouponCode,0,,Self Funded,ReductionInTaxableBasis,,0.85,0.07,Tax,Gross Retail and Use Tax,Taxable,0,12.08
,,,,2024-05-31+21:55:13,2024-06-01+00:00,Amazon.com,,AFN,,,SHIPMENT,MarketplaceFacilitator,Amazon,,1,USD,,,,17.29,FALSE,17.29,,,,,TX,,,444535425,SOUTH BEND,IN,US,,151411210,151411210,ShipTo,City,NOT APPLICABLE,,,Y,0,0,-5.21,PromotionIdAndCouponCode,0,,Self Funded,ReductionInTaxableBasis,,0,0,Tax,,ZeroRated,12.08,0
,,,,2024-05-31+21:55:13,2024-06-01+00:00,Amazon.com,,AFN,,,SHIPMENT,MarketplaceFacilitator,Amazon,,1,USD,,,,17.29,FALSE,17.29,,,,,TX,,,444535425,SOUTH BEND,IN,US,,151411210,151411210,ShipTo,County,NOT APPLICABLE,,,Y,0,0,-5.21,PromotionIdAndCouponCode,0,,Self Funded,ReductionInTaxableBasis,,0,0,Tax,,ZeroRated,12.08,0
,,,,2024-05-31+21:55:13,2024-06-01+00:00,Amazon.com,,AFN,,,SHIPMENT,MarketplaceFacilitator,Amazon,,1,USD,,,,17.29,FALSE,17.29,,,,,TX,,,444535425,SOUTH BEND,IN,US,,151411210,151411210,ShipTo,District,NOT APPLICABLE,,,Y,0,0,-5.21,PromotionIdAndCouponCode,0,,Self Funded,ReductionInTaxableBasis,,0,0,Tax,,ZeroRated,12.08,0
,,,,2024-05-31+18:03:49,2024-06-01+00:00,Amazon.com,,AFN,,,SHIPMENT,MarketplaceFacilitator,Amazon,,1,USD,,,,17.29,FALSE,17.29,0,1,,,TX,,,444535425,SAN ANTONIO,TX,US,,440295484,440295484,ShipTo,State,TX,,,Y,0,0,-5.21,PromotionIdAndCouponCode,0,,Self Funded,ReductionInTaxableBasis,,0.76,0.0625,Tax,Sales and Use Tax,Taxable,0,12.08
,,,,2024-05-31+18:03:49,2024-06-01+00:00,Amazon.com,,AFN,,,SHIPMENT,MarketplaceFacilitator,Amazon,,1,USD,,,,17.29,FALSE,17.29,,,,,TX,,,444535425,SAN ANTONIO,TX,US,,440295484,440295484,ShipTo,City,NOT APPLICABLE,,,Y,0,0,-5.21,PromotionIdAndCouponCode,0,,Self Funded,ReductionInTaxableBasis,,0,0,Tax,,ZeroRated,12.08,0
,,,,2024-05-31+18:03:49,2024-06-01+00:00,Amazon.com,,AFN,,,SHIPMENT,MarketplaceFacilitator,Amazon,,1,USD,,,,17.29,FALSE,17.29,,,,,TX,,,444535425,SAN ANTONIO,TX,US,,440295484,440295484,ShipTo,County,NOT APPLICABLE,,,Y,0,0,-5.21,PromotionIdAndCouponCode,0,,Self Funded,ReductionInTaxableBasis,,0,0,Tax,,ZeroRated,12.08,0
,,,,2024-05-31+18:03:49,2024-06-01+00:00,Amazon.com,,AFN,,,SHIPMENT,MarketplaceFacilitator,Amazon,,1,USD,,,,17.29,FALSE,17.29,,,,,TX,,,444535425,SAN ANTONIO,TX,US,,440295484,440295484,ShipTo,District,CIBOLO CANYONS SPECIAL IMPROVEMENT DISTRICT,,,Y,0,0,-5.21,PromotionIdAndCouponCode,0,,Self Funded,ReductionInTaxableBasis,,0.18,0.015,Tax,Local Sales and Use Tax,Taxable,0,12.08
,,,,2024-05-31+18:03:49,2024-06-01+00:00,Amazon.com,,AFN,,,SHIPMENT,MarketplaceFacilitator,Amazon,,1,USD,,,,17.29,FALSE,17.29,,,,,TX,,,444535425,SAN ANTONIO,TX,US,,440295484,440295484,ShipTo,District,SAN ANTONIO METROPOLITAN TRANSIT AUTHORITY,,,Y,0,0,-5.21,PromotionIdAndCouponCode,0,,Self Funded,ReductionInTaxableBasis,,0.06,0.005,Tax,Local Sales and Use Tax,Taxable,0,12.08
,,,,2024-05-31+08:42:01,2024-06-01+00:00,Amazon.com,,AFN,,,SHIPMENT,MarketplaceFacilitator,Amazon,,1,USD,,,,17.29,FALSE,17.29,0,1.04,,,NC,,,341830000,CHESAPEAKE,VA,US,,475500155,475500155,ShipTo,State,VA,,,,,,,,,,,,,0.75,0.043,Tax,Retail Sales and Use Tax,Taxable,0,17.29
,,,,2024-05-31+08:42:01,2024-06-01+00:00,Amazon.com,,AFN,,,SHIPMENT,MarketplaceFacilitator,Amazon,,1,USD,,,,17.29,FALSE,17.29,,,,,NC,,,341830000,CHESAPEAKE,VA,US,,475500155,475500155,ShipTo,City,CHESAPEAKE,,,,,,,,,,,,,0.17,0.01,Tax,Local Sales and Use Tax,Taxable,0,17.29
,,,,2024-05-31+08:42:01,2024-06-01+00:00,Amazon.com,,AFN,,,SHIPMENT,MarketplaceFacilitator,Amazon,,1,USD,,,,17.29,FALSE,17.29,,,,,NC,,,341830000,CHESAPEAKE,VA,US,,475500155,475500155,ShipTo,County,CHESAPEAKE (IND CITY),,,,,,,,,,,,,0,0,Tax,Local Sales and Use Tax,NonTaxable,17.29,0
,,,,2024-05-31+08:42:01,2024-06-01+00:00,Amazon.com,,AFN,,,SHIPMENT,MarketplaceFacilitator,Amazon,,1,USD,,,,17.29,FALSE,17.29,,,,,NC,,,341830000,CHESAPEAKE,VA,US,,475500155,475500155,ShipTo,District,HAMPTON ROADS REGIONAL TRANSPORTATION DISTRICT,,,,,,,,,,,,,0.12,0.007,Tax,Local Sales and Use Tax,Taxable,0,17.29
,,,,2024-05-31+15:31:52,2024-06-01+00:00,Amazon.com,,AFN,,,SHIPMENT,MarketplaceFacilitator,Amazon,,1,USD,,,,17.29,FALSE,17.29,0,0.88,,,NC,,,341830000,CHARLOTTE,NC,US,,341190170,341190170,ShipTo,State,NC,,,Y,0,0,-5.21,PromotionIdAndCouponCode,0,,Self Funded,ReductionInTaxableBasis,,0.58,0.0475,Tax,Sales and Use Tax,Taxable,0,12.08
,,,,2024-05-31+15:31:52,2024-06-01+00:00,Amazon.com,,AFN,,,SHIPMENT,MarketplaceFacilitator,Amazon,,1,USD,,,,17.29,FALSE,17.29,,,,,NC,,,341830000,CHARLOTTE,NC,US,,341190170,341190170,ShipTo,City,NOT APPLICABLE,,,Y,0,0,-5.21,PromotionIdAndCouponCode,0,,Self Funded,ReductionInTaxableBasis,,0,0,Tax,,ZeroRated,12.08,0
,,,,2024-05-31+15:31:52,2024-06-01+00:00,Amazon.com,,AFN,,,SHIPMENT,MarketplaceFacilitator,Amazon,,1,USD,,,,17.29,FALSE,17.29,,,,,NC,,,341830000,CHARLOTTE,NC,US,,341190170,341190170,ShipTo,County,MECKLENBURG,,,Y,0,0,-5.21,PromotionIdAndCouponCode,0,,Self Funded,ReductionInTaxableBasis,,0.24,0.02,Tax,Local Sales and Use Tax,Taxable,0,12.08
,,,,2024-05-31+15:31:52,2024-06-01+00:00,Amazon.com,,AFN,,,SHIPMENT,MarketplaceFacilitator,Amazon,,1,USD,,,,17.29,FALSE,17.29,,,,,NC,,,341830000,CHARLOTTE,NC,US,,341190170,341190170,ShipTo,District,PUBLIC TRANSPORTATION AUTHORITY,,,Y,0,0,-5.21,PromotionIdAndCouponCode,0,,Self Funded,ReductionInTaxableBasis,,0.06,0.005,Tax,Local Sales and Use Tax,Taxable,0,12.08
,,,,2024-05-31+20:25:32,2024-06-01+00:00,Amazon.com,,AFN,,,SHIPMENT,MarketplaceFacilitator,Amazon,,1,USD,,,,17.29,FALSE,17.29,0,1.21,,,WA,,,480330320,INDIANAPOLIS,IN,US,,150970670,150970670,ShipTo,State,IN,,,,,,,,,,,,,1.21,0.07,Tax,Gross Retail and Use Tax,Taxable,0,17.29
,,,,2024-05-31+20:25:32,2024-06-01+00:00,Amazon.com,,AFN,,,SHIPMENT,MarketplaceFacilitator,Amazon,,1,USD,,,,17.29,FALSE,17.29,,,,,WA,,,480330320,INDIANAPOLIS,IN,US,,150970670,150970670,ShipTo,City,NOT APPLICABLE,,,,,,,,,,,,,0,0,Tax,,ZeroRated,17.29,0
,,,,2024-05-31+20:25:32,2024-06-01+00:00,Amazon.com,,AFN,,,SHIPMENT,MarketplaceFacilitator,Amazon,,1,USD,,,,17.29,FALSE,17.29,,,,,WA,,,480330320,INDIANAPOLIS,IN,US,,150970670,150970670,ShipTo,County,NOT APPLICABLE,,,,,,,,,,,,,0,0,Tax,,ZeroRated,17.29,0
,,,,2024-05-31+20:25:32,2024-06-01+00:00,Amazon.com,,AFN,,,SHIPMENT,MarketplaceFacilitator,Amazon,,1,USD,,,,17.29,FALSE,17.29,,,,,WA,,,480330320,INDIANAPOLIS,IN,US,,150970670,150970670,ShipTo,District,NOT APPLICABLE,,,,,,,,,,,,,0,0,Tax,,ZeroRated,17.29,0
,,,,2024-05-31+20:33:42,2024-06-01+00:00,Amazon.com,,AFN,,,SHIPMENT,MarketplaceFacilitator,Amazon,,1,USD,,,,17.29,FALSE,17.29,0,0.77,,,TX,,,444535425,STRATFORD,CT,US,,070010000,070010000,ShipTo,State,CT,,,Y,0,0,-5.21,PromotionIdAndCouponCode,0,,Self Funded,ReductionInTaxableBasis,,0.77,0.0635,Tax,Sales and Use Tax,Taxable,0,12.08
,,,,2024-05-31+20:33:42,2024-06-01+00:00,Amazon.com,,AFN,,,SHIPMENT,MarketplaceFacilitator,Amazon,,1,USD,,,,17.29,FALSE,17.29,,,,,TX,,,444535425,STRATFORD,CT,US,,070010000,070010000,ShipTo,City,NOT APPLICABLE,,,Y,0,0,-5.21,PromotionIdAndCouponCode,0,,Self Funded,ReductionInTaxableBasis,,0,0,Tax,,ZeroRated,12.08,0
,,,,2024-05-31+20:33:42,2024-06-01+00:00,Amazon.com,,AFN,,,SHIPMENT,MarketplaceFacilitator,Amazon,,1,USD,,,,17.29,FALSE,17.29,,,,,TX,,,444535425,STRATFORD,CT,US,,070010000,070010000,ShipTo,County,NOT APPLICABLE,,,Y,0,0,-5.21,PromotionIdAndCouponCode,0,,Self Funded,ReductionInTaxableBasis,,0,0,Tax,,ZeroRated,12.08,0
,,,,2024-05-31+20:33:42,2024-06-01+00:00,Amazon.com,,AFN,,,SHIPMENT,MarketplaceFacilitator,Amazon,,1,USD,,,,17.29,FALSE,17.29,,,,,TX,,,444535425,STRATFORD,CT,US,,070010000,070010000,ShipTo,District,NOT APPLICABLE,,,Y,0,0,-5.21,PromotionIdAndCouponCode,0,,Self Funded,ReductionInTaxableBasis,,0,0,Tax,,ZeroRated,12.08,0
,,,,2024-06-01+04:05:25,2024-06-01+00:00,Amazon.com,,AFN,,,SHIPMENT,MarketplaceFacilitator,Amazon,,1,USD,,,,17.29,FALSE,17.29,0,1.69,,,WA,,,480330320,MEMPHIS,TN,US,,431570560,431570560,ShipTo,State,TN,,,,,,,,,,,,,1.21,0.07,Tax,Sales and Use Tax,Taxable,0,17.29
,,,,2024-06-01+04:05:25,2024-06-01+00:00,Amazon.com,,AFN,,,SHIPMENT,MarketplaceFacilitator,Amazon,,1,USD,,,,17.29,FALSE,17.29,,,,,WA,,,480330320,MEMPHIS,TN,US,,431570560,431570560,ShipTo,State,TN,,,,,,,,,,,,,0,0,Tax,State Single Article Tax,NonTaxable,17.29,0
,,,,2024-06-01+04:05:25,2024-06-01+00:00,Amazon.com,,AFN,,,SHIPMENT,MarketplaceFacilitator,Amazon,,1,USD,,,,17.29,FALSE,17.29,,,,,WA,,,480330320,MEMPHIS,TN,US,,431570560,431570560,ShipTo,City,MEMPHIS,,,,,,,,,,,,,0.09,0.005,Tax,Local Sales and Use Tax,Taxable,0,17.29
,,,,2024-06-01+04:05:25,2024-06-01+00:00,Amazon.com,,AFN,,,SHIPMENT,MarketplaceFacilitator,Amazon,,1,USD,,,,17.29,FALSE,17.29,,,,,WA,,,480330320,MEMPHIS,TN,US,,431570560,431570560,ShipTo,County,SHELBY,,,,,,,,,,,,,0.39,0.0225,Tax,Local Sales and Use Tax,Taxable,0,17.29
,,,,2024-06-01+04:05:25,2024-06-01+00:00,Amazon.com,,AFN,,,SHIPMENT,MarketplaceFacilitator,Amazon,,1,USD,,,,17.29,FALSE,17.29,,,,,WA,,,480330320,MEMPHIS,TN,US,,431570560,431570560,ShipTo,District,NOT APPLICABLE,,,,,,,,,,,,,0,0,Tax,,ZeroRated,17.29,0
,,,,2024-05-31+21:13:42,2024-06-01+00:00,Amazon.com,,AFN,,,SHIPMENT,MarketplaceFacilitator,Amazon,,1,USD,,,,17.29,FALSE,17.29,0,0.8,,,NY,,,330550000,SOMERSET,NJ,US,,310356619,310356619,ShipTo,State,NJ,,,Y,0,0,-5.21,PromotionIdAndCouponCode,0,,Self Funded,ReductionInTaxableBasis,,0.8,0.06625,Tax,Sales and Use Tax,Taxable,0,12.08
,,,,2024-05-31+21:13:42,2024-06-01+00:00,Amazon.com,,AFN,,,SHIPMENT,MarketplaceFacilitator,Amazon,,1,USD,,,,17.29,FALSE,17.29,,,,,NY,,,330550000,SOMERSET,NJ,US,,310356619,310356619,ShipTo,City,NOT APPLICABLE,,,Y,0,0,-5.21,PromotionIdAndCouponCode,0,,Self Funded,ReductionInTaxableBasis,,0,0,Tax,,ZeroRated,12.08,0
,,,,2024-05-31+21:13:42,2024-06-01+00:00,Amazon.com,,AFN,,,SHIPMENT,MarketplaceFacilitator,Amazon,,1,USD,,,,17.29,FALSE,17.29,,,,,NY,,,330550000,SOMERSET,NJ,US,,310356619,310356619,ShipTo,County,NOT APPLICABLE,,,Y,0,0,-5.21,PromotionIdAndCouponCode,0,,Self Funded,ReductionInTaxableBasis,,0,0,Tax,,ZeroRated,12.08,0
,,,,2024-05-31+21:13:42,2024-06-01+00:00,Amazon.com,,AFN,,,SHIPMENT,MarketplaceFacilitator,Amazon,,1,USD,,,,17.29,FALSE,17.29,,,,,NY,,,330550000,SOMERSET,NJ,US,,310356619,310356619,ShipTo,District,NOT APPLICABLE,,,Y,0,0,-5.21,PromotionIdAndCouponCode,0,,Self Funded,ReductionInTaxableBasis,,0,0,Tax,,ZeroRated,12.08,0
,,,,2024-06-01+01:52:03,2024-06-01+00:00,Amazon.com,,AFN,,,SHIPMENT,MarketplaceFacilitator,Amazon,,1,USD,,,,17.29,FALSE,17.29,0,1.21,,,NC,,,341830000,CLEARWATER,FL,US,,101030780,101030780,ShipTo,State,FL,,,,,,,,,,,,,1.04,0.06,Tax,Sales and Use Tax,Taxable,0,17.29
,,,,2024-06-01+01:52:03,2024-06-01+00:00,Amazon.com,,AFN,,,SHIPMENT,MarketplaceFacilitator,Amazon,,1,USD,,,,17.29,FALSE,17.29,,,,,NC,,,341830000,CLEARWATER,FL,US,,101030780,101030780,ShipTo,City,NOT APPLICABLE,,,,,,,,,,,,,0,0,Tax,,ZeroRated,17.29,0
,,,,2024-06-01+01:52:03,2024-06-01+00:00,Amazon.com,,AFN,,,SHIPMENT,MarketplaceFacilitator,Amazon,,1,USD,,,,17.29,FALSE,17.29,,,,,NC,,,341830000,CLEARWATER,FL,US,,101030780,101030780,ShipTo,County,PINELLAS,,,,,,,,,,,,,0.17,0.01,Tax,Local Sales and Use Tax (Discretionary Sales Surtax),Taxable,0,17.29
,,,,2024-06-01+01:52:03,2024-06-01+00:00,Amazon.com,,AFN,,,SHIPMENT,MarketplaceFacilitator,Amazon,,1,USD,,,,17.29,FALSE,17.29,,,,,NC,,,341830000,CLEARWATER,FL,US,,101030780,101030780,ShipTo,District,NOT APPLICABLE,,,,,,,,,,,,,0,0,Tax,,ZeroRated,17.29,0
,,,,2024-06-02+01:27:34,2024-06-02+00:00,Amazon.com,,AFN,,,SHIPMENT,MarketplaceFacilitator,Amazon,,1,USD,,,,17.29,FALSE,17.29,0,0.91,,,TX,,,441130000,LUTZ,FL,US,,100570000,100570000,ShipTo,State,FL,,,Y,0,0,-5.21,PromotionIdAndCouponCode,0,,Self Funded,ReductionInTaxableBasis,,0.73,0.06,Tax,Sales and Use Tax,Taxable,0,12.08
,,,,2024-06-02+01:27:34,2024-06-02+00:00,Amazon.com,,AFN,,,SHIPMENT,MarketplaceFacilitator,Amazon,,1,USD,,,,17.29,FALSE,17.29,,,,,TX,,,441130000,LUTZ,FL,US,,100570000,100570000,ShipTo,City,NOT APPLICABLE,,,Y,0,0,-5.21,PromotionIdAndCouponCode,0,,Self Funded,ReductionInTaxableBasis,,0,0,Tax,,ZeroRated,12.08,0
,,,,2024-06-02+01:27:34,2024-06-02+00:00,Amazon.com,,AFN,,,SHIPMENT,MarketplaceFacilitator,Amazon,,1,USD,,,,17.29,FALSE,17.29,,,,,TX,,,441130000,LUTZ,FL,US,,100570000,100570000,ShipTo,County,HILLSBOROUGH,,,Y,0,0,-5.21,PromotionIdAndCouponCode,0,,Self Funded,ReductionInTaxableBasis,,0.18,0.015,Tax,Local Sales and Use Tax (Discretionary Sales Surtax),Taxable,0,12.08
,,,,2024-06-02+01:27:34,2024-06-02+00:00,Amazon.com,,AFN,,,SHIPMENT,MarketplaceFacilitator,Amazon,,1,USD,,,,17.29,FALSE,17.29,,,,,TX,,,441130000,LUTZ,FL,US,,100570000,100570000,ShipTo,District,NOT APPLICABLE,,,Y,0,0,-5.21,PromotionIdAndCouponCode,0,,Self Funded,ReductionInTaxableBasis,,0,0,Tax,,ZeroRated,12.08,0
,,,,2024-06-02+00:41:08,2024-06-02+00:00,Amazon.com,,AFN,,,SHIPMENT,MarketplaceFacilitator,Amazon,,1,USD,,,,17.29,FALSE,17.29,0,1.21,,,TX,,,444535425,DAVIE,FL,US,,100112300,100112300,ShipTo,State,FL,,,,,,,,,,,,,1.04,0.06,Tax,Sales and Use Tax,Taxable,0,17.29
,,,,2024-06-02+00:41:08,2024-06-02+00:00,Amazon.com,,AFN,,,SHIPMENT,MarketplaceFacilitator,Amazon,,1,USD,,,,17.29,FALSE,17.29,,,,,TX,,,444535425,DAVIE,FL,US,,100112300,100112300,ShipTo,City,NOT APPLICABLE,,,,,,,,,,,,,0,0,Tax,,ZeroRated,17.29,0
,,,,2024-06-02+00:41:08,2024-06-02+00:00,Amazon.com,,AFN,,,SHIPMENT,MarketplaceFacilitator,Amazon,,1,USD,,,,17.29,FALSE,17.29,,,,,TX,,,444535425,DAVIE,FL,US,,100112300,100112300,ShipTo,County,BROWARD,,,,,,,,,,,,,0.17,0.01,Tax,Local Sales and Use Tax (Discretionary Sales Surtax),Taxable,0,17.29
,,,,2024-06-02+00:41:08,2024-06-02+00:00,Amazon.com,,AFN,,,SHIPMENT,MarketplaceFacilitator,Amazon,,1,USD,,,,17.29,FALSE,17.29,,,,,TX,,,444535425,DAVIE,FL,US,,100112300,100112300,ShipTo,District,NOT APPLICABLE,,,,,,,,,,,,,0,0,Tax,,ZeroRated,17.29,0
,,,,2024-05-31+02:45:26,2024-06-02+00:00,Amazon.com,,AFN,,,SHIPMENT,MarketplaceFacilitator,Amazon,,1,USD,,,,2.17,FALSE,2.17,0,0,,,WA,,,480330320,CALDWELL,ID,US,,130270060,130270060,ShipTo,State,ID,,,Y,0,0,-2.17,PromotionIdAndCouponCode,0,,Self Funded,ReductionInTaxableBasis,,0,0,Tax,Sales and Use Tax,NonTaxable,0,0
,,,,2024-05-31+02:45:26,2024-06-02+00:00,Amazon.com,,AFN,,,SHIPMENT,MarketplaceFacilitator,Amazon,,1,USD,,,,2.17,FALSE,2.17,,,,,WA,,,480330320,CALDWELL,ID,US,,130270060,130270060,ShipTo,City,NOT APPLICABLE,,,Y,0,0,-2.17,PromotionIdAndCouponCode,0,,Self Funded,ReductionInTaxableBasis,,0,0,Tax,,NonTaxable,0,0
,,,,2024-05-31+02:45:26,2024-06-02+00:00,Amazon.com,,AFN,,,SHIPMENT,MarketplaceFacilitator,Amazon,,1,USD,,,,2.17,FALSE,2.17,,,,,WA,,,480330320,CALDWELL,ID,US,,130270060,130270060,ShipTo,County,NOT APPLICABLE,,,Y,0,0,-2.17,PromotionIdAndCouponCode,0,,Self Funded,ReductionInTaxableBasis,,0,0,Tax,,NonTaxable,0,0
,,,,2024-05-31+02:45:26,2024-06-02+00:00,Amazon.com,,AFN,,,SHIPMENT,MarketplaceFacilitator,Amazon,,1,USD,,,,2.17,FALSE,2.17,,,,,WA,,,480330320,CALDWELL,ID,US,,130270060,130270060,ShipTo,District,NOT APPLICABLE,,,Y,0,0,-2.17,PromotionIdAndCouponCode,0,,Self Funded,ReductionInTaxableBasis,,0,0,Tax,,NonTaxable,0,0
,,,,2024-05-31+02:45:26,2024-06-02+00:00,Amazon.com,,AFN,,,SHIPMENT,MarketplaceFacilitator,Amazon,,1,USD,,,,17.29,FALSE,17.29,0,1.04,,,WA,,,480330320,CALDWELL,ID,US,,130270060,130270060,ShipTo,State,ID,,,,,,,,,,,,,1.04,0.06,Tax,Sales and Use Tax,Taxable,0,17.29
,,,,2024-05-31+02:45:26,2024-06-02+00:00,Amazon.com,,AFN,,,SHIPMENT,MarketplaceFacilitator,Amazon,,1,USD,,,,17.29,FALSE,17.29,,,,,WA,,,480330320,CALDWELL,ID,US,,130270060,130270060,ShipTo,City,NOT APPLICABLE,,,,,,,,,,,,,0,0,Tax,,ZeroRated,17.29,0
,,,,2024-05-31+02:45:26,2024-06-02+00:00,Amazon.com,,AFN,,,SHIPMENT,MarketplaceFacilitator,Amazon,,1,USD,,,,17.29,FALSE,17.29,,,,,WA,,,480330320,CALDWELL,ID,US,,130270060,130270060,ShipTo,County,NOT APPLICABLE,,,,,,,,,,,,,0,0,Tax,,ZeroRated,17.29,0
,,,,2024-05-31+02:45:26,2024-06-02+00:00,Amazon.com,,AFN,,,SHIPMENT,MarketplaceFacilitator,Amazon,,1,USD,,,,17.29,FALSE,17.29,,,,,WA,,,480330320,CALDWELL,ID,US,,130270060,130270060,ShipTo,District,NOT APPLICABLE,,,,,,,,,,,,,0,0,Tax,,ZeroRated,17.29,0
,,,,2024-06-02+10:45:34,2024-06-02+00:00,Amazon.com,,AFN,,,SHIPMENT,MarketplaceFacilitator,Amazon,,1,USD,,,,17.29,FALSE,17.29,0,1.54,,,WA,,,480330320,CHENEY,WA,US,,480630120,480630120,ShipTo,State,WA,,,,,,,,,,,,,1.12,0.065,Tax,Retail Sales and Use Tax,Taxable,0,17.29
,,,,2024-06-02+10:45:34,2024-06-02+00:00,Amazon.com,,AFN,,,SHIPMENT,MarketplaceFacilitator,Amazon,,1,USD,,,,17.29,FALSE,17.29,,,,,WA,,,480330320,CHENEY,WA,US,,480630120,480630120,ShipTo,City,CHENEY,,,,,,,,,,,,,0.28,0.016,Tax,Local Sales and Use Tax,Taxable,0,17.29
,,,,2024-06-02+10:45:34,2024-06-02+00:00,Amazon.com,,AFN,,,SHIPMENT,MarketplaceFacilitator,Amazon,,1,USD,,,,17.29,FALSE,17.29,,,,,WA,,,480330320,CHENEY,WA,US,,480630120,480630120,ShipTo,County,SPOKANE,,,,,,,,,,,,,0,0,Tax,Local Sales and Use Tax,NonTaxable,17.29,0
,,,,2024-06-02+10:45:34,2024-06-02+00:00,Amazon.com,,AFN,,,SHIPMENT,MarketplaceFacilitator,Amazon,,1,USD,,,,17.29,FALSE,17.29,,,,,WA,,,480330320,CHENEY,WA,US,,480630120,480630120,ShipTo,District,PUBLIC TRANSPORTATION BENEFIT AREA,,,,,,,,,,,,,0.14,0.008,Tax,Local Sales and Use Tax,Taxable,0,17.29
,,,,2024-06-03+01:05:32,2024-06-03+00:00,Amazon.com,,AFN,,,SHIPMENT,MarketplaceFacilitator,Amazon,,1,USD,,,,17.29,FALSE,17.29,0,1.04,,,WA,,,480330320,LIVONIA,MI,US,,231631050,231631050,ShipTo,State,MI,,,,,,,,,,,,,1.04,0.06,Tax,Sales and Use Tax,Taxable,0,17.29
,,,,2024-06-03+01:05:32,2024-06-03+00:00,Amazon.com,,AFN,,,SHIPMENT,MarketplaceFacilitator,Amazon,,1,USD,,,,17.29,FALSE,17.29,,,,,WA,,,480330320,LIVONIA,MI,US,,231631050,231631050,ShipTo,City,NOT APPLICABLE,,,,,,,,,,,,,0,0,Tax,,ZeroRated,17.29,0
,,,,2024-06-03+01:05:32,2024-06-03+00:00,Amazon.com,,AFN,,,SHIPMENT,MarketplaceFacilitator,Amazon,,1,USD,,,,17.29,FALSE,17.29,,,,,WA,,,480330320,LIVONIA,MI,US,,231631050,231631050,ShipTo,County,NOT APPLICABLE,,,,,,,,,,,,,0,0,Tax,,ZeroRated,17.29,0
,,,,2024-06-03+01:05:32,2024-06-03+00:00,Amazon.com,,AFN,,,SHIPMENT,MarketplaceFacilitator,Amazon,,1,USD,,,,17.29,FALSE,17.29,,,,,WA,,,480330320,LIVONIA,MI,US,,231631050,231631050,ShipTo,District,NOT APPLICABLE,,,,,,,,,,,,,0,0,Tax,,ZeroRated,17.29,0
,,,,2024-06-02+23:37:20,2024-06-03+00:00,Amazon.com,,AFN,,,SHIPMENT,MarketplaceFacilitator,Amazon,,1,USD,,,,17.29,FALSE,17.29,0,1.12,,,OH,,,360350780,CANAL FULTON,OH,US,,361510000,361510000,ShipTo,State,OH,,,,,,,,,,,,,0.99,0.0575,Tax,Sales and Use Tax,Taxable,0,17.29
,,,,2024-06-02+23:37:20,2024-06-03+00:00,Amazon.com,,AFN,,,SHIPMENT,MarketplaceFacilitator,Amazon,,1,USD,,,,17.29,FALSE,17.29,,,,,OH,,,360350780,CANAL FULTON,OH,US,,361510000,361510000,ShipTo,City,NOT APPLICABLE,,,,,,,,,,,,,0,0,Tax,,ZeroRated,17.29,0
,,,,2024-06-02+23:37:20,2024-06-03+00:00,Amazon.com,,AFN,,,SHIPMENT,MarketplaceFacilitator,Amazon,,1,USD,,,,17.29,FALSE,17.29,,,,,OH,,,360350780,CANAL FULTON,OH,US,,361510000,361510000,ShipTo,County,STARK,,,,,,,,,,,,,0.09,0.005,Tax,Local Sales and Use Tax,Taxable,0,17.29
,,,,2024-06-02+23:37:20,2024-06-03+00:00,Amazon.com,,AFN,,,SHIPMENT,MarketplaceFacilitator,Amazon,,1,USD,,,,17.29,FALSE,17.29,,,,,OH,,,360350780,CANAL FULTON,OH,US,,361510000,361510000,ShipTo,District,STARK AREA REGIONAL TRANSIT AUTHORITY,,,,,,,,,,,,,0.04,0.0025,Tax,Local Sales and Use Tax,Taxable,0,17.29
,,,,2024-06-03+12:38:30,2024-06-03+00:00,Amazon.com,,AFN,,,SHIPMENT,MarketplaceFacilitator,Amazon,,1,USD,,,,17.29,FALSE,17.29,0,1.04,,,TX,,,444535425,ANN ARBOR,MI,US,,231610000,231610000,ShipTo,State,MI,,,,,,,,,,,,,1.04,0.06,Tax,Sales and Use Tax,Taxable,0,17.29
,,,,2024-06-03+12:38:30,2024-06-03+00:00,Amazon.com,,AFN,,,SHIPMENT,MarketplaceFacilitator,Amazon,,1,USD,,,,17.29,FALSE,17.29,,,,,TX,,,444535425,ANN ARBOR,MI,US,,231610000,231610000,ShipTo,City,NOT APPLICABLE,,,,,,,,,,,,,0,0,Tax,,ZeroRated,17.29,0
,,,,2024-06-03+12:38:30,2024-06-03+00:00,Amazon.com,,AFN,,,SHIPMENT,MarketplaceFacilitator,Amazon,,1,USD,,,,17.29,FALSE,17.29,,,,,TX,,,444535425,ANN ARBOR,MI,US,,231610000,231610000,ShipTo,County,NOT APPLICABLE,,,,,,,,,,,,,0,0,Tax,,ZeroRated,17.29,0
,,,,2024-06-03+12:38:30,2024-06-03+00:00,Amazon.com,,AFN,,,SHIPMENT,MarketplaceFacilitator,Amazon,,1,USD,,,,17.29,FALSE,17.29,,,,,TX,,,444535425,ANN ARBOR,MI,US,,231610000,231610000,ShipTo,District,NOT APPLICABLE,,,,,,,,,,,,,0,0,Tax,,ZeroRated,17.29,0
,,,,2024-05-30+01:48:31,2024-06-03+00:00,Amazon.com,,AFN,,,RETURN,MarketplaceFacilitator,Amazon,,1,USD,,,,17.29,FALSE,-17.29,0,-1.76,,,WA,,,480330320,Bellevue,WA,US,,480330040,480330040,ShipTo,State,WA,,,,,,,,,,,,,-1.12,0.065,Tax,Retail Sales and Use Tax,Taxable,0,-17.29
,,,,2024-05-30+01:48:31,2024-06-03+00:00,Amazon.com,,AFN,,,RETURN,MarketplaceFacilitator,Amazon,,1,USD,,,,17.29,FALSE,-17.29,,,,,WA,,,480330320,Bellevue,WA,US,,480330040,480330040,ShipTo,City,BELLEVUE,,,,,,,,,,,,,-0.4,0.023,Tax,Local Sales and Use Tax,Taxable,0,-17.29
,,,,2024-05-30+01:48:31,2024-06-03+00:00,Amazon.com,,AFN,,,RETURN,MarketplaceFacilitator,Amazon,,1,USD,,,,17.29,FALSE,-17.29,,,,,WA,,,480330320,Bellevue,WA,US,,480330040,480330040,ShipTo,County,KING,,,,,,,,,,,,,0,0,Tax,Local Sales and Use Tax,NonTaxable,-17.29,0
,,,,2024-05-30+01:48:31,2024-06-03+00:00,Amazon.com,,AFN,,,RETURN,MarketplaceFacilitator,Amazon,,1,USD,,,,17.29,FALSE,-17.29,,,,,WA,,,480330320,Bellevue,WA,US,,480330040,480330040,ShipTo,District,REGIONAL TRANSIT AUTHORITY,,,,,,,,,,,,,-0.24,0.014,Tax,Local Sales and Use Tax,Taxable,0,-17.29
,,,,2024-06-03+21:33:18,2024-06-04+00:00,Amazon.com,,AFN,,,SHIPMENT,MarketplaceFacilitator,Amazon,,1,USD,,,,17.29,FALSE,17.29,0,1.34,,,WA,,,480330320,TWENTYNINE PALMS,CA,US,,050717635,050717635,ShipTo,State,CA,,,,,,,,,,,,,1.03,0.06,Tax,Sales and Use Tax,Taxable,0,17.29
,,,,2024-06-03+21:33:18,2024-06-04+00:00,Amazon.com,,AFN,,,SHIPMENT,MarketplaceFacilitator,Amazon,,1,USD,,,,17.29,FALSE,17.29,,,,,WA,,,480330320,TWENTYNINE PALMS,CA,US,,050717635,050717635,ShipTo,City,NOT APPLICABLE,,,,,,,,,,,,,0,0,Tax,,ZeroRated,17.29,0
,,,,2024-06-03+21:33:18,2024-06-04+00:00,Amazon.com,,AFN,,,SHIPMENT,MarketplaceFacilitator,Amazon,,1,USD,,,,17.29,FALSE,17.29,,,,,WA,,,480330320,TWENTYNINE PALMS,CA,US,,050717635,050717635,ShipTo,County,SAN BERNARDINO,,,,,,,,,,,,,0.22,0.0125,Tax,Local Sales and Use Tax,Taxable,0,17.29
,,,,2024-06-03+21:33:18,2024-06-04+00:00,Amazon.com,,AFN,,,SHIPMENT,MarketplaceFacilitator,Amazon,,1,USD,,,,17.29,FALSE,17.29,,,,,WA,,,480330320,TWENTYNINE PALMS,CA,US,,050717635,050717635,ShipTo,District,TRANSPORTATION AUTHORITY (SBER),,,,,,,,,,,,,0.09,0.005,Tax,Local Sales and Use Tax,Taxable,0,17.29
,,,,2024-06-03+17:05:35,2024-06-04+00:00,Amazon.com,,AFN,,,SHIPMENT,MarketplaceFacilitator,Amazon,,1,USD,,,,17.29,FALSE,17.29,0,1.17,,,WA,,,480330320,NEWTON FALLS,OH,US,,361550000,361550000,ShipTo,State,OH,,,,,,,,,,,,,1,0.0575,Tax,Sales and Use Tax,Taxable,0,17.29
,,,,2024-06-03+17:05:35,2024-06-04+00:00,Amazon.com,,AFN,,,SHIPMENT,MarketplaceFacilitator,Amazon,,1,USD,,,,17.29,FALSE,17.29,,,,,WA,,,480330320,NEWTON FALLS,OH,US,,361550000,361550000,ShipTo,City,NOT APPLICABLE,,,,,,,,,,,,,0,0,Tax,,ZeroRated,17.29,0
,,,,2024-06-03+17:05:35,2024-06-04+00:00,Amazon.com,,AFN,,,SHIPMENT,MarketplaceFacilitator,Amazon,,1,USD,,,,17.29,FALSE,17.29,,,,,WA,,,480330320,NEWTON FALLS,OH,US,,361550000,361550000,ShipTo,County,TRUMBULL,,,,,,,,,,,,,0.17,0.01,Tax,Local Sales and Use Tax,Taxable,0,17.29
,,,,2024-06-03+17:05:35,2024-06-04+00:00,Amazon.com,,AFN,,,SHIPMENT,MarketplaceFacilitator,Amazon,,1,USD,,,,17.29,FALSE,17.29,,,,,WA,,,480330320,NEWTON FALLS,OH,US,,361550000,361550000,ShipTo,District,NOT APPLICABLE,,,,,,,,,,,,,0,0,Tax,,ZeroRated,17.29,0
,,,,2024-06-04+02:53:45,2024-06-04+00:00,Amazon.com,,AFN,,,SHIPMENT,MarketplaceFacilitator,Amazon,,1,USD,,,,17.29,FALSE,17.29,0,1.58,,,TX,,,444535425,MANHATTAN,KS,US,,171610530,171610530,ShipTo,State,KS,,,,,,,,,,,,,1.12,0.065,Tax,Retailers/Sales and Compensating Tax,Taxable,0,17.29
,,,,2024-06-04+02:53:45,2024-06-04+00:00,Amazon.com,,AFN,,,SHIPMENT,MarketplaceFacilitator,Amazon,,1,USD,,,,17.29,FALSE,17.29,,,,,TX,,,444535425,MANHATTAN,KS,US,,171610530,171610530,ShipTo,City,MANHATTAN,,,,,,,,,,,,,0.34,0.0195,Tax,Local Retailers' Sales and Compensating Tax,Taxable,0,17.29
,,,,2024-06-04+02:53:45,2024-06-04+00:00,Amazon.com,,AFN,,,SHIPMENT,MarketplaceFacilitator,Amazon,,1,USD,,,,17.29,FALSE,17.29,,,,,TX,,,444535425,MANHATTAN,KS,US,,171610530,171610530,ShipTo,County,RILEY,,,,,,,,,,,,,0.12,0.007,Tax,Local Retailers' Sales and Compensating Tax,Taxable,0,17.29
,,,,2024-06-04+02:53:45,2024-06-04+00:00,Amazon.com,,AFN,,,SHIPMENT,MarketplaceFacilitator,Amazon,,1,USD,,,,17.29,FALSE,17.29,,,,,TX,,,444535425,MANHATTAN,KS,US,,171610530,171610530,ShipTo,District,NOT APPLICABLE,,,,,,,,,,,,,0,0,Tax,,ZeroRated,17.29,0
,,,,2024-06-04+15:25:44,2024-06-05+00:00,Amazon.com,,AFN,,,SHIPMENT,MarketplaceFacilitator,Amazon,,1,USD,,,,17.29,FALSE,17.29,0,1.15,,,WA,,,480330320,WESTFIELD,NJ,US,,310392740,310392740,ShipTo,State,NJ,,,,,,,,,,,,,1.15,0.06625,Tax,Sales and Use Tax,Taxable,0,17.29
,,,,2024-06-04+15:25:44,2024-06-05+00:00,Amazon.com,,AFN,,,SHIPMENT,MarketplaceFacilitator,Amazon,,1,USD,,,,17.29,FALSE,17.29,,,,,WA,,,480330320,WESTFIELD,NJ,US,,310392740,310392740,ShipTo,City,NOT APPLICABLE,,,,,,,,,,,,,0,0,Tax,,ZeroRated,17.29,0
,,,,2024-06-04+15:25:44,2024-06-05+00:00,Amazon.com,,AFN,,,SHIPMENT,MarketplaceFacilitator,Amazon,,1,USD,,,,17.29,FALSE,17.29,,,,,WA,,,480330320,WESTFIELD,NJ,US,,310392740,310392740,ShipTo,County,NOT APPLICABLE,,,,,,,,,,,,,0,0,Tax,,ZeroRated,17.29,0
,,,,2024-06-04+15:25:44,2024-06-05+00:00,Amazon.com,,AFN,,,SHIPMENT,MarketplaceFacilitator,Amazon,,1,USD,,,,17.29,FALSE,17.29,,,,,WA,,,480330320,WESTFIELD,NJ,US,,310392740,310392740,ShipTo,District,NOT APPLICABLE,,,,,,,,,,,,,0,0,Tax,,ZeroRated,17.29,0
,,,,2024-06-05+03:43:24,2024-06-05+00:00,Amazon.com,,AFN,,,SHIPMENT,MarketplaceFacilitator,Amazon,,1,USD,,,,17.29,FALSE,17.29,0,1.32,,,WA,,,480330320,ALBUQUERQUE,NM,US,,320010020,320010020,ShipTo,State,NM,,,,,,,,,,,,,0.84,0.04875,Tax,Gross Receipts and Compensating Tax,Taxable,0,17.29
,,,,2024-06-05+03:43:24,2024-06-05+00:00,Amazon.com,,AFN,,,SHIPMENT,MarketplaceFacilitator,Amazon,,1,USD,,,,17.29,FALSE,17.29,,,,,WA,,,480330320,ALBUQUERQUE,NM,US,,320010020,320010020,ShipTo,City,ALBUQUERQUE,,,,,,,,,,,,,0.27,0.015625,Tax,Local Gross Receipts Tax,Taxable,0,17.29
,,,,2024-06-05+03:43:24,2024-06-05+00:00,Amazon.com,,AFN,,,SHIPMENT,MarketplaceFacilitator,Amazon,,1,USD,,,,17.29,FALSE,17.29,,,,,WA,,,480330320,ALBUQUERQUE,NM,US,,320010020,320010020,ShipTo,County,BERNALILLO,,,,,,,,,,,,,0.21,0.011875,Tax,Local Gross Receipts Tax,Taxable,0,17.29
,,,,2024-06-05+03:43:24,2024-06-05+00:00,Amazon.com,,AFN,,,SHIPMENT,MarketplaceFacilitator,Amazon,,1,USD,,,,17.29,FALSE,17.29,,,,,WA,,,480330320,ALBUQUERQUE,NM,US,,320010020,320010020,ShipTo,District,NOT APPLICABLE,,,,,,,,,,,,,0,0,Tax,,ZeroRated,17.29,0
,,,,2024-06-04+09:35:48,2024-06-05+00:00,Amazon.com,,AFN,,,SHIPMENT,MarketplaceFacilitator,Amazon,,1,USD,,,,17.29,FALSE,17.29,0,1.08,,,WA,,,480330320,WEST NEWTON,MA,US,,220170670,220170670,ShipTo,State,MA,,,,,,,,,,,,,1.08,0.0625,Tax,Sales and Use Tax,Taxable,0,17.29
,,,,2024-06-04+09:35:48,2024-06-05+00:00,Amazon.com,,AFN,,,SHIPMENT,MarketplaceFacilitator,Amazon,,1,USD,,,,17.29,FALSE,17.29,,,,,WA,,,480330320,WEST NEWTON,MA,US,,220170670,220170670,ShipTo,City,NOT APPLICABLE,,,,,,,,,,,,,0,0,Tax,,ZeroRated,17.29,0
,,,,2024-06-04+09:35:48,2024-06-05+00:00,Amazon.com,,AFN,,,SHIPMENT,MarketplaceFacilitator,Amazon,,1,USD,,,,17.29,FALSE,17.29,,,,,WA,,,480330320,WEST NEWTON,MA,US,,220170670,220170670,ShipTo,County,NOT APPLICABLE,,,,,,,,,,,,,0,0,Tax,,ZeroRated,17.29,0
,,,,2024-06-04+09:35:48,2024-06-05+00:00,Amazon.com,,AFN,,,SHIPMENT,MarketplaceFacilitator,Amazon,,1,USD,,,,17.29,FALSE,17.29,,,,,WA,,,480330320,WEST NEWTON,MA,US,,220170670,220170670,ShipTo,District,NOT APPLICABLE,,,,,,,,,,,,,0,0,Tax,,ZeroRated,17.29,0
,,,,2024-06-05+21:55:38,2024-06-06+00:00,Amazon.com,,AFN,,,SHIPMENT,MarketplaceFacilitator,Amazon,,1,USD,,,,17.29,FALSE,17.29,0,1.25,,,WA,,,480330320,SONORA,CA,US,,051090000,051090000,ShipTo,State,CA,,,,,,,,,,,,,1.03,0.06,Tax,Sales and Use Tax,Taxable,0,17.29
,,,,2024-06-05+21:55:38,2024-06-06+00:00,Amazon.com,,AFN,,,SHIPMENT,MarketplaceFacilitator,Amazon,,1,USD,,,,17.29,FALSE,17.29,,,,,WA,,,480330320,SONORA,CA,US,,051090000,051090000,ShipTo,City,NOT APPLICABLE,,,,,,,,,,,,,0,0,Tax,,ZeroRated,17.29,0
,,,,2024-06-05+21:55:38,2024-06-06+00:00,Amazon.com,,AFN,,,SHIPMENT,MarketplaceFacilitator,Amazon,,1,USD,,,,17.29,FALSE,17.29,,,,,WA,,,480330320,SONORA,CA,US,,051090000,051090000,ShipTo,County,TUOLUMNE,,,,,,,,,,,,,0.22,0.0125,Tax,Local Sales and Use Tax,Taxable,0,17.29
,,,,2024-06-05+21:55:38,2024-06-06+00:00,Amazon.com,,AFN,,,SHIPMENT,MarketplaceFacilitator,Amazon,,1,USD,,,,17.29,FALSE,17.29,,,,,WA,,,480330320,SONORA,CA,US,,051090000,051090000,ShipTo,District,NOT APPLICABLE,,,,,,,,,,,,,0,0,Tax,,ZeroRated,17.29,0
,,,,2024-06-06+05:25:28,2024-06-06+00:00,Amazon.com,,AFN,,,SHIPMENT,MarketplaceFacilitator,Amazon,,1,USD,,,,17.29,FALSE,17.29,0,1.08,,,WA,,,480330320,RICHMOND,TX,US,,441570000,441570000,ShipTo,State,TX,,,,,,,,,,,,,1.08,0.0625,Tax,Sales and Use Tax,Taxable,0,17.29
,,,,2024-06-06+05:25:28,2024-06-06+00:00,Amazon.com,,AFN,,,SHIPMENT,MarketplaceFacilitator,Amazon,,1,USD,,,,17.29,FALSE,17.29,,,,,WA,,,480330320,RICHMOND,TX,US,,441570000,441570000,ShipTo,City,NOT APPLICABLE,,,,,,,,,,,,,0,0,Tax,,ZeroRated,17.29,0
,,,,2024-06-06+05:25:28,2024-06-06+00:00,Amazon.com,,AFN,,,SHIPMENT,MarketplaceFacilitator,Amazon,,1,USD,,,,17.29,FALSE,17.29,,,,,WA,,,480330320,RICHMOND,TX,US,,441570000,441570000,ShipTo,County,NOT APPLICABLE,,,,,,,,,,,,,0,0,Tax,,ZeroRated,17.29,0
,,,,2024-06-06+05:25:28,2024-06-06+00:00,Amazon.com,,AFN,,,SHIPMENT,MarketplaceFacilitator,Amazon,,1,USD,,,,17.29,FALSE,17.29,,,,,WA,,,480330320,RICHMOND,TX,US,,441570000,441570000,ShipTo,District,NOT APPLICABLE,,,,,,,,,,,,,0,0,Tax,,ZeroRated,17.29,0
,,,,2024-06-06+05:25:28,2024-06-06+00:00,Amazon.com,,AFN,,,SHIPMENT,MarketplaceFacilitator,Amazon,,1,USD,,,,17.29,FALSE,17.29,0,1.08,,,WA,,,480330320,RICHMOND,TX,US,,441570000,441570000,ShipTo,State,TX,,,,,,,,,,,,,1.08,0.0625,Tax,Sales and Use Tax,Taxable,0,17.29
,,,,2024-06-06+05:25:28,2024-06-06+00:00,Amazon.com,,AFN,,,SHIPMENT,MarketplaceFacilitator,Amazon,,1,USD,,,,17.29,FALSE,17.29,,,,,WA,,,480330320,RICHMOND,TX,US,,441570000,441570000,ShipTo,City,NOT APPLICABLE,,,,,,,,,,,,,0,0,Tax,,ZeroRated,17.29,0
,,,,2024-06-06+05:25:28,2024-06-06+00:00,Amazon.com,,AFN,,,SHIPMENT,MarketplaceFacilitator,Amazon,,1,USD,,,,17.29,FALSE,17.29,,,,,WA,,,480330320,RICHMOND,TX,US,,441570000,441570000,ShipTo,County,NOT APPLICABLE,,,,,,,,,,,,,0,0,Tax,,ZeroRated,17.29,0
,,,,2024-06-06+05:25:28,2024-06-06+00:00,Amazon.com,,AFN,,,SHIPMENT,MarketplaceFacilitator,Amazon,,1,USD,,,,17.29,FALSE,17.29,,,,,WA,,,480330320,RICHMOND,TX,US,,441570000,441570000,ShipTo,District,NOT APPLICABLE,,,,,,,,,,,,,0,0,Tax,,ZeroRated,17.29,0
,,,,2024-06-06+14:20:08,2024-06-06+00:00,Amazon.com,,AFN,,,SHIPMENT,MarketplaceFacilitator,Amazon,,1,USD,,,,17.29,FALSE,17.29,0,1.21,,,WA,,,480330320,PALM BEACH GARDENS,FL,US,,100992810,100992810,ShipTo,State,FL,,,,,,,,,,,,,1.04,0.06,Tax,Sales and Use Tax,Taxable,0,17.29
,,,,2024-06-06+14:20:08,2024-06-06+00:00,Amazon.com,,AFN,,,SHIPMENT,MarketplaceFacilitator,Amazon,,1,USD,,,,17.29,FALSE,17.29,,,,,WA,,,480330320,PALM BEACH GARDENS,FL,US,,100992810,100992810,ShipTo,City,NOT APPLICABLE,,,,,,,,,,,,,0,0,Tax,,ZeroRated,17.29,0
,,,,2024-06-06+14:20:08,2024-06-06+00:00,Amazon.com,,AFN,,,SHIPMENT,MarketplaceFacilitator,Amazon,,1,USD,,,,17.29,FALSE,17.29,,,,,WA,,,480330320,PALM BEACH GARDENS,FL,US,,100992810,100992810,ShipTo,County,PALM BEACH,,,,,,,,,,,,,0.17,0.01,Tax,Local Sales and Use Tax (Discretionary Sales Surtax),Taxable,0,17.29
,,,,2024-06-06+14:20:08,2024-06-06+00:00,Amazon.com,,AFN,,,SHIPMENT,MarketplaceFacilitator,Amazon,,1,USD,,,,17.29,FALSE,17.29,,,,,WA,,,480330320,PALM BEACH GARDENS,FL,US,,100992810,100992810,ShipTo,District,NOT APPLICABLE,,,,,,,,,,,,,0,0,Tax,,ZeroRated,17.29,0
,,,,2024-06-06+17:35:29,2024-06-07+00:00,Amazon.com,,AFN,,,SHIPMENT,MarketplaceFacilitator,Amazon,,1,USD,,,,14.99,FALSE,14.99,0,1.09,,,WA,,,480330320,WEST VALLEY CITY,UT,US,,450351019,450351019,ShipTo,State,UT,,,,,,,,,,,,,0.73,0.0485,Tax,Sales and Use Tax,Taxable,0,14.99
,,,,2024-06-06+17:35:29,2024-06-07+00:00,Amazon.com,,AFN,,,SHIPMENT,MarketplaceFacilitator,Amazon,,1,USD,,,,14.99,FALSE,14.99,,,,,WA,,,480330320,WEST VALLEY CITY,UT,US,,450351019,450351019,ShipTo,City,WEST VALLEY CITY,,,,,,,,,,,,,0.15,0.01,Tax,Local Sales and Use Tax,Taxable,0,14.99
,,,,2024-06-06+17:35:29,2024-06-07+00:00,Amazon.com,,AFN,,,SHIPMENT,MarketplaceFacilitator,Amazon,,1,USD,,,,14.99,FALSE,14.99,,,,,WA,,,480330320,WEST VALLEY CITY,UT,US,,450351019,450351019,ShipTo,County,SALT LAKE,,,,,,,,,,,,,0.13,0.0085,Tax,Local Sales and Use Tax,Taxable,0,14.99
,,,,2024-06-06+17:35:29,2024-06-07+00:00,Amazon.com,,AFN,,,SHIPMENT,MarketplaceFacilitator,Amazon,,1,USD,,,,14.99,FALSE,14.99,,,,,WA,,,480330320,WEST VALLEY CITY,UT,US,,450351019,450351019,ShipTo,District,MASS TRANSIT TAX,,,,,,,,,,,,,0.08,0.0055,Tax,Local Sales and Use Tax,Taxable,0,14.99
,,,,2024-06-07+00:25:35,2024-06-07+00:00,Amazon.com,,AFN,,,SHIPMENT,MarketplaceFacilitator,Amazon,,1,USD,,,,17.29,FALSE,17.29,0,1.17,,,WA,,,480330320,CINCINNATI,OH,US,,360250088,360250088,ShipTo,State,OH,,,,,,,,,,,,,1,0.0575,Tax,Sales and Use Tax,Taxable,0,17.29
,,,,2024-06-07+00:25:35,2024-06-07+00:00,Amazon.com,,AFN,,,SHIPMENT,MarketplaceFacilitator,Amazon,,1,USD,,,,17.29,FALSE,17.29,,,,,WA,,,480330320,CINCINNATI,OH,US,,360250088,360250088,ShipTo,City,NOT APPLICABLE,,,,,,,,,,,,,0,0,Tax,,ZeroRated,17.29,0
,,,,2024-06-07+00:25:35,2024-06-07+00:00,Amazon.com,,AFN,,,SHIPMENT,MarketplaceFacilitator,Amazon,,1,USD,,,,17.29,FALSE,17.29,,,,,WA,,,480330320,CINCINNATI,OH,US,,360250088,360250088,ShipTo,County,CLERMONT,,,,,,,,,,,,,0.17,0.01,Tax,Local Sales and Use Tax,Taxable,0,17.29
,,,,2024-06-07+00:25:35,2024-06-07+00:00,Amazon.com,,AFN,,,SHIPMENT,MarketplaceFacilitator,Amazon,,1,USD,,,,17.29,FALSE,17.29,,,,,WA,,,480330320,CINCINNATI,OH,US,,360250088,360250088,ShipTo,District,NOT APPLICABLE,,,,,,,,,,,,,0,0,Tax,,ZeroRated,17.29,0
,,,,2024-06-07+09:28:08,2024-06-07+00:00,Amazon.com,,AFN,,,SHIPMENT,MarketplaceFacilitator,Amazon,,1,USD,,,,14.99,FALSE,14.99,0,1.22,,,WA,,,480330320,VACAVILLE,CA,US,,050953670,050953670,ShipTo,State,CA,,,,,,,,,,,,,0.9,0.06,Tax,Sales and Use Tax,Taxable,0,14.99
,,,,2024-06-07+09:28:08,2024-06-07+00:00,Amazon.com,,AFN,,,SHIPMENT,MarketplaceFacilitator,Amazon,,1,USD,,,,14.99,FALSE,14.99,,,,,WA,,,480330320,VACAVILLE,CA,US,,050953670,050953670,ShipTo,City,NOT APPLICABLE,,,,,,,,,,,,,0,0,Tax,,ZeroRated,14.99,0
,,,,2024-06-07+09:28:08,2024-06-07+00:00,Amazon.com,,AFN,,,SHIPMENT,MarketplaceFacilitator,Amazon,,1,USD,,,,14.99,FALSE,14.99,,,,,WA,,,480330320,VACAVILLE,CA,US,,050953670,050953670,ShipTo,County,SOLANO,,,,,,,,,,,,,0.19,0.0125,Tax,Local Sales and Use Tax,Taxable,0,14.99
,,,,2024-06-07+09:28:08,2024-06-07+00:00,Amazon.com,,AFN,,,SHIPMENT,MarketplaceFacilitator,Amazon,,1,USD,,,,14.99,FALSE,14.99,,,,,WA,,,480330320,VACAVILLE,CA,US,,050953670,050953670,ShipTo,District,PUBLIC LIBRARY DISTRICT (SLPL),,,,,,,,,,,,,0.02,0.00125,Tax,Local Sales and Use Tax,Taxable,0,14.99
,,,,2024-06-07+09:28:08,2024-06-07+00:00,Amazon.com,,AFN,,,SHIPMENT,MarketplaceFacilitator,Amazon,,1,USD,,,,14.99,FALSE,14.99,,,,,WA,,,480330320,VACAVILLE,CA,US,,050953670,050953670,ShipTo,District,TRANSACTIONS AND USE TAX (VCGT),,,,,,,,,,,,,0.11,0.0075,Tax,Local Sales and Use Tax,Taxable,0,14.99
,,,,2024-06-06+18:35:41,2024-06-07+00:00,Amazon.com,,AFN,,,SHIPMENT,MarketplaceFacilitator,Amazon,,1,USD,,,,17.29,FALSE,17.29,0,1.51,,,WA,,,480330320,CANTON,IL,US,,140570340,140570340,ShipTo,State,IL,,,,,,,,,,,,,1.08,0.0625,Tax,Retailers'/Service Occupation and Use/Service Use Tax,Taxable,0,17.29
,,,,2024-06-06+18:35:41,2024-06-07+00:00,Amazon.com,,AFN,,,SHIPMENT,MarketplaceFacilitator,Amazon,,1,USD,,,,17.29,FALSE,17.29,,,,,WA,,,480330320,CANTON,IL,US,,140570340,140570340,ShipTo,City,CANTON,,,,,,,,,,,,,0.17,0.01,Tax,Local Sales Tax,Taxable,0,17.29
,,,,2024-06-06+18:35:41,2024-06-07+00:00,Amazon.com,,AFN,,,SHIPMENT,MarketplaceFacilitator,Amazon,,1,USD,,,,17.29,FALSE,17.29,,,,,WA,,,480330320,CANTON,IL,US,,140570340,140570340,ShipTo,County,FULTON,,,,,,,,,,,,,0.26,0.015,Tax,Local Sales Tax,Taxable,0,17.29
,,,,2024-06-06+18:35:41,2024-06-07+00:00,Amazon.com,,AFN,,,SHIPMENT,MarketplaceFacilitator,Amazon,,1,USD,,,,17.29,FALSE,17.29,,,,,WA,,,480330320,CANTON,IL,US,,140570340,140570340,ShipTo,District,NOT APPLICABLE,,,,,,,,,,,,,0,0,Tax,,ZeroRated,17.29,0
,,,,2024-06-06+18:35:41,2024-06-07+00:00,Amazon.com,,AFN,,,SHIPMENT,MarketplaceFacilitator,Amazon,,1,USD,,,,1.15,FALSE,1.15,0,0,,,WA,,,480330320,CANTON,IL,US,,140570340,140570340,ShipTo,State,IL,,,Y,0,0,-1.15,PromotionIdAndCouponCode,0,,Self Funded,ReductionInTaxableBasis,,0,0,Tax,Retailers'/Service Occupation and Use/Service Use Tax,NonTaxable,0,0
,,,,2024-06-06+18:35:41,2024-06-07+00:00,Amazon.com,,AFN,,,SHIPMENT,MarketplaceFacilitator,Amazon,,1,USD,,,,1.15,FALSE,1.15,,,,,WA,,,480330320,CANTON,IL,US,,140570340,140570340,ShipTo,City,CANTON,,,Y,0,0,-1.15,PromotionIdAndCouponCode,0,,Self Funded,ReductionInTaxableBasis,,0,0,Tax,Local Sales Tax,NonTaxable,0,0
,,,,2024-06-06+18:35:41,2024-06-07+00:00,Amazon.com,,AFN,,,SHIPMENT,MarketplaceFacilitator,Amazon,,1,USD,,,,1.15,FALSE,1.15,,,,,WA,,,480330320,CANTON,IL,US,,140570340,140570340,ShipTo,County,FULTON,,,Y,0,0,-1.15,PromotionIdAndCouponCode,0,,Self Funded,ReductionInTaxableBasis,,0,0,Tax,Local Sales Tax,NonTaxable,0,0
,,,,2024-06-06+18:35:41,2024-06-07+00:00,Amazon.com,,AFN,,,SHIPMENT,MarketplaceFacilitator,Amazon,,1,USD,,,,1.15,FALSE,1.15,,,,,WA,,,480330320,CANTON,IL,US,,140570340,140570340,ShipTo,District,NOT APPLICABLE,,,Y,0,0,-1.15,PromotionIdAndCouponCode,0,,Self Funded,ReductionInTaxableBasis,,0,0,Tax,,NonTaxable,0,0
,,,,2024-06-07+09:02:36,2024-06-08+00:00,Amazon.com,,AFN,,,SHIPMENT,MarketplaceFacilitator,Amazon,,1,USD,,,,2.21,FALSE,2.21,0,0,,,WA,,,480330320,NEW LONDON,WI,US,,501350780,501350780,ShipTo,State,WI,,,Y,0,0,-2.21,PromotionIdAndCouponCode,0,,Self Funded,ReductionInTaxableBasis,,0,0.05,Tax,General Sales and Use Tax,Taxable,0,0
,,,,2024-06-07+09:02:36,2024-06-08+00:00,Amazon.com,,AFN,,,SHIPMENT,MarketplaceFacilitator,Amazon,,1,USD,,,,2.21,FALSE,2.21,,,,,WA,,,480330320,NEW LONDON,WI,US,,501350780,501350780,ShipTo,City,NOT APPLICABLE,,,Y,0,0,-2.21,PromotionIdAndCouponCode,0,,Self Funded,ReductionInTaxableBasis,,0,0,Tax,,NonTaxable,0,0
,,,,2024-06-07+09:02:36,2024-06-08+00:00,Amazon.com,,AFN,,,SHIPMENT,MarketplaceFacilitator,Amazon,,1,USD,,,,2.21,FALSE,2.21,,,,,WA,,,480330320,NEW LONDON,WI,US,,501350780,501350780,ShipTo,County,WAUPACA,,,Y,0,0,-2.21,PromotionIdAndCouponCode,0,,Self Funded,ReductionInTaxableBasis,,0,0.005,Tax,Local Sales and Use Tax,Taxable,0,0
,,,,2024-06-07+09:02:36,2024-06-08+00:00,Amazon.com,,AFN,,,SHIPMENT,MarketplaceFacilitator,Amazon,,1,USD,,,,2.21,FALSE,2.21,,,,,WA,,,480330320,NEW LONDON,WI,US,,501350780,501350780,ShipTo,District,NOT APPLICABLE,,,Y,0,0,-2.21,PromotionIdAndCouponCode,0,,Self Funded,ReductionInTaxableBasis,,0,0,Tax,,NonTaxable,0,0
,,,,2024-06-07+09:02:36,2024-06-08+00:00,Amazon.com,,AFN,,,SHIPMENT,MarketplaceFacilitator,Amazon,,1,USD,,,,14.99,FALSE,14.99,0,0.82,,,WA,,,480330320,NEW LONDON,WI,US,,501350780,501350780,ShipTo,State,WI,,,,,,,,,,,,,0.75,0.05,Tax,General Sales and Use Tax,Taxable,0,14.99
,,,,2024-06-07+09:02:36,2024-06-08+00:00,Amazon.com,,AFN,,,SHIPMENT,MarketplaceFacilitator,Amazon,,1,USD,,,,14.99,FALSE,14.99,,,,,WA,,,480330320,NEW LONDON,WI,US,,501350780,501350780,ShipTo,City,NOT APPLICABLE,,,,,,,,,,,,,0,0,Tax,,ZeroRated,14.99,0
,,,,2024-06-07+09:02:36,2024-06-08+00:00,Amazon.com,,AFN,,,SHIPMENT,MarketplaceFacilitator,Amazon,,1,USD,,,,14.99,FALSE,14.99,,,,,WA,,,480330320,NEW LONDON,WI,US,,501350780,501350780,ShipTo,County,WAUPACA,,,,,,,,,,,,,0.07,0.005,Tax,Local Sales and Use Tax,Taxable,0,14.99
,,,,2024-06-07+09:02:36,2024-06-08+00:00,Amazon.com,,AFN,,,SHIPMENT,MarketplaceFacilitator,Amazon,,1,USD,,,,14.99,FALSE,14.99,,,,,WA,,,480330320,NEW LONDON,WI,US,,501350780,501350780,ShipTo,District,NOT APPLICABLE,,,,,,,,,,,,,0,0,Tax,,ZeroRated,14.99,0
,,,,2024-06-09+15:25:32,2024-06-09+00:00,Amazon.com,,AFN,,,SHIPMENT,Standard,Seller,A_GEN_NOTAX,1,USD,,,,17.29,FALSE,17.29,0,0,,,WA,,,480330320,KEIZER,OR,US,,380470280,380470280,ShipTo,State,OR,,,,,,,,,,,,0,,0,Tax,No Sales or Use Tax Imposed,NonTaxable,17.29,0
,,,,2024-06-09+15:25:32,2024-06-09+00:00,Amazon.com,,AFN,,,SHIPMENT,Standard,Seller,A_GEN_NOTAX,1,USD,,,,17.29,FALSE,17.29,,,,,WA,,,480330320,KEIZER,OR,US,,380470280,380470280,ShipTo,City,NOT APPLICABLE,,,,,,,,,,,,0,,0,Tax,,ZeroRated,17.29,0
,,,,2024-06-09+15:25:32,2024-06-09+00:00,Amazon.com,,AFN,,,SHIPMENT,Standard,Seller,A_GEN_NOTAX,1,USD,,,,17.29,FALSE,17.29,,,,,WA,,,480330320,KEIZER,OR,US,,380470280,380470280,ShipTo,County,NOT APPLICABLE,,,,,,,,,,,,0,,0,Tax,,ZeroRated,17.29,0
,,,,2024-06-09+15:25:32,2024-06-09+00:00,Amazon.com,,AFN,,,SHIPMENT,Standard,Seller,A_GEN_NOTAX,1,USD,,,,17.29,FALSE,17.29,,,,,WA,,,480330320,KEIZER,OR,US,,380470280,380470280,ShipTo,District,NOT APPLICABLE,,,,,,,,,,,,0,,0,Tax,,ZeroRated,17.29,0
,,,,2024-06-15+10:37:02,2024-06-15+00:00,Amazon.com,,AFN,,,SHIPMENT,MarketplaceFacilitator,Amazon,,1,USD,,,,17.29,FALSE,17.29,0,1.25,,,NY,,,330670000,UPPER SANDUSKY,OH,US,,361752580,361752580,ShipTo,State,OH,,,,,,,,,,,,,0.99,0.0575,Tax,Sales and Use Tax,Taxable,0,17.29
,,,,2024-06-15+10:37:02,2024-06-15+00:00,Amazon.com,,AFN,,,SHIPMENT,MarketplaceFacilitator,Amazon,,1,USD,,,,17.29,FALSE,17.29,,,,,NY,,,330670000,UPPER SANDUSKY,OH,US,,361752580,361752580,ShipTo,City,NOT APPLICABLE,,,,,,,,,,,,,0,0,Tax,,ZeroRated,17.29,0
,,,,2024-06-15+10:37:02,2024-06-15+00:00,Amazon.com,,AFN,,,SHIPMENT,MarketplaceFacilitator,Amazon,,1,USD,,,,17.29,FALSE,17.29,,,,,NY,,,330670000,UPPER SANDUSKY,OH,US,,361752580,361752580,ShipTo,County,WYANDOT,,,,,,,,,,,,,0.26,0.015,Tax,Local Sales and Use Tax,Taxable,0,17.29
,,,,2024-06-15+10:37:02,2024-06-15+00:00,Amazon.com,,AFN,,,SHIPMENT,MarketplaceFacilitator,Amazon,,1,USD,,,,17.29,FALSE,17.29,,,,,NY,,,330670000,UPPER SANDUSKY,OH,US,,361752580,361752580,ShipTo,District,NOT APPLICABLE,,,,,,,,,,,,,0,0,Tax,,ZeroRated,17.29,0
,,,,2024-06-16+04:36:25,2024-06-16+00:00,Amazon.com,,AFN,,,SHIPMENT,MarketplaceFacilitator,Amazon,,1,USD,,,,17.29,FALSE,17.29,0,1.36,,,NY,,,330670000,TOPEKA,KS,US,,171770000,171770000,ShipTo,State,KS,,,,,,,,,,,,,1.13,0.065,Tax,Retailers/Sales and Compensating Tax,Taxable,0,17.29
,,,,2024-06-16+04:36:25,2024-06-16+00:00,Amazon.com,,AFN,,,SHIPMENT,MarketplaceFacilitator,Amazon,,1,USD,,,,17.29,FALSE,17.29,,,,,NY,,,330670000,TOPEKA,KS,US,,171770000,171770000,ShipTo,City,NOT APPLICABLE,,,,,,,,,,,,,0,0,Tax,,ZeroRated,17.29,0
,,,,2024-06-16+04:36:25,2024-06-16+00:00,Amazon.com,,AFN,,,SHIPMENT,MarketplaceFacilitator,Amazon,,1,USD,,,,17.29,FALSE,17.29,,,,,NY,,,330670000,TOPEKA,KS,US,,171770000,171770000,ShipTo,County,SHAWNEE,,,,,,,,,,,,,0.23,0.0135,Tax,Local Retailers' Sales and Compensating Tax,Taxable,0,17.29
,,,,2024-06-16+04:36:25,2024-06-16+00:00,Amazon.com,,AFN,,,SHIPMENT,MarketplaceFacilitator,Amazon,,1,USD,,,,17.29,FALSE,17.29,,,,,NY,,,330670000,TOPEKA,KS,US,,171770000,171770000,ShipTo,District,NOT APPLICABLE,,,,,,,,,,,,,0,0,Tax,,ZeroRated,17.29,0
,,,,2024-06-16+05:25:02,2024-06-16+00:00,Amazon.com,,AFN,,,SHIPMENT,MarketplaceFacilitator,Amazon,,1,USD,,,,17.29,FALSE,17.29,0,1.49,,,CT,,,070030000,SAN FRANCISCO,CA,US,,050759992,050759992,ShipTo,State,CA,,,,,,,,,,,,,1.03,0.06,Tax,Sales and Use Tax,Taxable,0,17.29
,,,,2024-06-16+05:25:02,2024-06-16+00:00,Amazon.com,,AFN,,,SHIPMENT,MarketplaceFacilitator,Amazon,,1,USD,,,,17.29,FALSE,17.29,,,,,CT,,,070030000,SAN FRANCISCO,CA,US,,050759992,050759992,ShipTo,City,NOT APPLICABLE,,,,,,,,,,,,,0,0,Tax,,ZeroRated,17.29,0
,,,,2024-06-16+05:25:02,2024-06-16+00:00,Amazon.com,,AFN,,,SHIPMENT,MarketplaceFacilitator,Amazon,,1,USD,,,,17.29,FALSE,17.29,,,,,CT,,,070030000,SAN FRANCISCO,CA,US,,050759992,050759992,ShipTo,County,SAN FRANCISCO,,,,,,,,,,,,,0.22,0.0125,Tax,Local Sales and Use Tax,Taxable,0,17.29
,,,,2024-06-16+05:25:02,2024-06-16+00:00,Amazon.com,,AFN,,,SHIPMENT,MarketplaceFacilitator,Amazon,,1,USD,,,,17.29,FALSE,17.29,,,,,CT,,,070030000,SAN FRANCISCO,CA,US,,050759992,050759992,ShipTo,District,BAY AREA RAPID TRANSIT DISTRICT (BART),,,,,,,,,,,,,0.09,0.005,Tax,Local Sales and Use Tax,Taxable,0,17.29
,,,,2024-06-16+05:25:02,2024-06-16+00:00,Amazon.com,,AFN,,,SHIPMENT,MarketplaceFacilitator,Amazon,,1,USD,,,,17.29,FALSE,17.29,,,,,CT,,,070030000,SAN FRANCISCO,CA,US,,050759992,050759992,ShipTo,District,PUBLIC FINANCE AUTHORITY (SFPF),,,,,,,,,,,,,0.04,0.0025,Tax,Local Sales and Use Tax,Taxable,0,17.29
,,,,2024-06-16+05:25:02,2024-06-16+00:00,Amazon.com,,AFN,,,SHIPMENT,MarketplaceFacilitator,Amazon,,1,USD,,,,17.29,FALSE,17.29,,,,,CT,,,070030000,SAN FRANCISCO,CA,US,,050759992,050759992,ShipTo,District,TRANSACTIONS AND USE TAX (JPBT),,,,,,,,,,,,,0.02,0.00125,Tax,Local Sales and Use Tax,Taxable,0,17.29
,,,,2024-06-16+05:25:02,2024-06-16+00:00,Amazon.com,,AFN,,,SHIPMENT,MarketplaceFacilitator,Amazon,,1,USD,,,,17.29,FALSE,17.29,,,,,CT,,,070030000,SAN FRANCISCO,CA,US,,050759992,050759992,ShipTo,District,TRANSPORTATION AUTHORITY (SFTA),,,,,,,,,,,,,0.09,0.005,Tax,Local Sales and Use Tax,Taxable,0,17.29
,,,,2024-06-16+20:31:57,2024-06-17+00:00,Amazon.com,,AFN,,,SHIPMENT,MarketplaceFacilitator,Amazon,,1,USD,,,,17.29,FALSE,17.29,0,1.08,,,CT,,,070030000,LYNN,MA,US,,220090470,220090470,ShipTo,State,MA,,,,,,,,,,,,,1.08,0.0625,Tax,Sales and Use Tax,Taxable,0,17.29
,,,,2024-06-16+20:31:57,2024-06-17+00:00,Amazon.com,,AFN,,,SHIPMENT,MarketplaceFacilitator,Amazon,,1,USD,,,,17.29,FALSE,17.29,,,,,CT,,,070030000,LYNN,MA,US,,220090470,220090470,ShipTo,City,NOT APPLICABLE,,,,,,,,,,,,,0,0,Tax,,ZeroRated,17.29,0
,,,,2024-06-16+20:31:57,2024-06-17+00:00,Amazon.com,,AFN,,,SHIPMENT,MarketplaceFacilitator,Amazon,,1,USD,,,,17.29,FALSE,17.29,,,,,CT,,,070030000,LYNN,MA,US,,220090470,220090470,ShipTo,County,NOT APPLICABLE,,,,,,,,,,,,,0,0,Tax,,ZeroRated,17.29,0
,,,,2024-06-16+20:31:57,2024-06-17+00:00,Amazon.com,,AFN,,,SHIPMENT,MarketplaceFacilitator,Amazon,,1,USD,,,,17.29,FALSE,17.29,,,,,CT,,,070030000,LYNN,MA,US,,220090470,220090470,ShipTo,District,NOT APPLICABLE,,,,,,,,,,,,,0,0,Tax,,ZeroRated,17.29,0
,,,,2024-06-18+00:25:45,2024-06-18+00:00,Amazon.com,,AFN,,,SHIPMENT,MarketplaceFacilitator,Amazon,,1,USD,,,,17.29,FALSE,17.29,0,1.21,,,IL,,,140311790,LAKE BLUFF,IL,US,,140974505,140974505,ShipTo,State,IL,,,,,,,,,,,,,1.08,0.0625,Tax,Retailers'/Service Occupation and Use/Service Use Tax,Taxable,0,17.29
,,,,2024-06-18+00:25:45,2024-06-18+00:00,Amazon.com,,AFN,,,SHIPMENT,MarketplaceFacilitator,Amazon,,1,USD,,,,17.29,FALSE,17.29,,,,,IL,,,140311790,LAKE BLUFF,IL,US,,140974505,140974505,ShipTo,City,NOT APPLICABLE,,,,,,,,,,,,,0,0,Tax,,ZeroRated,17.29,0
,,,,2024-06-18+00:25:45,2024-06-18+00:00,Amazon.com,,AFN,,,SHIPMENT,MarketplaceFacilitator,Amazon,,1,USD,,,,17.29,FALSE,17.29,,,,,IL,,,140311790,LAKE BLUFF,IL,US,,140974505,140974505,ShipTo,County,NOT APPLICABLE,,,,,,,,,,,,,0,0,Tax,,ZeroRated,17.29,0
,,,,2024-06-18+00:25:45,2024-06-18+00:00,Amazon.com,,AFN,,,SHIPMENT,MarketplaceFacilitator,Amazon,,1,USD,,,,17.29,FALSE,17.29,,,,,IL,,,140311790,LAKE BLUFF,IL,US,,140974505,140974505,ShipTo,District,"REGIONAL TRANSPORTATION AUTHORITY (KANE,LAKE,MCHENRY,WILL)",,,,,,,,,,,,,0.13,0.0075,Tax,Local Sales and Use Tax,Taxable,0,17.29
,,,,2024-06-17+12:45:05,2024-06-19+00:00,Amazon.com,,AFN,,,SHIPMENT,MarketplaceFacilitator,Amazon,,1,USD,,,,17.29,FALSE,17.29,0,1.3,,,CT,,,070030000,JACKSONVILLE,FL,US,,100310660,100310660,ShipTo,State,FL,,,,,,,,,,,,,1.04,0.06,Tax,Sales and Use Tax,Taxable,0,17.29
,,,,2024-06-17+12:45:05,2024-06-19+00:00,Amazon.com,,AFN,,,SHIPMENT,MarketplaceFacilitator,Amazon,,1,USD,,,,17.29,FALSE,17.29,,,,,CT,,,070030000,JACKSONVILLE,FL,US,,100310660,100310660,ShipTo,City,NOT APPLICABLE,,,,,,,,,,,,,0,0,Tax,,ZeroRated,17.29,0
,,,,2024-06-17+12:45:05,2024-06-19+00:00,Amazon.com,,AFN,,,SHIPMENT,MarketplaceFacilitator,Amazon,,1,USD,,,,17.29,FALSE,17.29,,,,,CT,,,070030000,JACKSONVILLE,FL,US,,100310660,100310660,ShipTo,County,DUVAL,,,,,,,,,,,,,0.26,0.015,Tax,Local Sales and Use Tax (Discretionary Sales Surtax),Taxable,0,17.29
,,,,2024-06-17+12:45:05,2024-06-19+00:00,Amazon.com,,AFN,,,SHIPMENT,MarketplaceFacilitator,Amazon,,1,USD,,,,17.29,FALSE,17.29,,,,,CT,,,070030000,JACKSONVILLE,FL,US,,100310660,100310660,ShipTo,District,NOT APPLICABLE,,,,,,,,,,,,,0,0,Tax,,ZeroRated,17.29,0
,,,,2024-06-18+17:13:10,2024-06-19+00:00,Amazon.com,,AFN,,,SHIPMENT,MarketplaceFacilitator,Amazon,,1,USD,,,,17.29,FALSE,17.29,0,1.34,,,OH,,,360890000,SAN CLEMENTE,CA,US,,050593010,050593010,ShipTo,State,CA,,,,,,,,,,,,,1.03,0.06,Tax,Sales and Use Tax,Taxable,0,17.29
,,,,2024-06-18+17:13:10,2024-06-19+00:00,Amazon.com,,AFN,,,SHIPMENT,MarketplaceFacilitator,Amazon,,1,USD,,,,17.29,FALSE,17.29,,,,,OH,,,360890000,SAN CLEMENTE,CA,US,,050593010,050593010,ShipTo,City,NOT APPLICABLE,,,,,,,,,,,,,0,0,Tax,,ZeroRated,17.29,0
,,,,2024-06-18+17:13:10,2024-06-19+00:00,Amazon.com,,AFN,,,SHIPMENT,MarketplaceFacilitator,Amazon,,1,USD,,,,17.29,FALSE,17.29,,,,,OH,,,360890000,SAN CLEMENTE,CA,US,,050593010,050593010,ShipTo,County,ORANGE,,,,,,,,,,,,,0.22,0.0125,Tax,Local Sales and Use Tax,Taxable,0,17.29
,,,,2024-06-18+17:13:10,2024-06-19+00:00,Amazon.com,,AFN,,,SHIPMENT,MarketplaceFacilitator,Amazon,,1,USD,,,,17.29,FALSE,17.29,,,,,OH,,,360890000,SAN CLEMENTE,CA,US,,050593010,050593010,ShipTo,District,TRANSPORTATION AUTHORITY (OCTA),,,,,,,,,,,,,0.09,0.005,Tax,Local Sales and Use Tax,Taxable,0,17.29
,,,,2024-06-19+12:59:43,2024-06-19+00:00,Amazon.com,,AFN,,,SHIPMENT,MarketplaceFacilitator,Amazon,,1,USD,,,,17.29,FALSE,17.29,0,1.53,,,NY,,,330550000,BRONX,NY,US,,330052010,330052010,ShipTo,State,NY,,,,,,,,,,,,,0.69,0.04,Tax,Sales and Compensating Use Tax,Taxable,0,17.29
,,,,2024-06-19+12:59:43,2024-06-19+00:00,Amazon.com,,AFN,,,SHIPMENT,MarketplaceFacilitator,Amazon,,1,USD,,,,17.29,FALSE,17.29,,,,,NY,,,330550000,BRONX,NY,US,,330052010,330052010,ShipTo,City,NEW YORK,,,,,,,,,,,,,0.78,0.045,Tax,Local Sales and Use Tax,Taxable,0,17.29
,,,,2024-06-19+12:59:43,2024-06-19+00:00,Amazon.com,,AFN,,,SHIPMENT,MarketplaceFacilitator,Amazon,,1,USD,,,,17.29,FALSE,17.29,,,,,NY,,,330550000,BRONX,NY,US,,330052010,330052010,ShipTo,County,NOT APPLICABLE,,,,,,,,,,,,,0,0,Tax,,ZeroRated,17.29,0
,,,,2024-06-19+12:59:43,2024-06-19+00:00,Amazon.com,,AFN,,,SHIPMENT,MarketplaceFacilitator,Amazon,,1,USD,,,,17.29,FALSE,17.29,,,,,NY,,,330550000,BRONX,NY,US,,330052010,330052010,ShipTo,District,METROPOLITAN COMMUTER TRANSPORTATION DISTRICT,,,,,,,,,,,,,0.06,0.00375,Tax,Metropolitan Commuter Transportation District,Taxable,0,17.29
,,,,2024-06-19+13:46:08,2024-06-19+00:00,Amazon.com,,AFN,,,SHIPMENT,MarketplaceFacilitator,Amazon,,1,USD,,,,17.29,FALSE,17.29,0,1.43,,,TX,,,440292570,NOLANVILLE,TX,US,,440277880,440277880,ShipTo,State,TX,,,,,,,,,,,,,1.08,0.0625,Tax,Sales and Use Tax,Taxable,0,17.29
,,,,2024-06-19+13:46:08,2024-06-19+00:00,Amazon.com,,AFN,,,SHIPMENT,MarketplaceFacilitator,Amazon,,1,USD,,,,17.29,FALSE,17.29,,,,,TX,,,440292570,NOLANVILLE,TX,US,,440277880,440277880,ShipTo,City,NOLANVILLE,,,,,,,,,,,,,0.26,0.015,Tax,Local Sales and Use Tax,Taxable,0,17.29
,,,,2024-06-19+13:46:08,2024-06-19+00:00,Amazon.com,,AFN,,,SHIPMENT,MarketplaceFacilitator,Amazon,,1,USD,,,,17.29,FALSE,17.29,,,,,TX,,,440292570,NOLANVILLE,TX,US,,440277880,440277880,ShipTo,County,BELL,,,,,,,,,,,,,0.09,0.005,Tax,Local Sales and Use Tax,Taxable,0,17.29
,,,,2024-06-19+13:46:08,2024-06-19+00:00,Amazon.com,,AFN,,,SHIPMENT,MarketplaceFacilitator,Amazon,,1,USD,,,,17.29,FALSE,17.29,,,,,TX,,,440292570,NOLANVILLE,TX,US,,440277880,440277880,ShipTo,District,NOT APPLICABLE,,,,,,,,,,,,,0,0,Tax,,ZeroRated,17.29,0
,,,,2024-06-19+14:35:22,2024-06-20+00:00,Amazon.com,,AFN,,,SHIPMENT,MarketplaceFacilitator,Amazon,,1,USD,,,,17.29,FALSE,17.29,0,1.21,,,IL,,,140311790,WAYNE,IL,US,,140895005,140895005,ShipTo,State,IL,,,,,,,,,,,,,1.08,0.0625,Tax,Retailers'/Service Occupation and Use/Service Use Tax,Taxable,0,17.29
,,,,2024-06-19+14:35:22,2024-06-20+00:00,Amazon.com,,AFN,,,SHIPMENT,MarketplaceFacilitator,Amazon,,1,USD,,,,17.29,FALSE,17.29,,,,,IL,,,140311790,WAYNE,IL,US,,140895005,140895005,ShipTo,City,NOT APPLICABLE,,,,,,,,,,,,,0,0,Tax,,ZeroRated,17.29,0
,,,,2024-06-19+14:35:22,2024-06-20+00:00,Amazon.com,,AFN,,,SHIPMENT,MarketplaceFacilitator,Amazon,,1,USD,,,,17.29,FALSE,17.29,,,,,IL,,,140311790,WAYNE,IL,US,,140895005,140895005,ShipTo,County,NOT APPLICABLE,,,,,,,,,,,,,0,0,Tax,,ZeroRated,17.29,0
,,,,2024-06-19+14:35:22,2024-06-20+00:00,Amazon.com,,AFN,,,SHIPMENT,MarketplaceFacilitator,Amazon,,1,USD,,,,17.29,FALSE,17.29,,,,,IL,,,140311790,WAYNE,IL,US,,140895005,140895005,ShipTo,District,"REGIONAL TRANSPORTATION AUTHORITY (KANE,LAKE,MCHENRY,WILL)",,,,,,,,,,,,,0.13,0.0075,Tax,Local Sales and Use Tax,Taxable,0,17.29
,,,,2024-06-20+23:43:13,2024-06-21+00:00,Amazon.com,,AFN,,,SHIPMENT,MarketplaceFacilitator,Amazon,,1,USD,,,,16.99,FALSE,16.99,0,1.02,,,OH,,,361732180,ROMEO,MI,US,,230991540,230991540,ShipTo,State,MI,,,,,,,,,,,,,1.02,0.06,Tax,Sales and Use Tax,Taxable,0,16.99
,,,,2024-06-20+23:43:13,2024-06-21+00:00,Amazon.com,,AFN,,,SHIPMENT,MarketplaceFacilitator,Amazon,,1,USD,,,,16.99,FALSE,16.99,,,,,OH,,,361732180,ROMEO,MI,US,,230991540,230991540,ShipTo,City,NOT APPLICABLE,,,,,,,,,,,,,0,0,Tax,,ZeroRated,16.99,0
,,,,2024-06-20+23:43:13,2024-06-21+00:00,Amazon.com,,AFN,,,SHIPMENT,MarketplaceFacilitator,Amazon,,1,USD,,,,16.99,FALSE,16.99,,,,,OH,,,361732180,ROMEO,MI,US,,230991540,230991540,ShipTo,County,NOT APPLICABLE,,,,,,,,,,,,,0,0,Tax,,ZeroRated,16.99,0
,,,,2024-06-20+23:43:13,2024-06-21+00:00,Amazon.com,,AFN,,,SHIPMENT,MarketplaceFacilitator,Amazon,,1,USD,,,,16.99,FALSE,16.99,,,,,OH,,,361732180,ROMEO,MI,US,,230991540,230991540,ShipTo,District,NOT APPLICABLE,,,,,,,,,,,,,0,0,Tax,,ZeroRated,16.99,0
,,,,2024-06-20+23:43:13,2024-06-21+00:00,Amazon.com,,AFN,,,SHIPMENT,MarketplaceFacilitator,Amazon,,1,USD,,,,3.26,FALSE,3.26,0,0,,,OH,,,361732180,ROMEO,MI,US,,230991540,230991540,ShipTo,State,MI,,,Y,0,0,-3.26,PromotionIdAndCouponCode,0,,Self Funded,ReductionInTaxableBasis,,0,0,Tax,Sales and Use Tax,NonTaxable,0,0
,,,,2024-06-20+23:43:13,2024-06-21+00:00,Amazon.com,,AFN,,,SHIPMENT,MarketplaceFacilitator,Amazon,,1,USD,,,,3.26,FALSE,3.26,,,,,OH,,,361732180,ROMEO,MI,US,,230991540,230991540,ShipTo,City,NOT APPLICABLE,,,Y,0,0,-3.26,PromotionIdAndCouponCode,0,,Self Funded,ReductionInTaxableBasis,,0,0,Tax,,NonTaxable,0,0
,,,,2024-06-20+23:43:13,2024-06-21+00:00,Amazon.com,,AFN,,,SHIPMENT,MarketplaceFacilitator,Amazon,,1,USD,,,,3.26,FALSE,3.26,,,,,OH,,,361732180,ROMEO,MI,US,,230991540,230991540,ShipTo,County,NOT APPLICABLE,,,Y,0,0,-3.26,PromotionIdAndCouponCode,0,,Self Funded,ReductionInTaxableBasis,,0,0,Tax,,NonTaxable,0,0
,,,,2024-06-20+23:43:13,2024-06-21+00:00,Amazon.com,,AFN,,,SHIPMENT,MarketplaceFacilitator,Amazon,,1,USD,,,,3.26,FALSE,3.26,,,,,OH,,,361732180,ROMEO,MI,US,,230991540,230991540,ShipTo,District,NOT APPLICABLE,,,Y,0,0,-3.26,PromotionIdAndCouponCode,0,,Self Funded,ReductionInTaxableBasis,,0,0,Tax,,NonTaxable,0,0
,,,,2024-06-21+13:56:04,2024-06-21+00:00,Amazon.com,,AFN,,,SHIPMENT,MarketplaceFacilitator,Amazon,,1,USD,,,,16.99,FALSE,16.99,0,1.23,,,MI,,,231630380,WILMINGTON,OH,US,,360272850,360272850,ShipTo,State,OH,,,,,,,,,,,,,0.98,0.0575,Tax,Sales and Use Tax,Taxable,0,16.99
,,,,2024-06-21+13:56:04,2024-06-21+00:00,Amazon.com,,AFN,,,SHIPMENT,MarketplaceFacilitator,Amazon,,1,USD,,,,16.99,FALSE,16.99,,,,,MI,,,231630380,WILMINGTON,OH,US,,360272850,360272850,ShipTo,City,NOT APPLICABLE,,,,,,,,,,,,,0,0,Tax,,ZeroRated,16.99,0
,,,,2024-06-21+13:56:04,2024-06-21+00:00,Amazon.com,,AFN,,,SHIPMENT,MarketplaceFacilitator,Amazon,,1,USD,,,,16.99,FALSE,16.99,,,,,MI,,,231630380,WILMINGTON,OH,US,,360272850,360272850,ShipTo,County,CLINTON,,,,,,,,,,,,,0.25,0.015,Tax,Local Sales and Use Tax,Taxable,0,16.99
,,,,2024-06-21+13:56:04,2024-06-21+00:00,Amazon.com,,AFN,,,SHIPMENT,MarketplaceFacilitator,Amazon,,1,USD,,,,16.99,FALSE,16.99,,,,,MI,,,231630380,WILMINGTON,OH,US,,360272850,360272850,ShipTo,District,NOT APPLICABLE,,,,,,,,,,,,,0,0,Tax,,ZeroRated,16.99,0
,,,,2024-06-21+13:56:04,2024-06-21+00:00,Amazon.com,,AFN,,,SHIPMENT,MarketplaceFacilitator,Amazon,,1,USD,,,,3.08,FALSE,3.08,0,0.22,,,MI,,,231630380,WILMINGTON,OH,US,,360272850,360272850,ShipTo,State,OH,,,,,,,,,,,,,0.17,0.0575,Tax,Sales and Use Tax,Taxable,0,3.08
,,,,2024-06-21+13:56:04,2024-06-21+00:00,Amazon.com,,AFN,,,SHIPMENT,MarketplaceFacilitator,Amazon,,1,USD,,,,3.08,FALSE,3.08,,,,,MI,,,231630380,WILMINGTON,OH,US,,360272850,360272850,ShipTo,City,NOT APPLICABLE,,,,,,,,,,,,,0,0,Tax,,ZeroRated,3.08,0
,,,,2024-06-21+13:56:04,2024-06-21+00:00,Amazon.com,,AFN,,,SHIPMENT,MarketplaceFacilitator,Amazon,,1,USD,,,,3.08,FALSE,3.08,,,,,MI,,,231630380,WILMINGTON,OH,US,,360272850,360272850,ShipTo,County,CLINTON,,,,,,,,,,,,,0.05,0.015,Tax,Local Sales and Use Tax,Taxable,0,3.08
,,,,2024-06-21+13:56:04,2024-06-21+00:00,Amazon.com,,AFN,,,SHIPMENT,MarketplaceFacilitator,Amazon,,1,USD,,,,3.08,FALSE,3.08,,,,,MI,,,231630380,WILMINGTON,OH,US,,360272850,360272850,ShipTo,District,NOT APPLICABLE,,,,,,,,,,,,,0,0,Tax,,ZeroRated,3.08,0
,,,,2024-06-21+20:42:25,2024-06-22+00:00,Amazon.com,,AFN,,,SHIPMENT,MarketplaceFacilitator,Amazon,,1,USD,,,,16.99,FALSE,16.99,0,1.32,,,CA,,,470590000,ALPINE,CA,US,,050730000,050730000,ShipTo,State,CA,,,,,,,,,,,,,1.02,0.06,Tax,Sales and Use Tax,Taxable,0,16.99
,,,,2024-06-21+20:42:25,2024-06-22+00:00,Amazon.com,,AFN,,,SHIPMENT,MarketplaceFacilitator,Amazon,,1,USD,,,,16.99,FALSE,16.99,,,,,CA,,,470590000,ALPINE,CA,US,,050730000,050730000,ShipTo,City,NOT APPLICABLE,,,,,,,,,,,,,0,0,Tax,,ZeroRated,16.99,0
,,,,2024-06-21+20:42:25,2024-06-22+00:00,Amazon.com,,AFN,,,SHIPMENT,MarketplaceFacilitator,Amazon,,1,USD,,,,16.99,FALSE,16.99,,,,,CA,,,470590000,ALPINE,CA,US,,050730000,050730000,ShipTo,County,SAN DIEGO,,,,,,,,,,,,,0.21,0.0125,Tax,Local Sales and Use Tax,Taxable,0,16.99
,,,,2024-06-21+20:42:25,2024-06-22+00:00,Amazon.com,,AFN,,,SHIPMENT,MarketplaceFacilitator,Amazon,,1,USD,,,,16.99,FALSE,16.99,,,,,CA,,,470590000,ALPINE,CA,US,,050730000,050730000,ShipTo,District,REGIONAL TRANSPORTATION COMMISSION (SDCT),,,,,,,,,,,,,0.09,0.005,Tax,Local Sales and Use Tax,Taxable,0,16.99
,,,,2024-06-22+01:35:07,2024-06-22+00:00,Amazon.com,,AFN,,,SHIPMENT,MarketplaceFacilitator,Amazon,,1,USD,,,,16.99,FALSE,16.99,0,1.5,,,OH,,,360350780,DENVER,CO,US,,060310140,060310140,ShipTo,State,CO,,,,,,,,,,,,,0.49,0.029,Tax,Sales and Use Tax,Taxable,0,16.99
,,,,2024-06-22+01:35:07,2024-06-22+00:00,Amazon.com,,AFN,,,SHIPMENT,MarketplaceFacilitator,Amazon,,1,USD,,,,16.99,FALSE,16.99,,,,,OH,,,360350780,DENVER,CO,US,,060310140,060310140,ShipTo,City,DENVER,,,,,,,,,,,,,0.82,0.0481,Tax,Local Sales and Use Tax,Taxable,0,16.99
,,,,2024-06-22+01:35:07,2024-06-22+00:00,Amazon.com,,AFN,,,SHIPMENT,MarketplaceFacilitator,Amazon,,1,USD,,,,16.99,FALSE,16.99,,,,,OH,,,360350780,DENVER,CO,US,,060310140,060310140,ShipTo,County,NOT APPLICABLE,,,,,,,,,,,,,0,0,Tax,,ZeroRated,16.99,0
,,,,2024-06-22+01:35:07,2024-06-22+00:00,Amazon.com,,AFN,,,SHIPMENT,MarketplaceFacilitator,Amazon,,1,USD,,,,16.99,FALSE,16.99,,,,,OH,,,360350780,DENVER,CO,US,,060310140,060310140,ShipTo,District,REGIONAL TRANSPORTATION DISTRICT,,,,,,,,,,,,,0.17,0.01,Tax,Local Sales and Use Tax,Taxable,0,16.99
,,,,2024-06-22+01:35:07,2024-06-22+00:00,Amazon.com,,AFN,,,SHIPMENT,MarketplaceFacilitator,Amazon,,1,USD,,,,16.99,FALSE,16.99,,,,,OH,,,360350780,DENVER,CO,US,,060310140,060310140,ShipTo,District,SCIENTIFIC AND CULTURAL FACILITIES DISTRICT,,,,,,,,,,,,,0.02,0.001,Tax,Local Sales and Use Tax,Taxable,0,16.99
,,,,2024-06-22+14:03:54,2024-06-22+00:00,Amazon.com,,AFN,,,SHIPMENT,MarketplaceFacilitator,Amazon,,1,USD,,,,16.99,FALSE,16.99,0,1.19,,,MI,,,231630380,KOKOMO,IN,US,,150670720,150670720,ShipTo,State,IN,,,,,,,,,,,,,1.19,0.07,Tax,Gross Retail and Use Tax,Taxable,0,16.99
,,,,2024-06-22+14:03:54,2024-06-22+00:00,Amazon.com,,AFN,,,SHIPMENT,MarketplaceFacilitator,Amazon,,1,USD,,,,16.99,FALSE,16.99,,,,,MI,,,231630380,KOKOMO,IN,US,,150670720,150670720,ShipTo,City,NOT APPLICABLE,,,,,,,,,,,,,0,0,Tax,,ZeroRated,16.99,0
,,,,2024-06-22+14:03:54,2024-06-22+00:00,Amazon.com,,AFN,,,SHIPMENT,MarketplaceFacilitator,Amazon,,1,USD,,,,16.99,FALSE,16.99,,,,,MI,,,231630380,KOKOMO,IN,US,,150670720,150670720,ShipTo,County,NOT APPLICABLE,,,,,,,,,,,,,0,0,Tax,,ZeroRated,16.99,0
,,,,2024-06-22+14:03:54,2024-06-22+00:00,Amazon.com,,AFN,,,SHIPMENT,MarketplaceFacilitator,Amazon,,1,USD,,,,16.99,FALSE,16.99,,,,,MI,,,231630380,KOKOMO,IN,US,,150670720,150670720,ShipTo,District,NOT APPLICABLE,,,,,,,,,,,,,0,0,Tax,,ZeroRated,16.99,0
,,,,2024-06-22+17:09:54,2024-06-22+00:00,Amazon.com,,AFN,,,SHIPMENT,MarketplaceFacilitator,Amazon,,1,USD,,,,16.99,FALSE,16.99,0,1.08,,,OH,,,360974726,MANCHESTER,CT,US,,070030000,070030000,ShipTo,State,CT,,,,,,,,,,,,,1.08,0.0635,Tax,Sales and Use Tax,Taxable,0,16.99
,,,,2024-06-22+17:09:54,2024-06-22+00:00,Amazon.com,,AFN,,,SHIPMENT,MarketplaceFacilitator,Amazon,,1,USD,,,,16.99,FALSE,16.99,,,,,OH,,,360974726,MANCHESTER,CT,US,,070030000,070030000,ShipTo,City,NOT APPLICABLE,,,,,,,,,,,,,0,0,Tax,,ZeroRated,16.99,0
,,,,2024-06-22+17:09:54,2024-06-22+00:00,Amazon.com,,AFN,,,SHIPMENT,MarketplaceFacilitator,Amazon,,1,USD,,,,16.99,FALSE,16.99,,,,,OH,,,360974726,MANCHESTER,CT,US,,070030000,070030000,ShipTo,County,NOT APPLICABLE,,,,,,,,,,,,,0,0,Tax,,ZeroRated,16.99,0
,,,,2024-06-22+17:09:54,2024-06-22+00:00,Amazon.com,,AFN,,,SHIPMENT,MarketplaceFacilitator,Amazon,,1,USD,,,,16.99,FALSE,16.99,,,,,OH,,,360974726,MANCHESTER,CT,US,,070030000,070030000,ShipTo,District,NOT APPLICABLE,,,,,,,,,,,,,0,0,Tax,,ZeroRated,16.99,0
,,,,2024-06-23+05:05:06,2024-06-23+00:00,Amazon.com,,AFN,,,SHIPMENT,MarketplaceFacilitator,Amazon,,1,USD,,,,16.99,FALSE,16.99,0,1.08,,,IL,,,470590000,SPRINGFIELD,MO,US,,260771210,260771210,ShipTo,State,MO,,,,,,,,,,,,,0.72,0.04225,Tax,Sales and Use Tax,Taxable,0,16.99
,,,,2024-06-23+05:05:06,2024-06-23+00:00,Amazon.com,,AFN,,,SHIPMENT,MarketplaceFacilitator,Amazon,,1,USD,,,,16.99,FALSE,16.99,,,,,IL,,,470590000,SPRINGFIELD,MO,US,,260771210,260771210,ShipTo,City,SPRINGFIELD,,,,,,,,,,,,,0.36,0.02125,Tax,Local Sales and Use Tax,Taxable,0,16.99
,,,,2024-06-23+05:05:06,2024-06-23+00:00,Amazon.com,,AFN,,,SHIPMENT,MarketplaceFacilitator,Amazon,,1,USD,,,,16.99,FALSE,16.99,,,,,IL,,,470590000,SPRINGFIELD,MO,US,,260771210,260771210,ShipTo,County,NOT APPLICABLE,,,,,,,,,,,,,0,0,Tax,,ZeroRated,16.99,0
,,,,2024-06-23+05:05:06,2024-06-23+00:00,Amazon.com,,AFN,,,SHIPMENT,MarketplaceFacilitator,Amazon,,1,USD,,,,16.99,FALSE,16.99,,,,,IL,,,470590000,SPRINGFIELD,MO,US,,260771210,260771210,ShipTo,District,NOT APPLICABLE,,,,,,,,,,,,,0,0,Tax,,ZeroRated,16.99,0
,,,,2024-06-23+13:12:11,2024-06-23+00:00,Amazon.com,,AFN,,,SHIPMENT,MarketplaceFacilitator,Amazon,,1,USD,,,,16.99,FALSE,16.99,0,1.08,,,MD,,,210050000,COVENTRY,CT,US,,070130000,070130000,ShipTo,State,CT,,,,,,,,,,,,,1.08,0.0635,Tax,Sales and Use Tax,Taxable,0,16.99
,,,,2024-06-23+13:12:11,2024-06-23+00:00,Amazon.com,,AFN,,,SHIPMENT,MarketplaceFacilitator,Amazon,,1,USD,,,,16.99,FALSE,16.99,,,,,MD,,,210050000,COVENTRY,CT,US,,070130000,070130000,ShipTo,City,NOT APPLICABLE,,,,,,,,,,,,,0,0,Tax,,ZeroRated,16.99,0
,,,,2024-06-23+13:12:11,2024-06-23+00:00,Amazon.com,,AFN,,,SHIPMENT,MarketplaceFacilitator,Amazon,,1,USD,,,,16.99,FALSE,16.99,,,,,MD,,,210050000,COVENTRY,CT,US,,070130000,070130000,ShipTo,County,NOT APPLICABLE,,,,,,,,,,,,,0,0,Tax,,ZeroRated,16.99,0
,,,,2024-06-23+13:12:11,2024-06-23+00:00,Amazon.com,,AFN,,,SHIPMENT,MarketplaceFacilitator,Amazon,,1,USD,,,,16.99,FALSE,16.99,,,,,MD,,,210050000,COVENTRY,CT,US,,070130000,070130000,ShipTo,District,NOT APPLICABLE,,,,,,,,,,,,,0,0,Tax,,ZeroRated,16.99,0
,,,,2024-06-23+19:46:28,2024-06-24+00:00,Amazon.com,,AFN,,,SHIPMENT,MarketplaceFacilitator,Amazon,,1,USD,,,,16.99,FALSE,16.99,0,1.44,,,CA,,,470590000,VISALIA,CA,US,,051073690,051073690,ShipTo,State,CA,,,,,,,,,,,,,1.02,0.06,Tax,Sales and Use Tax,Taxable,0,16.99
,,,,2024-06-23+19:46:28,2024-06-24+00:00,Amazon.com,,AFN,,,SHIPMENT,MarketplaceFacilitator,Amazon,,1,USD,,,,16.99,FALSE,16.99,,,,,CA,,,470590000,VISALIA,CA,US,,051073690,051073690,ShipTo,City,NOT APPLICABLE,,,,,,,,,,,,,0,0,Tax,,ZeroRated,16.99,0
,,,,2024-06-23+19:46:28,2024-06-24+00:00,Amazon.com,,AFN,,,SHIPMENT,MarketplaceFacilitator,Amazon,,1,USD,,,,16.99,FALSE,16.99,,,,,CA,,,470590000,VISALIA,CA,US,,051073690,051073690,ShipTo,County,TULARE,,,,,,,,,,,,,0.21,0.0125,Tax,Local Sales and Use Tax,Taxable,0,16.99
,,,,2024-06-23+19:46:28,2024-06-24+00:00,Amazon.com,,AFN,,,SHIPMENT,MarketplaceFacilitator,Amazon,,1,USD,,,,16.99,FALSE,16.99,,,,,CA,,,470590000,VISALIA,CA,US,,051073690,051073690,ShipTo,District,PUBLIC SAFETY TRANSACTIONS AND USE TAX (VPST),,,,,,,,,,,,,0.04,0.0025,Tax,Local Sales and Use Tax,Taxable,0,16.99
,,,,2024-06-23+19:46:28,2024-06-24+00:00,Amazon.com,,AFN,,,SHIPMENT,MarketplaceFacilitator,Amazon,,1,USD,,,,16.99,FALSE,16.99,,,,,CA,,,470590000,VISALIA,CA,US,,051073690,051073690,ShipTo,District,TRANSACTIONS AND USE TAX (TCTA),,,,,,,,,,,,,0.09,0.005,Tax,Local Sales and Use Tax,Taxable,0,16.99
,,,,2024-06-23+19:46:28,2024-06-24+00:00,Amazon.com,,AFN,,,SHIPMENT,MarketplaceFacilitator,Amazon,,1,USD,,,,16.99,FALSE,16.99,,,,,CA,,,470590000,VISALIA,CA,US,,051073690,051073690,ShipTo,District,TRANSACTIONS AND USE TAX (VISG),,,,,,,,,,,,,0.08,0.005,Tax,Local Sales and Use Tax,Taxable,0,16.99
,,,,2024-06-25+04:32:06,2024-06-25+00:00,Amazon.com,,AFN,,,SHIPMENT,MarketplaceFacilitator,Amazon,,1,USD,,,,15.99,FALSE,15.99,0,1.12,,,MD,,,210050000,Spencer,NC,US,,341591070,341591070,ShipTo,State,NC,,,,,,,,,,,,,0.76,0.0475,Tax,Sales and Use Tax,Taxable,0,15.99
,,,,2024-06-25+04:32:06,2024-06-25+00:00,Amazon.com,,AFN,,,SHIPMENT,MarketplaceFacilitator,Amazon,,1,USD,,,,15.99,FALSE,15.99,,,,,MD,,,210050000,Spencer,NC,US,,341591070,341591070,ShipTo,City,NOT APPLICABLE,,,,,,,,,,,,,0,0,Tax,,ZeroRated,15.99,0
,,,,2024-06-25+04:32:06,2024-06-25+00:00,Amazon.com,,AFN,,,SHIPMENT,MarketplaceFacilitator,Amazon,,1,USD,,,,15.99,FALSE,15.99,,,,,MD,,,210050000,Spencer,NC,US,,341591070,341591070,ShipTo,County,ROWAN,,,,,,,,,,,,,0.36,0.0225,Tax,Local Sales and Use Tax,Taxable,0,15.99
,,,,2024-06-25+04:32:06,2024-06-25+00:00,Amazon.com,,AFN,,,SHIPMENT,MarketplaceFacilitator,Amazon,,1,USD,,,,15.99,FALSE,15.99,,,,,MD,,,210050000,Spencer,NC,US,,341591070,341591070,ShipTo,District,NOT APPLICABLE,,,,,,,,,,,,,0,0,Tax,,ZeroRated,15.99,0
,,,,2024-06-25+13:02:16,2024-06-25+00:00,Amazon.com,,AFN,,,SHIPMENT,MarketplaceFacilitator,Amazon,,1,USD,,,,15.99,FALSE,15.99,0,1.12,,,IN,,,150112129,RUSSIAVILLE,IN,US,,150670000,150670000,ShipTo,State,IN,,,,,,,,,,,,,1.12,0.07,Tax,Gross Retail and Use Tax,Taxable,0,15.99
,,,,2024-06-25+13:02:16,2024-06-25+00:00,Amazon.com,,AFN,,,SHIPMENT,MarketplaceFacilitator,Amazon,,1,USD,,,,15.99,FALSE,15.99,,,,,IN,,,150112129,RUSSIAVILLE,IN,US,,150670000,150670000,ShipTo,City,NOT APPLICABLE,,,,,,,,,,,,,0,0,Tax,,ZeroRated,15.99,0
,,,,2024-06-25+13:02:16,2024-06-25+00:00,Amazon.com,,AFN,,,SHIPMENT,MarketplaceFacilitator,Amazon,,1,USD,,,,15.99,FALSE,15.99,,,,,IN,,,150112129,RUSSIAVILLE,IN,US,,150670000,150670000,ShipTo,County,NOT APPLICABLE,,,,,,,,,,,,,0,0,Tax,,ZeroRated,15.99,0
,,,,2024-06-25+13:02:16,2024-06-25+00:00,Amazon.com,,AFN,,,SHIPMENT,MarketplaceFacilitator,Amazon,,1,USD,,,,15.99,FALSE,15.99,,,,,IN,,,150112129,RUSSIAVILLE,IN,US,,150670000,150670000,ShipTo,District,NOT APPLICABLE,,,,,,,,,,,,,0,0,Tax,,ZeroRated,15.99,0
,,,,2024-06-25+10:14:15,2024-06-25+00:00,Amazon.com,,AFN,,,SHIPMENT,MarketplaceFacilitator,Amazon,,1,USD,,,,15.99,FALSE,15.99,0,1.28,,,CA,,,050191300,HIGHLAND PARK,IL,US,,140971310,140971310,ShipTo,State,IL,,,,,,,,,,,,,1,0.0625,Tax,Retailers'/Service Occupation and Use/Service Use Tax,Taxable,0,15.99
,,,,2024-06-25+10:14:15,2024-06-25+00:00,Amazon.com,,AFN,,,SHIPMENT,MarketplaceFacilitator,Amazon,,1,USD,,,,15.99,FALSE,15.99,,,,,CA,,,050191300,HIGHLAND PARK,IL,US,,140971310,140971310,ShipTo,City,HIGHLAND PARK,,,,,,,,,,,,,0.16,0.01,Tax,Local Sales Tax,Taxable,0,15.99
,,,,2024-06-25+10:14:15,2024-06-25+00:00,Amazon.com,,AFN,,,SHIPMENT,MarketplaceFacilitator,Amazon,,1,USD,,,,15.99,FALSE,15.99,,,,,CA,,,050191300,HIGHLAND PARK,IL,US,,140971310,140971310,ShipTo,County,NOT APPLICABLE,,,,,,,,,,,,,0,0,Tax,,ZeroRated,15.99,0
,,,,2024-06-25+10:14:15,2024-06-25+00:00,Amazon.com,,AFN,,,SHIPMENT,MarketplaceFacilitator,Amazon,,1,USD,,,,15.99,FALSE,15.99,,,,,CA,,,050191300,HIGHLAND PARK,IL,US,,140971310,140971310,ShipTo,District,"REGIONAL TRANSPORTATION AUTHORITY (KANE,LAKE,MCHENRY,WILL)",,,,,,,,,,,,,0.12,0.0075,Tax,Local Sales and Use Tax,Taxable,0,15.99
,,,,2024-06-26+12:16:22,2024-06-26+00:00,Amazon.com,,AFN,,,SHIPMENT,MarketplaceFacilitator,Amazon,,1,USD,,,,15.99,FALSE,15.99,0,1,,,NY,,,330670000,KINGSTON,MA,US,,220233390,220233390,ShipTo,State,MA,,,,,,,,,,,,,1,0.0625,Tax,Sales and Use Tax,Taxable,0,15.99
,,,,2024-06-26+12:16:22,2024-06-26+00:00,Amazon.com,,AFN,,,SHIPMENT,MarketplaceFacilitator,Amazon,,1,USD,,,,15.99,FALSE,15.99,,,,,NY,,,330670000,KINGSTON,MA,US,,220233390,220233390,ShipTo,City,NOT APPLICABLE,,,,,,,,,,,,,0,0,Tax,,ZeroRated,15.99,0
,,,,2024-06-26+12:16:22,2024-06-26+00:00,Amazon.com,,AFN,,,SHIPMENT,MarketplaceFacilitator,Amazon,,1,USD,,,,15.99,FALSE,15.99,,,,,NY,,,330670000,KINGSTON,MA,US,,220233390,220233390,ShipTo,County,NOT APPLICABLE,,,,,,,,,,,,,0,0,Tax,,ZeroRated,15.99,0
,,,,2024-06-26+12:16:22,2024-06-26+00:00,Amazon.com,,AFN,,,SHIPMENT,MarketplaceFacilitator,Amazon,,1,USD,,,,15.99,FALSE,15.99,,,,,NY,,,330670000,KINGSTON,MA,US,,220233390,220233390,ShipTo,District,NOT APPLICABLE,,,,,,,,,,,,,0,0,Tax,,ZeroRated,15.99,0
,,,,2024-06-26+20:05:41,2024-06-27+00:00,Amazon.com,,AFN,,,SHIPMENT,MarketplaceFacilitator,Amazon,,1,USD,,,,16.99,FALSE,16.99,0,1.19,,,NJ,,,310215431,JOHNSTON,RI,US,,400070380,400070380,ShipTo,State,RI,,,,,,,,,,,,,1.19,0.07,Tax,Sales and Use Tax,Taxable,0,16.99
,,,,2024-06-26+20:05:41,2024-06-27+00:00,Amazon.com,,AFN,,,SHIPMENT,MarketplaceFacilitator,Amazon,,1,USD,,,,16.99,FALSE,16.99,,,,,NJ,,,310215431,JOHNSTON,RI,US,,400070380,400070380,ShipTo,City,NOT APPLICABLE,,,,,,,,,,,,,0,0,Tax,,ZeroRated,16.99,0
,,,,2024-06-26+20:05:41,2024-06-27+00:00,Amazon.com,,AFN,,,SHIPMENT,MarketplaceFacilitator,Amazon,,1,USD,,,,16.99,FALSE,16.99,,,,,NJ,,,310215431,JOHNSTON,RI,US,,400070380,400070380,ShipTo,County,NOT APPLICABLE,,,,,,,,,,,,,0,0,Tax,,ZeroRated,16.99,0
,,,,2024-06-26+20:05:41,2024-06-27+00:00,Amazon.com,,AFN,,,SHIPMENT,MarketplaceFacilitator,Amazon,,1,USD,,,,16.99,FALSE,16.99,,,,,NJ,,,310215431,JOHNSTON,RI,US,,400070380,400070380,ShipTo,District,NOT APPLICABLE,,,,,,,,,,,,,0,0,Tax,,ZeroRated,16.99,0
,,,,2024-06-26+14:29:55,2024-06-27+00:00,Amazon.com,,AFN,,,SHIPMENT,MarketplaceFacilitator,Amazon,,1,USD,,,,15.99,FALSE,15.99,0,1,,,MA,,,220093590,SCITUATE,MA,US,,220230890,220230890,ShipTo,State,MA,,,,,,,,,,,,,1,0.0625,Tax,Sales and Use Tax,Taxable,0,15.99
,,,,2024-06-26+14:29:55,2024-06-27+00:00,Amazon.com,,AFN,,,SHIPMENT,MarketplaceFacilitator,Amazon,,1,USD,,,,15.99,FALSE,15.99,,,,,MA,,,220093590,SCITUATE,MA,US,,220230890,220230890,ShipTo,City,NOT APPLICABLE,,,,,,,,,,,,,0,0,Tax,,ZeroRated,15.99,0
,,,,2024-06-26+14:29:55,2024-06-27+00:00,Amazon.com,,AFN,,,SHIPMENT,MarketplaceFacilitator,Amazon,,1,USD,,,,15.99,FALSE,15.99,,,,,MA,,,220093590,SCITUATE,MA,US,,220230890,220230890,ShipTo,County,NOT APPLICABLE,,,,,,,,,,,,,0,0,Tax,,ZeroRated,15.99,0
,,,,2024-06-26+14:29:55,2024-06-27+00:00,Amazon.com,,AFN,,,SHIPMENT,MarketplaceFacilitator,Amazon,,1,USD,,,,15.99,FALSE,15.99,,,,,MA,,,220093590,SCITUATE,MA,US,,220230890,220230890,ShipTo,District,NOT APPLICABLE,,,,,,,,,,,,,0,0,Tax,,ZeroRated,15.99,0
,,,,2024-06-26+21:31:53,2024-06-27+00:00,Amazon.com,,AFN,,,SHIPMENT,MarketplaceFacilitator,Amazon,,1,USD,,,,15.99,FALSE,15.99,0,1.2,,,UT,,,450350270,GOLDEN,CO,US,,060590230,060590230,ShipTo,State,CO,,,,,,,,,,,,,0.46,0.029,Tax,Sales and Use Tax,Taxable,0,15.99
,,,,2024-06-26+21:31:53,2024-06-27+00:00,Amazon.com,,AFN,,,SHIPMENT,MarketplaceFacilitator,Amazon,,1,USD,,,,15.99,FALSE,15.99,,,,,UT,,,450350270,GOLDEN,CO,US,,060590230,060590230,ShipTo,City,GOLDEN,,,,,,,,,,,,,0.48,0.03,Tax,Local Sales and Use Tax,Taxable,0,15.99
,,,,2024-06-26+21:31:53,2024-06-27+00:00,Amazon.com,,AFN,,,SHIPMENT,MarketplaceFacilitator,Amazon,,1,USD,,,,15.99,FALSE,15.99,,,,,UT,,,450350270,GOLDEN,CO,US,,060590230,060590230,ShipTo,County,JEFFERSON,,,,,,,,,,,,,0.08,0.005,Tax,Local Sales and Use Tax,Taxable,0,15.99
,,,,2024-06-26+21:31:53,2024-06-27+00:00,Amazon.com,,AFN,,,SHIPMENT,MarketplaceFacilitator,Amazon,,1,USD,,,,15.99,FALSE,15.99,,,,,UT,,,450350270,GOLDEN,CO,US,,060590230,060590230,ShipTo,District,REGIONAL TRANSPORTATION DISTRICT,,,,,,,,,,,,,0.16,0.01,Tax,Local Sales and Use Tax,Taxable,0,15.99
,,,,2024-06-26+21:31:53,2024-06-27+00:00,Amazon.com,,AFN,,,SHIPMENT,MarketplaceFacilitator,Amazon,,1,USD,,,,15.99,FALSE,15.99,,,,,UT,,,450350270,GOLDEN,CO,US,,060590230,060590230,ShipTo,District,SCIENTIFIC AND CULTURAL FACILITIES DISTRICT,,,,,,,,,,,,,0.02,0.001,Tax,Local Sales and Use Tax,Taxable,0,15.99
,,,,2024-06-26+21:13:03,2024-06-27+00:00,Amazon.com,,AFN,,,SHIPMENT,MarketplaceFacilitator,Amazon,,1,USD,,,,15.99,FALSE,15.99,0,1.06,,,NJ,,,310215431,MANASQUAN,NJ,US,,310256571,310256571,ShipTo,State,NJ,,,,,,,,,,,,,1.06,0.06625,Tax,Sales and Use Tax,Taxable,0,15.99
,,,,2024-06-26+21:13:03,2024-06-27+00:00,Amazon.com,,AFN,,,SHIPMENT,MarketplaceFacilitator,Amazon,,1,USD,,,,15.99,FALSE,15.99,,,,,NJ,,,310215431,MANASQUAN,NJ,US,,310256571,310256571,ShipTo,City,NOT APPLICABLE,,,,,,,,,,,,,0,0,Tax,,ZeroRated,15.99,0
,,,,2024-06-26+21:13:03,2024-06-27+00:00,Amazon.com,,AFN,,,SHIPMENT,MarketplaceFacilitator,Amazon,,1,USD,,,,15.99,FALSE,15.99,,,,,NJ,,,310215431,MANASQUAN,NJ,US,,310256571,310256571,ShipTo,County,NOT APPLICABLE,,,,,,,,,,,,,0,0,Tax,,ZeroRated,15.99,0
,,,,2024-06-26+21:13:03,2024-06-27+00:00,Amazon.com,,AFN,,,SHIPMENT,MarketplaceFacilitator,Amazon,,1,USD,,,,15.99,FALSE,15.99,,,,,NJ,,,310215431,MANASQUAN,NJ,US,,310256571,310256571,ShipTo,District,NOT APPLICABLE,,,,,,,,,,,,,0,0,Tax,,ZeroRated,15.99,0
,,,,2024-04-12+00:53:51,2024-06-27+00:00,Amazon.com,,AFN,,,REFUND,MarketplaceFacilitator,Amazon,,1,USD,,,,13.08,FALSE,-13.08,0,-0.83,,,NY,,,330550000,DANIELSON,CT,US,,070150100,070150100,ShipTo,State,CT,,,,,,,,,,,,,-0.83,0.0635,Tax,Sales and Use Tax,Taxable,0,-13.08
,,,,2024-04-12+00:53:51,2024-06-27+00:00,Amazon.com,,AFN,,,REFUND,MarketplaceFacilitator,Amazon,,1,USD,,,,13.08,FALSE,-13.08,,,,,NY,,,330550000,DANIELSON,CT,US,,070150100,070150100,ShipTo,City,NOT APPLICABLE,,,,,,,,,,,,,0,0,Tax,,ZeroRated,-13.08,0
,,,,2024-04-12+00:53:51,2024-06-27+00:00,Amazon.com,,AFN,,,REFUND,MarketplaceFacilitator,Amazon,,1,USD,,,,13.08,FALSE,-13.08,,,,,NY,,,330550000,DANIELSON,CT,US,,070150100,070150100,ShipTo,County,NOT APPLICABLE,,,,,,,,,,,,,0,0,Tax,,ZeroRated,-13.08,0
,,,,2024-04-12+00:53:51,2024-06-27+00:00,Amazon.com,,AFN,,,REFUND,MarketplaceFacilitator,Amazon,,1,USD,,,,13.08,FALSE,-13.08,,,,,NY,,,330550000,DANIELSON,CT,US,,070150100,070150100,ShipTo,District,NOT APPLICABLE,,,,,,,,,,,,,0,0,Tax,,ZeroRated,-13.08,0
,,,,2024-06-27+13:35:41,2024-06-28+00:00,Amazon.com,,AFN,,,SHIPMENT,MarketplaceFacilitator,Amazon,,1,USD,,,,0.37,FALSE,0.37,0,0,,,NC,,,341190170,CORNELIUS,NC,US,,341192503,341192503,ShipTo,State,NC,,,Y,0,0,-0.37,PromotionIdAndCouponCode,0,,Self Funded,ReductionInTaxableBasis,,0,0.0475,Tax,Sales and Use Tax,Taxable,0,0
,,,,2024-06-27+13:35:41,2024-06-28+00:00,Amazon.com,,AFN,,,SHIPMENT,MarketplaceFacilitator,Amazon,,1,USD,,,,0.37,FALSE,0.37,,,,,NC,,,341190170,CORNELIUS,NC,US,,341192503,341192503,ShipTo,City,NOT APPLICABLE,,,Y,0,0,-0.37,PromotionIdAndCouponCode,0,,Self Funded,ReductionInTaxableBasis,,0,0,Tax,,NonTaxable,0,0
,,,,2024-06-27+13:35:41,2024-06-28+00:00,Amazon.com,,AFN,,,SHIPMENT,MarketplaceFacilitator,Amazon,,1,USD,,,,0.37,FALSE,0.37,,,,,NC,,,341190170,CORNELIUS,NC,US,,341192503,341192503,ShipTo,County,MECKLENBURG,,,Y,0,0,-0.37,PromotionIdAndCouponCode,0,,Self Funded,ReductionInTaxableBasis,,0,0.02,Tax,Local Sales and Use Tax,Taxable,0,0
,,,,2024-06-27+13:35:41,2024-06-28+00:00,Amazon.com,,AFN,,,SHIPMENT,MarketplaceFacilitator,Amazon,,1,USD,,,,0.37,FALSE,0.37,,,,,NC,,,341190170,CORNELIUS,NC,US,,341192503,341192503,ShipTo,District,PUBLIC TRANSPORTATION AUTHORITY,,,Y,0,0,-0.37,PromotionIdAndCouponCode,0,,Self Funded,ReductionInTaxableBasis,,0,0.005,Tax,Local Sales and Use Tax,Taxable,0,0
,,,,2024-06-27+13:35:41,2024-06-28+00:00,Amazon.com,,AFN,,,SHIPMENT,MarketplaceFacilitator,Amazon,,1,USD,,,,15.99,FALSE,15.99,0,1.16,,,NC,,,341190170,CORNELIUS,NC,US,,341192503,341192503,ShipTo,State,NC,,,,,,,,,,,,,0.76,0.0475,Tax,Sales and Use Tax,Taxable,0,15.99
,,,,2024-06-27+13:35:41,2024-06-28+00:00,Amazon.com,,AFN,,,SHIPMENT,MarketplaceFacilitator,Amazon,,1,USD,,,,15.99,FALSE,15.99,,,,,NC,,,341190170,CORNELIUS,NC,US,,341192503,341192503,ShipTo,City,NOT APPLICABLE,,,,,,,,,,,,,0,0,Tax,,ZeroRated,15.99,0
,,,,2024-06-27+13:35:41,2024-06-28+00:00,Amazon.com,,AFN,,,SHIPMENT,MarketplaceFacilitator,Amazon,,1,USD,,,,15.99,FALSE,15.99,,,,,NC,,,341190170,CORNELIUS,NC,US,,341192503,341192503,ShipTo,County,MECKLENBURG,,,,,,,,,,,,,0.32,0.02,Tax,Local Sales and Use Tax,Taxable,0,15.99
,,,,2024-06-27+13:35:41,2024-06-28+00:00,Amazon.com,,AFN,,,SHIPMENT,MarketplaceFacilitator,Amazon,,1,USD,,,,15.99,FALSE,15.99,,,,,NC,,,341190170,CORNELIUS,NC,US,,341192503,341192503,ShipTo,District,PUBLIC TRANSPORTATION AUTHORITY,,,,,,,,,,,,,0.08,0.005,Tax,Local Sales and Use Tax,Taxable,0,15.99
,,,,2024-06-27+19:35:02,2024-06-28+00:00,Amazon.com,,AFN,,,SHIPMENT,MarketplaceFacilitator,Amazon,,1,USD,,,,15.99,FALSE,15.99,0,1.64,,,IL,,,140311790,CHICAGO,IL,US,,140310510,140310510,ShipTo,State,IL,,,,,,,,,,,,,1,0.0625,Tax,Retailers'/Service Occupation and Use/Service Use Tax,Taxable,0,15.99
,,,,2024-06-27+19:35:02,2024-06-28+00:00,Amazon.com,,AFN,,,SHIPMENT,MarketplaceFacilitator,Amazon,,1,USD,,,,15.99,FALSE,15.99,,,,,IL,,,140311790,CHICAGO,IL,US,,140310510,140310510,ShipTo,City,CHICAGO,,,,,,,,,,,,,0.2,0.0125,Tax,Local Sales and Use Tax,Taxable,0,15.99
,,,,2024-06-27+19:35:02,2024-06-28+00:00,Amazon.com,,AFN,,,SHIPMENT,MarketplaceFacilitator,Amazon,,1,USD,,,,15.99,FALSE,15.99,,,,,IL,,,140311790,CHICAGO,IL,US,,140310510,140310510,ShipTo,County,COOK,,,,,,,,,,,,,0.28,0.0175,Tax,Local Sales and Use Tax,Taxable,0,15.99
,,,,2024-06-27+19:35:02,2024-06-28+00:00,Amazon.com,,AFN,,,SHIPMENT,MarketplaceFacilitator,Amazon,,1,USD,,,,15.99,FALSE,15.99,,,,,IL,,,140311790,CHICAGO,IL,US,,140310510,140310510,ShipTo,District,REGIONAL TRANSPORTATION AUTHORITY (COOK),,,,,,,,,,,,,0.16,0.01,Tax,Local Sales and Use Tax,Taxable,0,15.99
,,,,2024-06-27+19:35:02,2024-06-28+00:00,Amazon.com,,AFN,,,SHIPMENT,MarketplaceFacilitator,Amazon,,1,USD,,,,0.45,FALSE,0.45,0,0,,,IL,,,140311790,CHICAGO,IL,US,,140310510,140310510,ShipTo,State,IL,,,,,,,,,,,,,0,0,Tax,Retailers'/Service Occupation and Use/Service Use Tax,Exempt,0.45,0
,,,,2024-06-27+19:35:02,2024-06-28+00:00,Amazon.com,,AFN,,,SHIPMENT,MarketplaceFacilitator,Amazon,,1,USD,,,,0.45,FALSE,0.45,,,,,IL,,,140311790,CHICAGO,IL,US,,140310510,140310510,ShipTo,City,CHICAGO,,,,,,,,,,,,,0,0,Tax,Local Sales and Use Tax,Exempt,0.45,0
,,,,2024-06-27+19:35:02,2024-06-28+00:00,Amazon.com,,AFN,,,SHIPMENT,MarketplaceFacilitator,Amazon,,1,USD,,,,0.45,FALSE,0.45,,,,,IL,,,140311790,CHICAGO,IL,US,,140310510,140310510,ShipTo,County,COOK,,,,,,,,,,,,,0,0,Tax,Local Sales and Use Tax,Exempt,0.45,0
,,,,2024-06-27+19:35:02,2024-06-28+00:00,Amazon.com,,AFN,,,SHIPMENT,MarketplaceFacilitator,Amazon,,1,USD,,,,0.45,FALSE,0.45,,,,,IL,,,140311790,CHICAGO,IL,US,,140310510,140310510,ShipTo,District,REGIONAL TRANSPORTATION AUTHORITY (COOK),,,,,,,,,,,,,0,0,Tax,Local Sales and Use Tax,Exempt,0.45,0
,,,,2024-06-27+23:42:34,2024-06-28+00:00,Amazon.com,,AFN,,,SHIPMENT,MarketplaceFacilitator,Amazon,,1,USD,,,,15.99,FALSE,15.99,0,1.32,,,KS,,,470590000,SIKESTON,MO,US,,262011190,262011190,ShipTo,State,MO,,,,,,,,,,,,,0.68,0.04225,Tax,Sales and Use Tax,Taxable,0,15.99
,,,,2024-06-27+23:42:34,2024-06-28+00:00,Amazon.com,,AFN,,,SHIPMENT,MarketplaceFacilitator,Amazon,,1,USD,,,,15.99,FALSE,15.99,,,,,KS,,,470590000,SIKESTON,MO,US,,262011190,262011190,ShipTo,City,SIKESTON,,,,,,,,,,,,,0.48,0.03,Tax,Local Sales and Use Tax,Taxable,0,15.99
,,,,2024-06-27+23:42:34,2024-06-28+00:00,Amazon.com,,AFN,,,SHIPMENT,MarketplaceFacilitator,Amazon,,1,USD,,,,15.99,FALSE,15.99,,,,,KS,,,470590000,SIKESTON,MO,US,,262011190,262011190,ShipTo,County,SCOTT,,,,,,,,,,,,,0.16,0.01,Tax,Local Sales and Use Tax,Taxable,0,15.99
,,,,2024-06-27+23:42:34,2024-06-28+00:00,Amazon.com,,AFN,,,SHIPMENT,MarketplaceFacilitator,Amazon,,1,USD,,,,15.99,FALSE,15.99,,,,,KS,,,470590000,SIKESTON,MO,US,,262011190,262011190,ShipTo,District,NOT APPLICABLE,,,,,,,,,,,,,0,0,Tax,,ZeroRated,15.99,0
,,,,2024-06-28+15:09:10,2024-06-28+00:00,Amazon.com,,AFN,,,SHIPMENT,MarketplaceFacilitator,Amazon,,1,USD,,,,15.99,FALSE,15.99,0,0.88,,,KS,,,172090440,DURAND,WI,US,,500912309,500912309,ShipTo,State,WI,,,,,,,,,,,,,0.8,0.05,Tax,General Sales and Use Tax,Taxable,0,15.99
,,,,2024-06-28+15:09:10,2024-06-28+00:00,Amazon.com,,AFN,,,SHIPMENT,MarketplaceFacilitator,Amazon,,1,USD,,,,15.99,FALSE,15.99,,,,,KS,,,172090440,DURAND,WI,US,,500912309,500912309,ShipTo,City,NOT APPLICABLE,,,,,,,,,,,,,0,0,Tax,,ZeroRated,15.99,0
,,,,2024-06-28+15:09:10,2024-06-28+00:00,Amazon.com,,AFN,,,SHIPMENT,MarketplaceFacilitator,Amazon,,1,USD,,,,15.99,FALSE,15.99,,,,,KS,,,172090440,DURAND,WI,US,,500912309,500912309,ShipTo,County,PEPIN,,,,,,,,,,,,,0.08,0.005,Tax,Local Sales and Use Tax,Taxable,0,15.99
,,,,2024-06-28+15:09:10,2024-06-28+00:00,Amazon.com,,AFN,,,SHIPMENT,MarketplaceFacilitator,Amazon,,1,USD,,,,15.99,FALSE,15.99,,,,,KS,,,172090440,DURAND,WI,US,,500912309,500912309,ShipTo,District,NOT APPLICABLE,,,,,,,,,,,,,0,0,Tax,,ZeroRated,15.99,0
,,,,2024-06-28+12:52:51,2024-06-28+00:00,Amazon.com,,AFN,,,SHIPMENT,MarketplaceFacilitator,Amazon,,1,USD,,,,15.99,FALSE,15.99,0,1.32,,,OK,,,370270550,Hondo,Texas,US,,443251430,443251430,ShipTo,State,TX,,,,,,,,,,,,,1,0.0625,Tax,Sales and Use Tax,Taxable,0,15.99
,,,,2024-06-28+12:52:51,2024-06-28+00:00,Amazon.com,,AFN,,,SHIPMENT,MarketplaceFacilitator,Amazon,,1,USD,,,,15.99,FALSE,15.99,,,,,OK,,,370270550,Hondo,Texas,US,,443251430,443251430,ShipTo,City,HONDO,,,,,,,,,,,,,0.24,0.015,Tax,Local Sales and Use Tax,Taxable,0,15.99
,,,,2024-06-28+12:52:51,2024-06-28+00:00,Amazon.com,,AFN,,,SHIPMENT,MarketplaceFacilitator,Amazon,,1,USD,,,,15.99,FALSE,15.99,,,,,OK,,,370270550,Hondo,Texas,US,,443251430,443251430,ShipTo,County,MEDINA,,,,,,,,,,,,,0.08,0.005,Tax,Local Sales and Use Tax,Taxable,0,15.99
,,,,2024-06-28+12:52:51,2024-06-28+00:00,Amazon.com,,AFN,,,SHIPMENT,MarketplaceFacilitator,Amazon,,1,USD,,,,15.99,FALSE,15.99,,,,,OK,,,370270550,Hondo,Texas,US,,443251430,443251430,ShipTo,District,NOT APPLICABLE,,,,,,,,,,,,,0,0,Tax,,ZeroRated,15.99,0
,,,,2024-06-28+15:05:34,2024-06-29+00:00,Amazon.com,,AFN,,,SHIPMENT,MarketplaceFacilitator,Amazon,,1,USD,,,,15.99,FALSE,15.99,0,1.31,,,WA,,,480330320,COLORADO SPRINGS,CO,US,,060410090,060410090,ShipTo,State,CO,,,,,,,,,,,,,0.46,0.029,Tax,Sales and Use Tax,Taxable,0,15.99
,,,,2024-06-28+15:05:34,2024-06-29+00:00,Amazon.com,,AFN,,,SHIPMENT,MarketplaceFacilitator,Amazon,,1,USD,,,,15.99,FALSE,15.99,,,,,WA,,,480330320,COLORADO SPRINGS,CO,US,,060410090,060410090,ShipTo,City,COLORADO SPRINGS,,,,,,,,,,,,,0.49,0.0307,Tax,Local Sales and Use Tax,Taxable,0,15.99
,,,,2024-06-28+15:05:34,2024-06-29+00:00,Amazon.com,,AFN,,,SHIPMENT,MarketplaceFacilitator,Amazon,,1,USD,,,,15.99,FALSE,15.99,,,,,WA,,,480330320,COLORADO SPRINGS,CO,US,,060410090,060410090,ShipTo,County,EL PASO,,,,,,,,,,,,,0.2,0.0123,Tax,Local Sales and Use Tax,Taxable,0,15.99
,,,,2024-06-28+15:05:34,2024-06-29+00:00,Amazon.com,,AFN,,,SHIPMENT,MarketplaceFacilitator,Amazon,,1,USD,,,,15.99,FALSE,15.99,,,,,WA,,,480330320,COLORADO SPRINGS,CO,US,,060410090,060410090,ShipTo,District,PIKES PEAK RURAL TRANSPORTATION AUTHORITY,,,,,,,,,,,,,0.16,0.01,Tax,Local Sales and Use Tax,Taxable,0,15.99
,,,,2024-06-28+22:26:13,2024-06-29+00:00,Amazon.com,,AFN,,,SHIPMENT,MarketplaceFacilitator,Amazon,,1,USD,,,,15.99,FALSE,15.99,0,1.64,,,CA,,,470590000,MONROVIA,CA,US,,050372120,050372120,ShipTo,State,CA,,,,,,,,,,,,,0.96,0.06,Tax,Sales and Use Tax,Taxable,0,15.99
,,,,2024-06-28+22:26:13,2024-06-29+00:00,Amazon.com,,AFN,,,SHIPMENT,MarketplaceFacilitator,Amazon,,1,USD,,,,15.99,FALSE,15.99,,,,,CA,,,470590000,MONROVIA,CA,US,,050372120,050372120,ShipTo,City,NOT APPLICABLE,,,,,,,,,,,,,0,0,Tax,,ZeroRated,15.99,0
,,,,2024-06-28+22:26:13,2024-06-29+00:00,Amazon.com,,AFN,,,SHIPMENT,MarketplaceFacilitator,Amazon,,1,USD,,,,15.99,FALSE,15.99,,,,,CA,,,470590000,MONROVIA,CA,US,,050372120,050372120,ShipTo,County,LOS ANGELES,,,,,,,,,,,,,0.2,0.0125,Tax,Local Sales and Use Tax,Taxable,0,15.99
,,,,2024-06-28+22:26:13,2024-06-29+00:00,Amazon.com,,AFN,,,SHIPMENT,MarketplaceFacilitator,Amazon,,1,USD,,,,15.99,FALSE,15.99,,,,,CA,,,470590000,MONROVIA,CA,US,,050372120,050372120,ShipTo,District,MEASURE H TRANSACTIONS AND USE TAX (LACH),,,,,,,,,,,,,0.04,0.0025,Tax,Local Sales and Use Tax,Taxable,0,15.99
,,,,2024-06-28+22:26:13,2024-06-29+00:00,Amazon.com,,AFN,,,SHIPMENT,MarketplaceFacilitator,Amazon,,1,USD,,,,15.99,FALSE,15.99,,,,,CA,,,470590000,MONROVIA,CA,US,,050372120,050372120,ShipTo,District,METROPOLITAN TRANSIT DISTRICT (LAMT),,,,,,,,,,,,,0.08,0.005,Tax,Local Sales and Use Tax,Taxable,0,15.99
,,,,2024-06-28+22:26:13,2024-06-29+00:00,Amazon.com,,AFN,,,SHIPMENT,MarketplaceFacilitator,Amazon,,1,USD,,,,15.99,FALSE,15.99,,,,,CA,,,470590000,MONROVIA,CA,US,,050372120,050372120,ShipTo,District,TRANSACTIONS AND USE TAX (LAMA),,,,,,,,,,,,,0.08,0.005,Tax,Local Sales and Use Tax,Taxable,0,15.99
,,,,2024-06-28+22:26:13,2024-06-29+00:00,Amazon.com,,AFN,,,SHIPMENT,MarketplaceFacilitator,Amazon,,1,USD,,,,15.99,FALSE,15.99,,,,,CA,,,470590000,MONROVIA,CA,US,,050372120,050372120,ShipTo,District,TRANSACTIONS AND USE TAX (MNRV),,,,,,,,,,,,,0.12,0.0075,Tax,Local Sales and Use Tax,Taxable,0,15.99
,,,,2024-06-28+22:26:13,2024-06-29+00:00,Amazon.com,,AFN,,,SHIPMENT,MarketplaceFacilitator,Amazon,,1,USD,,,,15.99,FALSE,15.99,,,,,CA,,,470590000,MONROVIA,CA,US,,050372120,050372120,ShipTo,District,TRANSIT DISTRICT (LACT),,,,,,,,,,,,,0.08,0.005,Tax,Local Sales and Use Tax,Taxable,0,15.99
,,,,2024-06-28+22:26:13,2024-06-29+00:00,Amazon.com,,AFN,,,SHIPMENT,MarketplaceFacilitator,Amazon,,1,USD,,,,15.99,FALSE,15.99,,,,,CA,,,470590000,MONROVIA,CA,US,,050372120,050372120,ShipTo,District,TRANSPORTATION COMMISSION (LATC),,,,,,,,,,,,,0.08,0.005,Tax,Local Sales and Use Tax,Taxable,0,15.99
,,,,2024-06-29+13:05:07,2024-06-29+00:00,Amazon.com,,AFN,,,SHIPMENT,MarketplaceFacilitator,Amazon,,1,USD,,,,15.99,FALSE,15.99,0,1.16,,,NC,,,341190170,CHARLOTTE,NC,US,,341190170,341190170,ShipTo,State,NC,,,,,,,,,,,,,0.76,0.0475,Tax,Sales and Use Tax,Taxable,0,15.99
,,,,2024-06-29+13:05:07,2024-06-29+00:00,Amazon.com,,AFN,,,SHIPMENT,MarketplaceFacilitator,Amazon,,1,USD,,,,15.99,FALSE,15.99,,,,,NC,,,341190170,CHARLOTTE,NC,US,,341190170,341190170,ShipTo,City,NOT APPLICABLE,,,,,,,,,,,,,0,0,Tax,,ZeroRated,15.99,0
,,,,2024-06-29+13:05:07,2024-06-29+00:00,Amazon.com,,AFN,,,SHIPMENT,MarketplaceFacilitator,Amazon,,1,USD,,,,15.99,FALSE,15.99,,,,,NC,,,341190170,CHARLOTTE,NC,US,,341190170,341190170,ShipTo,County,MECKLENBURG,,,,,,,,,,,,,0.32,0.02,Tax,Local Sales and Use Tax,Taxable,0,15.99
,,,,2024-06-29+13:05:07,2024-06-29+00:00,Amazon.com,,AFN,,,SHIPMENT,MarketplaceFacilitator,Amazon,,1,USD,,,,15.99,FALSE,15.99,,,,,NC,,,341190170,CHARLOTTE,NC,US,,341190170,341190170,ShipTo,District,PUBLIC TRANSPORTATION AUTHORITY,,,,,,,,,,,,,0.08,0.005,Tax,Local Sales and Use Tax,Taxable,0,15.99
,,,,2024-06-29+13:05:07,2024-06-29+00:00,Amazon.com,,AFN,,,SHIPMENT,MarketplaceFacilitator,Amazon,,1,USD,,,,1,FALSE,1,0,0,,,NC,,,341190170,CHARLOTTE,NC,US,,341190170,341190170,ShipTo,State,NC,,,Y,0,0,-1,PromotionIdAndCouponCode,0,,Self Funded,ReductionInTaxableBasis,,0,0.0475,Tax,Sales and Use Tax,Taxable,0,0
,,,,2024-06-29+13:05:07,2024-06-29+00:00,Amazon.com,,AFN,,,SHIPMENT,MarketplaceFacilitator,Amazon,,1,USD,,,,1,FALSE,1,,,,,NC,,,341190170,CHARLOTTE,NC,US,,341190170,341190170,ShipTo,City,NOT APPLICABLE,,,Y,0,0,-1,PromotionIdAndCouponCode,0,,Self Funded,ReductionInTaxableBasis,,0,0,Tax,,NonTaxable,0,0
,,,,2024-06-29+13:05:07,2024-06-29+00:00,Amazon.com,,AFN,,,SHIPMENT,MarketplaceFacilitator,Amazon,,1,USD,,,,1,FALSE,1,,,,,NC,,,341190170,CHARLOTTE,NC,US,,341190170,341190170,ShipTo,County,MECKLENBURG,,,Y,0,0,-1,PromotionIdAndCouponCode,0,,Self Funded,ReductionInTaxableBasis,,0,0.02,Tax,Local Sales and Use Tax,Taxable,0,0
,,,,2024-06-29+13:05:07,2024-06-29+00:00,Amazon.com,,AFN,,,SHIPMENT,MarketplaceFacilitator,Amazon,,1,USD,,,,1,FALSE,1,,,,,NC,,,341190170,CHARLOTTE,NC,US,,341190170,341190170,ShipTo,District,PUBLIC TRANSPORTATION AUTHORITY,,,Y,0,0,-1,PromotionIdAndCouponCode,0,,Self Funded,ReductionInTaxableBasis,,0,0.005,Tax,Local Sales and Use Tax,Taxable,0,0
,,,,2024-06-29+01:55:11,2024-06-29+00:00,Amazon.com,,AFN,,,SHIPMENT,MarketplaceFacilitator,Amazon,,1,USD,,,,14.99,FALSE,14.99,0,0.79,,,OH,,,360350780,LOVINGSTON,VA,US,,471250000,471250000,ShipTo,State,VA,,,,,,,,,,,,,0.64,0.043,Tax,Retail Sales and Use Tax,Taxable,0,14.99
,,,,2024-06-29+01:55:11,2024-06-29+00:00,Amazon.com,,AFN,,,SHIPMENT,MarketplaceFacilitator,Amazon,,1,USD,,,,14.99,FALSE,14.99,,,,,OH,,,360350780,LOVINGSTON,VA,US,,471250000,471250000,ShipTo,City,NOT APPLICABLE,,,,,,,,,,,,,0,0,Tax,,ZeroRated,14.99,0
,,,,2024-06-29+01:55:11,2024-06-29+00:00,Amazon.com,,AFN,,,SHIPMENT,MarketplaceFacilitator,Amazon,,1,USD,,,,14.99,FALSE,14.99,,,,,OH,,,360350780,LOVINGSTON,VA,US,,471250000,471250000,ShipTo,County,NELSON,,,,,,,,,,,,,0.15,0.01,Tax,Local Sales and Use Tax,Taxable,0,14.99
,,,,2024-06-29+01:55:11,2024-06-29+00:00,Amazon.com,,AFN,,,SHIPMENT,MarketplaceFacilitator,Amazon,,1,USD,,,,14.99,FALSE,14.99,,,,,OH,,,360350780,LOVINGSTON,VA,US,,471250000,471250000,ShipTo,District,NOT APPLICABLE,,,,,,,,,,,,,0,0,Tax,,ZeroRated,14.99,0
,,,,2024-06-29+10:46:44,2024-06-29+00:00,Amazon.com,,AFN,,,SHIPMENT,MarketplaceFacilitator,Amazon,,1,USD,,,,15.99,FALSE,15.99,0,1.32,,,CA,,,470590000,CHICO,CA,US,,050070580,050070580,ShipTo,State,CA,,,,,,,,,,,,,0.96,0.06,Tax,Sales and Use Tax,Taxable,0,15.99
,,,,2024-06-29+10:46:44,2024-06-29+00:00,Amazon.com,,AFN,,,SHIPMENT,MarketplaceFacilitator,Amazon,,1,USD,,,,15.99,FALSE,15.99,,,,,CA,,,470590000,CHICO,CA,US,,050070580,050070580,ShipTo,City,NOT APPLICABLE,,,,,,,,,,,,,0,0,Tax,,ZeroRated,15.99,0
,,,,2024-06-29+10:46:44,2024-06-29+00:00,Amazon.com,,AFN,,,SHIPMENT,MarketplaceFacilitator,Amazon,,1,USD,,,,15.99,FALSE,15.99,,,,,CA,,,470590000,CHICO,CA,US,,050070580,050070580,ShipTo,County,BUTTE,,,,,,,,,,,,,0.2,0.0125,Tax,Local Sales and Use Tax,Taxable,0,15.99
,,,,2024-06-29+10:46:44,2024-06-29+00:00,Amazon.com,,AFN,,,SHIPMENT,MarketplaceFacilitator,Amazon,,1,USD,,,,15.99,FALSE,15.99,,,,,CA,,,470590000,CHICO,CA,US,,050070580,050070580,ShipTo,District,CHICO TRANSACTIONS AND USE TAX 2023 (A09),,,,,,,,,,,,,0.16,0.01,Tax,Local Sales and Use Tax,Taxable,0,15.99
,,,,2024-06-29+15:52:04,2024-06-30+00:00,Amazon.com,,AFN,,,SHIPMENT,MarketplaceFacilitator,Amazon,,1,USD,,,,15.99,FALSE,15.99,0,1,,,MA,,,220093590,MALDEN,MA,US,,220170480,220170480,ShipTo,State,MA,,,,,,,,,,,,,1,0.0625,Tax,Sales and Use Tax,Taxable,0,15.99
,,,,2024-06-29+15:52:04,2024-06-30+00:00,Amazon.com,,AFN,,,SHIPMENT,MarketplaceFacilitator,Amazon,,1,USD,,,,15.99,FALSE,15.99,,,,,MA,,,220093590,MALDEN,MA,US,,220170480,220170480,ShipTo,City,NOT APPLICABLE,,,,,,,,,,,,,0,0,Tax,,ZeroRated,15.99,0
,,,,2024-06-29+15:52:04,2024-06-30+00:00,Amazon.com,,AFN,,,SHIPMENT,MarketplaceFacilitator,Amazon,,1,USD,,,,15.99,FALSE,15.99,,,,,MA,,,220093590,MALDEN,MA,US,,220170480,220170480,ShipTo,County,NOT APPLICABLE,,,,,,,,,,,,,0,0,Tax,,ZeroRated,15.99,0
,,,,2024-06-29+15:52:04,2024-06-30+00:00,Amazon.com,,AFN,,,SHIPMENT,MarketplaceFacilitator,Amazon,,1,USD,,,,15.99,FALSE,15.99,,,,,MA,,,220093590,MALDEN,MA,US,,220170480,220170480,ShipTo,District,NOT APPLICABLE,,,,,,,,,,,,,0,0,Tax,,ZeroRated,15.99,0
,,,,2024-06-28+18:06:31,2024-06-30+00:00,Amazon.com,,AFN,,,SHIPMENT,MarketplaceFacilitator,Amazon,,1,USD,,,,0.82,FALSE,0.82,0,0,,,NV,,,290030090,LAS VEGAS,NV,US,,290030000,290030000,ShipTo,State,NV,,,Y,0,0,-0.82,PromotionIdAndCouponCode,0,,Self Funded,ReductionInTaxableBasis,,0,0.046,Tax,Sales and Use Tax,Taxable,0,0
,,,,2024-06-28+18:06:31,2024-06-30+00:00,Amazon.com,,AFN,,,SHIPMENT,MarketplaceFacilitator,Amazon,,1,USD,,,,0.82,FALSE,0.82,,,,,NV,,,290030090,LAS VEGAS,NV,US,,290030000,290030000,ShipTo,City,NOT APPLICABLE,,,Y,0,0,-0.82,PromotionIdAndCouponCode,0,,Self Funded,ReductionInTaxableBasis,,0,0,Tax,,NonTaxable,0,0
,,,,2024-06-28+18:06:31,2024-06-30+00:00,Amazon.com,,AFN,,,SHIPMENT,MarketplaceFacilitator,Amazon,,1,USD,,,,0.82,FALSE,0.82,,,,,NV,,,290030090,LAS VEGAS,NV,US,,290030000,290030000,ShipTo,County,CLARK,,,Y,0,0,-0.82,PromotionIdAndCouponCode,0,,Self Funded,ReductionInTaxableBasis,,0,0.03775,Tax,Local Sales and Use Tax,Taxable,0,0
,,,,2024-06-28+18:06:31,2024-06-30+00:00,Amazon.com,,AFN,,,SHIPMENT,MarketplaceFacilitator,Amazon,,1,USD,,,,0.82,FALSE,0.82,,,,,NV,,,290030090,LAS VEGAS,NV,US,,290030000,290030000,ShipTo,District,NOT APPLICABLE,,,Y,0,0,-0.82,PromotionIdAndCouponCode,0,,Self Funded,ReductionInTaxableBasis,,0,0,Tax,,NonTaxable,0,0
,,,,2024-06-28+18:06:31,2024-06-30+00:00,Amazon.com,,AFN,,,SHIPMENT,MarketplaceFacilitator,Amazon,,1,USD,,,,15.99,FALSE,15.99,0,1.34,,,NV,,,290030090,LAS VEGAS,NV,US,,290030000,290030000,ShipTo,State,NV,,,,,,,,,,,,,0.74,0.046,Tax,Sales and Use Tax,Taxable,0,15.99
,,,,2024-06-28+18:06:31,2024-06-30+00:00,Amazon.com,,AFN,,,SHIPMENT,MarketplaceFacilitator,Amazon,,1,USD,,,,15.99,FALSE,15.99,,,,,NV,,,290030090,LAS VEGAS,NV,US,,290030000,290030000,ShipTo,City,NOT APPLICABLE,,,,,,,,,,,,,0,0,Tax,,ZeroRated,15.99,0
,,,,2024-06-28+18:06:31,2024-06-30+00:00,Amazon.com,,AFN,,,SHIPMENT,MarketplaceFacilitator,Amazon,,1,USD,,,,15.99,FALSE,15.99,,,,,NV,,,290030090,LAS VEGAS,NV,US,,290030000,290030000,ShipTo,County,CLARK,,,,,,,,,,,,,0.6,0.03775,Tax,Local Sales and Use Tax,Taxable,0,15.99
,,,,2024-06-28+18:06:31,2024-06-30+00:00,Amazon.com,,AFN,,,SHIPMENT,MarketplaceFacilitator,Amazon,,1,USD,,,,15.99,FALSE,15.99,,,,,NV,,,290030090,LAS VEGAS,NV,US,,290030000,290030000,ShipTo,District,NOT APPLICABLE,,,,,,,,,,,,,0,0,Tax,,ZeroRated,15.99,0
,,,,2024-06-30+03:37:44,2024-06-30+00:00,Amazon.com,,AFN,,,SHIPMENT,MarketplaceFacilitator,Amazon,,1,USD,,,,1.5,FALSE,1.5,0,0,,,WA,,,480330320,ISSAQUAH,WA,US,,480332364,480332364,ShipTo,State,WA,,,Y,0,0,-1.5,PromotionIdAndCouponCode,0,,Self Funded,ReductionInTaxableBasis,,0,0.065,Tax,Retail Sales and Use Tax,Taxable,0,0
,,,,2024-06-30+03:37:44,2024-06-30+00:00,Amazon.com,,AFN,,,SHIPMENT,MarketplaceFacilitator,Amazon,,1,USD,,,,1.5,FALSE,1.5,,,,,WA,,,480330320,ISSAQUAH,WA,US,,480332364,480332364,ShipTo,City,SAMMAMISH,,,Y,0,0,-1.5,PromotionIdAndCouponCode,0,,Self Funded,ReductionInTaxableBasis,,0,0.023,Tax,Local Sales and Use Tax,Taxable,0,0
,,,,2024-06-30+03:37:44,2024-06-30+00:00,Amazon.com,,AFN,,,SHIPMENT,MarketplaceFacilitator,Amazon,,1,USD,,,,1.5,FALSE,1.5,,,,,WA,,,480330320,ISSAQUAH,WA,US,,480332364,480332364,ShipTo,County,KING,,,Y,0,0,-1.5,PromotionIdAndCouponCode,0,,Self Funded,ReductionInTaxableBasis,,0,0,Tax,Local Sales and Use Tax,NonTaxable,0,0
,,,,2024-06-30+03:37:44,2024-06-30+00:00,Amazon.com,,AFN,,,SHIPMENT,MarketplaceFacilitator,Amazon,,1,USD,,,,1.5,FALSE,1.5,,,,,WA,,,480330320,ISSAQUAH,WA,US,,480332364,480332364,ShipTo,District,REGIONAL TRANSIT AUTHORITY,,,Y,0,0,-1.5,PromotionIdAndCouponCode,0,,Self Funded,ReductionInTaxableBasis,,0,0.014,Tax,Local Sales and Use Tax,Taxable,0,0
,,,,2024-06-30+03:37:44,2024-06-30+00:00,Amazon.com,,AFN,,,SHIPMENT,MarketplaceFacilitator,Amazon,,1,USD,,,,15.99,FALSE,15.99,0,1.63,,,WA,,,480330320,ISSAQUAH,WA,US,,480332364,480332364,ShipTo,State,WA,,,,,,,,,,,,,1.04,0.065,Tax,Retail Sales and Use Tax,Taxable,0,15.99
,,,,2024-06-30+03:37:44,2024-06-30+00:00,Amazon.com,,AFN,,,SHIPMENT,MarketplaceFacilitator,Amazon,,1,USD,,,,15.99,FALSE,15.99,,,,,WA,,,480330320,ISSAQUAH,WA,US,,480332364,480332364,ShipTo,City,SAMMAMISH,,,,,,,,,,,,,0.37,0.023,Tax,Local Sales and Use Tax,Taxable,0,15.99
,,,,2024-06-30+03:37:44,2024-06-30+00:00,Amazon.com,,AFN,,,SHIPMENT,MarketplaceFacilitator,Amazon,,1,USD,,,,15.99,FALSE,15.99,,,,,WA,,,480330320,ISSAQUAH,WA,US,,480332364,480332364,ShipTo,County,KING,,,,,,,,,,,,,0,0,Tax,Local Sales and Use Tax,NonTaxable,15.99,0
,,,,2024-06-30+03:37:44,2024-06-30+00:00,Amazon.com,,AFN,,,SHIPMENT,MarketplaceFacilitator,Amazon,,1,USD,,,,15.99,FALSE,15.99,,,,,WA,,,480330320,ISSAQUAH,WA,US,,480332364,480332364,ShipTo,District,REGIONAL TRANSIT AUTHORITY,,,,,,,,,,,,,0.22,0.014,Tax,Local Sales and Use Tax,Taxable,0,15.99
,,,,2024-06-30+16:32:04,2024-06-30+00:00,Amazon.com,,AFN,,,SHIPMENT,MarketplaceFacilitator,Amazon,,1,USD,,,,15.99,FALSE,15.99,0,1.24,,,CA,,,470590000,SAN DIEGO,CA,US,,050733020,050733020,ShipTo,State,CA,,,,,,,,,,,,,0.96,0.06,Tax,Sales and Use Tax,Taxable,0,15.99
,,,,2024-06-30+16:32:04,2024-06-30+00:00,Amazon.com,,AFN,,,SHIPMENT,MarketplaceFacilitator,Amazon,,1,USD,,,,15.99,FALSE,15.99,,,,,CA,,,470590000,SAN DIEGO,CA,US,,050733020,050733020,ShipTo,City,NOT APPLICABLE,,,,,,,,,,,,,0,0,Tax,,ZeroRated,15.99,0
,,,,2024-06-30+16:32:04,2024-06-30+00:00,Amazon.com,,AFN,,,SHIPMENT,MarketplaceFacilitator,Amazon,,1,USD,,,,15.99,FALSE,15.99,,,,,CA,,,470590000,SAN DIEGO,CA,US,,050733020,050733020,ShipTo,County,SAN DIEGO,,,,,,,,,,,,,0.2,0.0125,Tax,Local Sales and Use Tax,Taxable,0,15.99
,,,,2024-06-30+16:32:04,2024-06-30+00:00,Amazon.com,,AFN,,,SHIPMENT,MarketplaceFacilitator,Amazon,,1,USD,,,,15.99,FALSE,15.99,,,,,CA,,,470590000,SAN DIEGO,CA,US,,050733020,050733020,ShipTo,District,REGIONAL TRANSPORTATION COMMISSION (SDCT),,,,,,,,,,,,,0.08,0.005,Tax,Local Sales and Use Tax,Taxable,0,15.99
,,,,2024-06-30+15:54:50,2024-06-30+00:00,Amazon.com,,AFN,,,SHIPMENT,MarketplaceFacilitator,Amazon,,1,USD,,,,15.99,FALSE,15.99,0,1.24,,,CA,,,470590000,SAN DIEGO,CA,US,,050733020,050733020,ShipTo,State,CA,,,,,,,,,,,,,0.96,0.06,Tax,Sales and Use Tax,Taxable,0,15.99
,,,,2024-06-30+15:54:50,2024-06-30+00:00,Amazon.com,,AFN,,,SHIPMENT,MarketplaceFacilitator,Amazon,,1,USD,,,,15.99,FALSE,15.99,,,,,CA,,,470590000,SAN DIEGO,CA,US,,050733020,050733020,ShipTo,City,NOT APPLICABLE,,,,,,,,,,,,,0,0,Tax,,ZeroRated,15.99,0
,,,,2024-06-30+15:54:50,2024-06-30+00:00,Amazon.com,,AFN,,,SHIPMENT,MarketplaceFacilitator,Amazon,,1,USD,,,,15.99,FALSE,15.99,,,,,CA,,,470590000,SAN DIEGO,CA,US,,050733020,050733020,ShipTo,County,SAN DIEGO,,,,,,,,,,,,,0.2,0.0125,Tax,Local Sales and Use Tax,Taxable,0,15.99
,,,,2024-06-30+15:54:50,2024-06-30+00:00,Amazon.com,,AFN,,,SHIPMENT,MarketplaceFacilitator,Amazon,,1,USD,,,,15.99,FALSE,15.99,,,,,CA,,,470590000,SAN DIEGO,CA,US,,050733020,050733020,ShipTo,District,REGIONAL TRANSPORTATION COMMISSION (SDCT),,,,,,,,,,,,,0.08,0.005,Tax,Local Sales and Use Tax,Taxable,0,15.99
,,,,2024-06-30+21:45:15,2024-07-01+00:00,Amazon.com,,AFN,,,SHIPMENT,MarketplaceFacilitator,Amazon,,1,USD,,,,15.99,FALSE,15.99,0,1.49,,,OR,,,380511181,LAKE STEVENS,WA,US,,480611994,480611994,ShipTo,State,WA,,,,,,,,,,,,,1.05,0.065,Tax,Retail Sales and Use Tax,Taxable,0,15.99
,,,,2024-06-30+21:45:15,2024-07-01+00:00,Amazon.com,,AFN,,,SHIPMENT,MarketplaceFacilitator,Amazon,,1,USD,,,,15.99,FALSE,15.99,,,,,OR,,,380511181,LAKE STEVENS,WA,US,,480611994,480611994,ShipTo,City,LAKE STEVENS,,,,,,,,,,,,,0.22,0.014,Tax,Local Sales and Use Tax,Taxable,0,15.99
,,,,2024-06-30+21:45:15,2024-07-01+00:00,Amazon.com,,AFN,,,SHIPMENT,MarketplaceFacilitator,Amazon,,1,USD,,,,15.99,FALSE,15.99,,,,,OR,,,380511181,LAKE STEVENS,WA,US,,480611994,480611994,ShipTo,County,SNOHOMISH,,,,,,,,,,,,,0,0,Tax,Local Sales and Use Tax,NonTaxable,15.99,0
,,,,2024-06-30+21:45:15,2024-07-01+00:00,Amazon.com,,AFN,,,SHIPMENT,MarketplaceFacilitator,Amazon,,1,USD,,,,15.99,FALSE,15.99,,,,,OR,,,380511181,LAKE STEVENS,WA,US,,480611994,480611994,ShipTo,District,LAKE STEVENS TRANSPORTATION BENEFIT DISTRICT,,,,,,,,,,,,,0.03,0.002,Tax,Local Sales and Use Tax,Taxable,0,15.99
,,,,2024-06-30+21:45:15,2024-07-01+00:00,Amazon.com,,AFN,,,SHIPMENT,MarketplaceFacilitator,Amazon,,1,USD,,,,15.99,FALSE,15.99,,,,,OR,,,380511181,LAKE STEVENS,WA,US,,480611994,480611994,ShipTo,District,PUBLIC TRANSPORTATION BENEFIT AREA,,,,,,,,,,,,,0.19,0.012,Tax,Local Sales and Use Tax,Taxable,0,15.99
,,,,2024-07-01+02:17:33,2024-07-01+00:00,Amazon.com,,AFN,,,SHIPMENT,MarketplaceFacilitator,Amazon,,1,USD,,,,15.99,FALSE,15.99,0,1.32,,,TX,,,441130760,MANSFIELD,TX,US,,444391035,444391035,ShipTo,State,TX,,,,,,,,,,,,,1,0.0625,Tax,Sales and Use Tax,Taxable,0,15.99
,,,,2024-07-01+02:17:33,2024-07-01+00:00,Amazon.com,,AFN,,,SHIPMENT,MarketplaceFacilitator,Amazon,,1,USD,,,,15.99,FALSE,15.99,,,,,TX,,,441130760,MANSFIELD,TX,US,,444391035,444391035,ShipTo,City,MANSFIELD,,,,,,,,,,,,,0.32,0.02,Tax,Local Sales and Use Tax,Taxable,0,15.99
,,,,2024-07-01+02:17:33,2024-07-01+00:00,Amazon.com,,AFN,,,SHIPMENT,MarketplaceFacilitator,Amazon,,1,USD,,,,15.99,FALSE,15.99,,,,,TX,,,441130760,MANSFIELD,TX,US,,444391035,444391035,ShipTo,County,NOT APPLICABLE,,,,,,,,,,,,,0,0,Tax,,ZeroRated,15.99,0
,,,,2024-07-01+02:17:33,2024-07-01+00:00,Amazon.com,,AFN,,,SHIPMENT,MarketplaceFacilitator,Amazon,,1,USD,,,,15.99,FALSE,15.99,,,,,TX,,,441130760,MANSFIELD,TX,US,,444391035,444391035,ShipTo,District,NOT APPLICABLE,,,,,,,,,,,,,0,0,Tax,,ZeroRated,15.99,0
,,,,2024-07-01+02:17:33,2024-07-01+00:00,Amazon.com,,AFN,,,SHIPMENT,MarketplaceFacilitator,Amazon,,1,USD,,,,1.5,FALSE,1.5,0,0,,,TX,,,441130760,MANSFIELD,TX,US,,444391035,444391035,ShipTo,State,TX,,,Y,0,0,-1.5,PromotionIdAndCouponCode,0,,Self Funded,ReductionInTaxableBasis,,0,0.0625,Tax,Sales and Use Tax,Taxable,0,0
,,,,2024-07-01+02:17:33,2024-07-01+00:00,Amazon.com,,AFN,,,SHIPMENT,MarketplaceFacilitator,Amazon,,1,USD,,,,1.5,FALSE,1.5,,,,,TX,,,441130760,MANSFIELD,TX,US,,444391035,444391035,ShipTo,City,MANSFIELD,,,Y,0,0,-1.5,PromotionIdAndCouponCode,0,,Self Funded,ReductionInTaxableBasis,,0,0.02,Tax,Local Sales and Use Tax,Taxable,0,0
,,,,2024-07-01+02:17:33,2024-07-01+00:00,Amazon.com,,AFN,,,SHIPMENT,MarketplaceFacilitator,Amazon,,1,USD,,,,1.5,FALSE,1.5,,,,,TX,,,441130760,MANSFIELD,TX,US,,444391035,444391035,ShipTo,County,NOT APPLICABLE,,,Y,0,0,-1.5,PromotionIdAndCouponCode,0,,Self Funded,ReductionInTaxableBasis,,0,0,Tax,,NonTaxable,0,0
,,,,2024-07-01+02:17:33,2024-07-01+00:00,Amazon.com,,AFN,,,SHIPMENT,MarketplaceFacilitator,Amazon,,1,USD,,,,1.5,FALSE,1.5,,,,,TX,,,441130760,MANSFIELD,TX,US,,444391035,444391035,ShipTo,District,NOT APPLICABLE,,,Y,0,0,-1.5,PromotionIdAndCouponCode,0,,Self Funded,ReductionInTaxableBasis,,0,0,Tax,,NonTaxable,0,0